aborh,Run,AGE,age_units,agvhd_gut,agvhd_organ,agvhd_severity,anc_engrafment,Assay Type,BioProject,BioSample,blood_type_donor1,blood_type_donor2,BMI,body_habitat,body_product,body_site,Bytes,center_name (exp),Center Name,center_project_name (exp),chemotherapy_regimen,cmv_status,collection_timestamp,conditioning_intensity,Consent,cyclosporine,cytogenetics,DATASTORE filetype,DATASTORE provider,DATASTORE region,days_at_relapse,days_to_anc_engrafment,days_to_platelet_engrafment,deceased,disease,disease_status_at_transplant,dna_extracted,donor1_cmv_status,donor1_match,donor1_sex,donor2_cmv_status,donor2_match,donor2_sex,donor_id,donor_or_patient,donor_source,donor_type,elevation,ENA-FIRST-PUBLIC (run),ENA_first_public,ENA-LAST-UPDATE (run),ena_last_update,env_biome,env_feature,env_material,env_package,etiology_of_death,Experiment,external_id,geo_loc_name_country,geo_loc_name_country_continent,geo_loc_name,haplotype,host_common_name,host_scientific_name,host_subject_id,host_taxid,infection_details,infection_prior_to_transplant,INSDC_center_alias,INSDC_center_name,INSDC_first_public,INSDC_last_update,INSDC_status,Instrument,latitude,Library Name,LibraryLayout,LibrarySelection,LibrarySource,longitude,methotrexate,mmf,Organism,pb_cd3_1_year,pb_cd3_day_100,pb_cd3_day_180,pb_cd3_day_30,pb_unfx_1_year,pb_unfx_day_100,pb_unfx_day_180,pb_unfx_day_30,pcr_primers (exp),physical_specimen_location,physical_specimen_remaining,platelet_engrafment,Platform,primer (exp),race,relapsed,ReleaseDate,right_censor_time,run_center (exp),run_date (exp),run_prefix (exp),sample_center (exp),Sample Name,Sample_name,sample_type,sequencing_meth (exp),sex,sirolimus,SRA Study,Submitter_Id,tacrolimus,target_gene (exp),target_subfragment (exp),time_to_agvhd,time_to_cgvhd,time_to_death,create_date,version,other_viruses,infection_duringafter_transplant,gi_history_details,AvgSpotLen,Bases,cgvhd_severity
A+,ERR1688152,Missing: Not collected,years,Missing: Not applicable,Missing: Not applicable,Missing: Not applicable,Missing: Not applicable,OTHER,PRJEB16057,SAMEA4506927,Missing: Not applicable,Missing: Not applicable,Missing: Not collected,UBERON:feces,UBERON:feces,UBERON:feces,59941196,"Daniel Frank Laboratory, University of Colorado, Anschutz",UNIVERSITY OF CALIFORNIA SAN DIEGO MICROBIOME INIT,Stem cell,Missing: Not applicable,negative,Missing: Restricted access,Missing: Not applicable,public,Missing: Not applicable,Missing: Not applicable,"sra,run.zq,fastq","gs,s3,ncbi,ena","gs.us-east1,s3.us-east-1,ena,ncbi.public",Missing: Not applicable,Missing: Not applicable,Missing: Not applicable,Missing: Not applicable,Missing: Not applicable,Missing: Not applicable,TRUE,Missing: Not applicable,Missing: not applicable,Missing: Not applicable,Missing: Not applicable,Missing: not applicable,Missing: Not applicable,Missing: Not applicable,Donor,Missing: Not applicable,Missing: Not applicable,1564,2016-10-14,2016-10-14,2018-11-16,2016-10-14,urban biome,human-associated habitat,feces,human-gut,Missing: Not applicable,ERX1757769,SAMEA4506927,USA,North America,USA:CO,"A3/29, B44/44, C2/16, DR1/7, DQ2/5",human,Homo sapiens,0QP6NJCM,9606,Missing: Not collected,Missing: Not collected,UCSDMI,University of California San Diego Microbiome Initiative,2016-10-14T17:01:47Z,2016-10-14T01:31:42Z,public,Illumina MiSeq,39.76,10564.0QP6NJCM,SINGLE,PCR,METAGENOMIC,-104.88,Missing: Not applicable,Missing: Not applicable,human gut metagenome,Missing: Not applicable,Missing: Not applicable,Missing: Not applicable,Missing: Not applicable,Missing: Not applicable,Missing: Not applicable,Missing: Not applicable,Missing: Not applicable,FWD:GTGCCAGCMGCCGCGGTAA; REV:GGACTACHVGGGTWTCTAAT,"University of Colorado, Anschutz",FALSE,Missing: Not applicable,ILLUMINA,GTGCCAGCMGCCGCGGTAA,Missing: Not collected,Missing: Not applicable,2016-10-18T00:00:00Z,Missing: Not applicable,"Daniel Frank Laboratory, University of Colorado, Anschutz",2015,0QP6NJCM-R2,UC-Anschutz,SAMEA4506927,qiita_sid_10564:10564.0QP6NJCM,stool,sequencing by synthesis,male,Missing: Not applicable,ERP017899,qiita_sid_10564:10564.0QP6NJCM,Missing: Not applicable,16S rRNA,V4,Missing: Not applicable,Missing: Not applicable,Missing: Not applicable,2016-10-18T16:36:00Z,1,Missing: not collected,Missing: Not applicable,Missing: Not collected,300,100791512,Missing: Not applicable
O+,ERR1688153,Missing: Not collected,years,Missing: Not applicable,Missing: Not applicable,Missing: Not applicable,Missing: Not applicable,OTHER,PRJEB16057,SAMEA4506928,Missing: Not applicable,Missing: Not applicable,Missing: Not collected,UBERON:feces,UBERON:feces,UBERON:feces,43600752,"Daniel Frank Laboratory, University of Colorado, Anschutz",UNIVERSITY OF CALIFORNIA SAN DIEGO MICROBIOME INIT,Stem cell,Missing: Not applicable,positive,Missing: Restricted access,Missing: Not applicable,public,Missing: Not applicable,Missing: Not applicable,"sra,run.zq,fastq","ena,s3,gs,ncbi","s3.us-east-1,ena,ncbi.public,gs.us-east1",Missing: Not applicable,Missing: Not applicable,Missing: Not applicable,Missing: Not applicable,Missing: Not applicable,Missing: Not applicable,TRUE,Missing: Not applicable,Missing: not applicable,Missing: Not applicable,Missing: Not applicable,Missing: not applicable,Missing: Not applicable,Missing: Not applicable,Donor,Missing: Not applicable,Missing: Not applicable,1564,2016-10-14,2016-10-14,2018-11-16,2016-10-14,urban biome,human-associated habitat,feces,human-gut,Missing: Not applicable,ERX1757770,SAMEA4506928,USA,North America,USA:CO,"A1/2, B18/57, C6/12, DR7/11, DQ3/3",human,Homo sapiens,0WRD31TT,9606,Missing: Not collected,Missing: Not collected,UCSDMI,University of California San Diego Microbiome Initiative,2016-10-14T17:01:47Z,2016-10-14T01:31:42Z,public,Illumina MiSeq,39.76,10564.0WRD31TT,SINGLE,PCR,METAGENOMIC,-104.88,Missing: Not applicable,Missing: Not applicable,human gut metagenome,Missing: Not applicable,Missing: Not applicable,Missing: Not applicable,Missing: Not applicable,Missing: Not applicable,Missing: Not applicable,Missing: Not applicable,Missing: Not applicable,FWD:GTGCCAGCMGCCGCGGTAA; REV:GGACTACHVGGGTWTCTAAT,"University of Colorado, Anschutz",FALSE,Missing: Not applicable,ILLUMINA,GTGCCAGCMGCCGCGGTAA,Missing: Not collected,Missing: Not applicable,2016-10-18T00:00:00Z,Missing: Not applicable,"Daniel Frank Laboratory, University of Colorado, Anschutz",2015,0WRD31TT-R2,UC-Anschutz,SAMEA4506928,qiita_sid_10564:10564.0WRD31TT,stool,sequencing by synthesis,male,Missing: Not applicable,ERP017899,qiita_sid_10564:10564.0WRD31TT,Missing: Not applicable,16S rRNA,V4,Missing: Not applicable,Missing: Not applicable,Missing: Not applicable,2016-10-18T16:36:00Z,1,Missing: not collected,Missing: Not applicable,Missing: Not collected,300,70586592,Missing: Not applicable
B+,ERR1688154,40,years,negative,None documented,no,yes,OTHER,PRJEB16057,SAMEA4506929,B+,Missing: Not applicable,26,UBERON:feces,UBERON:feces,UBERON:feces,38000963,"Daniel Frank Laboratory, University of Colorado, Anschutz",UNIVERSITY OF CALIFORNIA SAN DIEGO MICROBIOME INIT,Stem cell,Flu/Mel,positive,Missing: Restricted access,Intermediate intensity,public,no,normal,"fastq,sra,run.zq","ncbi,ena,s3,gs","ncbi.public,s3.us-east-1,ena,gs.us-east1",Missing: Not applicable,15,13,0,TCL,remission,TRUE,positive,10/10,female,Missing: Not applicable,Missing: not applicable,Missing: Not applicable,HYEURJVG,Patient,pbsc,related,1564,2016-10-14,2016-10-14,2018-11-16,2016-10-14,urban biome,human-associated habitat,feces,human-gut,Missing: Not applicable,ERX1757771,SAMEA4506929,USA,North America,USA:CO,"A1/24, B35/51, C8/15, DR4/12, DQ3/4",human,Homo sapiens,0XZCQSPH,9606,Missing: Not applicable,no,UCSDMI,University of California San Diego Microbiome Initiative,2016-10-14T17:01:47Z,2016-10-14T01:31:42Z,public,Illumina MiSeq,39.76,10564.0XZCQSPH,SINGLE,PCR,METAGENOMIC,-104.88,yes,no,human gut metagenome,Missing: Not collected,100,Missing: Not collected,100,Missing: Not applicable,100,Missing: Not applicable,100,FWD:GTGCCAGCMGCCGCGGTAA; REV:GGACTACHVGGGTWTCTAAT,"University of Colorado, Anschutz",FALSE,yes,ILLUMINA,GTGCCAGCMGCCGCGGTAA,asian,no,2016-10-18T00:00:00Z,180,"Daniel Frank Laboratory, University of Colorado, Anschutz",2015,0XZCQSPH-R2,UC-Anschutz,SAMEA4506929,qiita_sid_10564:10564.0XZCQSPH,stool,sequencing by synthesis,male,no,ERP017899,qiita_sid_10564:10564.0XZCQSPH,yes,16S rRNA,V4,Missing: Not applicable,Missing: Not applicable,Missing: Not applicable,2016-10-18T16:36:00Z,1,VZV,,partial small bowel resection for obstruction,300,61287061,
O+,ERR1688155,61,years,negative,"skin, oral",Grade II,yes,OTHER,PRJEB16057,SAMEA4506930,O+,Missing: Not applicable,31,UBERON:feces,UBERON:feces,UBERON:feces,48093112,"Daniel Frank Laboratory, University of Colorado, Anschutz",UNIVERSITY OF CALIFORNIA SAN DIEGO MICROBIOME INIT,Stem cell,Flu/Mel,positive,Missing: Restricted access,Intermediate intensity,public,no,normal,"sra,fastq,run.zq","gs,ena,ncbi,s3","ncbi.public,ena,gs.us-east1,s3.us-east-1",Missing: Not applicable,15,11,0,AML,remission,TRUE,positive,10/10,female,Missing: Not applicable,Missing: not applicable,Missing: Not applicable,FIU1JONN,Patient,pbsc,related,1564,2016-10-14,2016-10-14,2018-11-16,2016-10-14,urban biome,human-associated habitat,feces,human-gut,Missing: Not applicable,ERX1757772,SAMEA4506930,USA,North America,USA:CO,"A1/2, B7/8, C7/7, DR1/3, DQ2/5",human,Homo sapiens,1AIL9FDX,9606,Missing: Not applicable,no,UCSDMI,University of California San Diego Microbiome Initiative,2016-10-14T17:01:47Z,2016-10-14T01:31:43Z,public,Illumina MiSeq,39.76,10564.1AIL9FDX,SINGLE,PCR,METAGENOMIC,-104.88,yes,no,human gut metagenome,Missing: Not collected,100,100,100,Missing: Not applicable,100,100,100,FWD:GTGCCAGCMGCCGCGGTAA; REV:GGACTACHVGGGTWTCTAAT,"University of Colorado, Anschutz",FALSE,yes,ILLUMINA,GTGCCAGCMGCCGCGGTAA,white,no,2016-10-18T00:00:00Z,365,"Daniel Frank Laboratory, University of Colorado, Anschutz",2015,1AIL9FDX-R2,UC-Anschutz,SAMEA4506930,qiita_sid_10564:10564.1AIL9FDX,stool,sequencing by synthesis,female,no,ERP017899,qiita_sid_10564:10564.1AIL9FDX,yes,16S rRNA,V4,28,28,Missing: Not applicable,2016-10-18T16:36:00Z,1,"VZV, HSV",,"appendectomy, GERD",300,80501804,Stage 1
A+,ERR1688156,51,years,positive,upper gut,Grade II,yes,OTHER,PRJEB16057,SAMEA4506931,A+,A+,34,UBERON:feces,UBERON:feces,UBERON:feces,55410418,"Daniel Frank Laboratory, University of Colorado, Anschutz",UNIVERSITY OF CALIFORNIA SAN DIEGO MICROBIOME INIT,Stem cell,Flu/Cy/Thio/TBI,positive,Missing: Restricted access,Intermediate intensity,public,yes,normal,"run.zq,sra,fastq","ncbi,gs,s3,ena","gs.us-east1,ncbi.public,s3.us-east-1,ena",Missing: Not applicable,21,27,0,NHL,remission,TRUE,positive,8/10,female,negative,7/8,male,Missing: Not applicable,Patient,cord+cord,cord,1564,2016-10-14,2016-10-14,2018-11-16,2016-10-14,urban biome,human-associated habitat,feces,human-gut,Missing: Not applicable,ERX1757773,SAMEA4506931,USA,North America,USA:CO,"A1/2, B7/7, C7/7, DR8/15, DQ4/6",human,Homo sapiens,1IVD14B5,9606,Missing: Not applicable,no,UCSDMI,University of California San Diego Microbiome Initiative,2016-10-14T17:01:47Z,2016-10-14T01:31:43Z,public,Illumina MiSeq,39.76,10564.1IVD14B5,SINGLE,PCR,METAGENOMIC,-104.88,no,yes,human gut metagenome,Missing: Not collected,100,Missing: Not collected,95,Missing: Not applicable,100,Missing: Not applicable,95,FWD:GTGCCAGCMGCCGCGGTAA; REV:GGACTACHVGGGTWTCTAAT,"University of Colorado, Anschutz",FALSE,yes,ILLUMINA,GTGCCAGCMGCCGCGGTAA,white,no,2016-10-18T00:00:00Z,100,"Daniel Frank Laboratory, University of Colorado, Anschutz",2015,1IVD14B5-R2,UC-Anschutz,SAMEA4506931,qiita_sid_10564:10564.1IVD14B5,stool,sequencing by synthesis,male,no,ERP017899,qiita_sid_10564:10564.1IVD14B5,no,16S rRNA,V4,50,50,Missing: Not applicable,2016-10-18T16:36:00Z,1,VZV,"diverticulitis, neutropenic fever, oral candida","carcinoid tumor sp bowel resection, GERD, diverticulitis, GIB, cholecystectomy, anal wart",300,88747508,
O+,ERR1688157,69,years,negative,None documented,no,yes,OTHER,PRJEB16057,SAMEA4506932,O+,A+,34,UBERON:feces,UBERON:feces,UBERON:feces,58106254,"Daniel Frank Laboratory, University of Colorado, Anschutz",UNIVERSITY OF CALIFORNIA SAN DIEGO MICROBIOME INIT,Stem cell,Flu/Cy/TBI,positive,Missing: Restricted access,Intermediate intensity,public,yes,abnormal,"run.zq,fastq,sra","ena,s3,ncbi,gs","ena,s3.us-east-1,gs.us-east1,ncbi.public",Missing: Not applicable,9,11,0,AML,remission,TRUE,positive,9/10,female,positive,10/10,male,Missing: Not applicable,Patient,cord+cord,cord,1564,2016-10-14,2016-10-14,2018-11-16,2016-10-14,urban biome,human-associated habitat,feces,human-gut,Missing: Not applicable,ERX1757774,SAMEA4506932,USA,North America,USA:CO,"A2/3, B7/44, C5/7, DR13/15, DQ6/6",human,Homo sapiens,341XO3HG,9606,perifacial abscess,yes,UCSDMI,University of California San Diego Microbiome Initiative,2016-10-14T17:01:47Z,2016-10-14T01:31:43Z,public,Illumina MiSeq,39.76,10564.341XO3HG,SINGLE,PCR,METAGENOMIC,-104.88,no,yes,human gut metagenome,Missing: Not collected,100,Missing: Not collected,96,Missing: Not applicable,100,Missing: Not applicable,96,FWD:GTGCCAGCMGCCGCGGTAA; REV:GGACTACHVGGGTWTCTAAT,"University of Colorado, Anschutz",FALSE,yes,ILLUMINA,GTGCCAGCMGCCGCGGTAA,white,no,2016-10-18T00:00:00Z,100,"Daniel Frank Laboratory, University of Colorado, Anschutz",2015,341XO3HG-R2,UC-Anschutz,SAMEA4506932,qiita_sid_10564:10564.341XO3HG,stool,sequencing by synthesis,female,no,ERP017899,qiita_sid_10564:10564.341XO3HG,no,16S rRNA,V4,Missing: Not applicable,Missing: Not applicable,Missing: Not applicable,2016-10-18T16:36:00Z,1,"VZV, HSV","oral candida, VRE","IBS, appendectomy",300,91927721,
B+,ERR1688158,73,years,positive,"skin, gut",Grade III,yes,OTHER,PRJEB16057,SAMEA4506933,B+,Missing: Not applicable,26,UBERON:feces,UBERON:feces,UBERON:feces,40037375,"Daniel Frank Laboratory, University of Colorado, Anschutz",UNIVERSITY OF CALIFORNIA SAN DIEGO MICROBIOME INIT,Stem cell,Flu/TBI,positive,Missing: Restricted access,Low intensity,public,no,normal,"fastq,run.zq,sra","gs,ncbi,ena,s3","ncbi.public,gs.us-east1,s3.us-east-1,ena",Missing: Not applicable,21,16,0,MDS,remission,TRUE,negative,10/10,female,Missing: Not applicable,Missing: not applicable,Missing: Not applicable,YZL1C941,Patient,pbsc,related,1564,2016-10-14,2016-10-14,2018-11-16,2016-10-14,urban biome,human-associated habitat,feces,human-gut,Missing: Not applicable,ERX1757775,SAMEA4506933,USA,North America,USA:CO,"A2/29, B44/52, C12/16, DR7/8, DQ2/3",human,Homo sapiens,3BU9LU2P,9606,Missing: Not applicable,no,UCSDMI,University of California San Diego Microbiome Initiative,2016-10-14T17:01:47Z,2016-10-14T01:31:43Z,public,Illumina MiSeq,39.76,10564.3BU9LU2P,SINGLE,PCR,METAGENOMIC,-104.88,no,yes,human gut metagenome,Missing: Not collected,70,Missing: Not collected,68,Missing: Not applicable,88,Missing: Not applicable,80,FWD:GTGCCAGCMGCCGCGGTAA; REV:GGACTACHVGGGTWTCTAAT,"University of Colorado, Anschutz",FALSE,yes,ILLUMINA,GTGCCAGCMGCCGCGGTAA,white,no,2016-10-18T00:00:00Z,101,"Daniel Frank Laboratory, University of Colorado, Anschutz",2015,3BU9LU2P-R2,UC-Anschutz,SAMEA4506933,qiita_sid_10564:10564.3BU9LU2P,stool,sequencing by synthesis,male,no,ERP017899,qiita_sid_10564:10564.3BU9LU2P,yes,16S rRNA,V4,101,101,Missing: Not applicable,2016-10-18T16:36:00Z,1,"HSV, VZV","neutropenic fever, C difficile colitis, pneumatosis coli, CMV colitis",,300,65241607,
A+,ERR1688159,60,years,positive,gut,Grade I,yes,OTHER,PRJEB16057,SAMEA4506934,A+,Missing: Not applicable,33,UBERON:feces,UBERON:feces,UBERON:feces,51779881,"Daniel Frank Laboratory, University of Colorado, Anschutz",UNIVERSITY OF CALIFORNIA SAN DIEGO MICROBIOME INIT,Stem cell,Flu/TBI,positive,Missing: Restricted access,Low intensity,public,no,normal,"fastq,run.zq,sra","ena,ncbi,s3,gs","gs.us-east1,ena,s3.us-east-1,ncbi.public",Missing: Not collected,22,11,1,TCL,remission,TRUE,negative,10/10,female,Missing: Not applicable,Missing: not applicable,Missing: Not applicable,V40XA5EG,Patient,pbsc,related,1564,2016-10-14,2016-10-14,2018-11-16,2016-10-14,urban biome,human-associated habitat,feces,human-gut,Relapse/Resipatory,ERX1757776,SAMEA4506934,USA,North America,USA:CO,"A2/3, B7/15, C4/7, DR1/15, DQ5/6",human,Homo sapiens,3XAL3UBS,9606,EBV,yes,UCSDMI,University of California San Diego Microbiome Initiative,2016-10-14T17:01:47Z,2016-10-14T01:31:43Z,public,Illumina MiSeq,39.76,10564.3XAL3UBS,SINGLE,PCR,METAGENOMIC,-104.88,no,yes,human gut metagenome,Missing: Not applicable,Missing: Not applicable,Missing: Not applicable,71,Missing: Not applicable,91,Missing: Not applicable,Missing: Not collected,FWD:GTGCCAGCMGCCGCGGTAA; REV:GGACTACHVGGGTWTCTAAT,"University of Colorado, Anschutz",FALSE,yes,ILLUMINA,GTGCCAGCMGCCGCGGTAA,white,yes,2016-10-18T00:00:00Z,61,"Daniel Frank Laboratory, University of Colorado, Anschutz",2015,3XAL3UBS-R2,UC-Anschutz,SAMEA4506934,qiita_sid_10564:10564.3XAL3UBS,stool,sequencing by synthesis,female,no,ERP017899,qiita_sid_10564:10564.3XAL3UBS,yes,16S rRNA,V4,37,37,61,2016-10-18T16:36:00Z,1,"HSV, VZV, EBV",Enterococcus UTI,"appendectomy, constipation, polyp, GERD",300,83978869,
B+,ERR1688160,76,years,negative,None documented,no,yes,OTHER,PRJEB16057,SAMEA4506935,O+,Missing: Not applicable,25,UBERON:feces,UBERON:feces,UBERON:feces,39381858,"Daniel Frank Laboratory, University of Colorado, Anschutz",UNIVERSITY OF CALIFORNIA SAN DIEGO MICROBIOME INIT,Stem cell,Flu/TBI,positive,Missing: Restricted access,Low intensity,public,no,normal,"sra,fastq,run.zq","ncbi,ena,gs,s3","ena,gs.us-east1,s3.us-east-1,ncbi.public",Missing: Not applicable,21,12,0,AML,remission,TRUE,positive,10/10,male,Missing: Not applicable,Missing: not applicable,Missing: Not applicable,5CM2U7J4,Patient,pbsc,related,1564,2016-10-14,2016-10-14,2018-11-16,2016-10-14,urban biome,human-associated habitat,feces,human-gut,Missing: Not applicable,ERX1757777,SAMEA4506935,USA,North America,USA:CO,"A1/2, B8/40, C3/7, DR3/14, DQ2/5",human,Homo sapiens,42YFD61N,9606,Missing: Not applicable,no,UCSDMI,University of California San Diego Microbiome Initiative,2016-10-14T17:01:47Z,2016-10-14T01:31:43Z,public,Illumina MiSeq,39.76,10564.42YFD61N,SINGLE,PCR,METAGENOMIC,-104.88,no,yes,human gut metagenome,Missing: Not collected,75,Missing: Not collected,66,Missing: Not applicable,90,Missing: Not applicable,82,FWD:GTGCCAGCMGCCGCGGTAA; REV:GGACTACHVGGGTWTCTAAT,"University of Colorado, Anschutz",FALSE,yes,ILLUMINA,GTGCCAGCMGCCGCGGTAA,white,no,2016-10-18T00:00:00Z,100,"Daniel Frank Laboratory, University of Colorado, Anschutz",2015,42YFD61N-R2,UC-Anschutz,SAMEA4506935,qiita_sid_10564:10564.42YFD61N,stool,sequencing by synthesis,male,no,ERP017899,qiita_sid_10564:10564.42YFD61N,yes,16S rRNA,V4,Missing: Not applicable,Missing: Not applicable,Missing: Not applicable,2016-10-18T16:36:00Z,1,VZV,"oral candida, rhinovirus",,300,65219184,Stage 1
A+,ERR1688161,72,years,negative,None documented,no,yes,OTHER,PRJEB16057,SAMEA4506936,O+,Missing: Not applicable,29,UBERON:feces,UBERON:feces,UBERON:feces,47349105,"Daniel Frank Laboratory, University of Colorado, Anschutz",UNIVERSITY OF CALIFORNIA SAN DIEGO MICROBIOME INIT,Stem cell,Flu/TBI,negative,Missing: Restricted access,Low intensity,public,no,abnormal,"fastq,run.zq,sra","gs,ena,ncbi,s3","s3.us-east-1,ncbi.public,gs.us-east1,ena",Missing: Not applicable,9,37,0,MDS,refractory,TRUE,negative,9/10,male,Missing: Not applicable,Missing: not applicable,Missing: Not applicable,Missing: Not applicable,Patient,pbsc,unrelated,1564,2016-10-14,2016-10-14,2018-11-16,2016-10-14,urban biome,human-associated habitat,feces,human-gut,Missing: Not applicable,ERX1757778,SAMEA4506936,USA,North America,USA:CO,"A1/25, B8/18, C7/7, DR3/4, DQ3/4",human,Homo sapiens,4784ZBIO,9606,Missing: Not applicable,no,UCSDMI,University of California San Diego Microbiome Initiative,2016-10-14T17:01:47Z,2016-10-14T01:31:43Z,public,Illumina MiSeq,39.76,10564.4784ZBIO,SINGLE,PCR,METAGENOMIC,-104.88,no,yes,human gut metagenome,Missing: Not collected,95,Missing: Not collected,84,Missing: Not applicable,95,Missing: Not applicable,95,FWD:GTGCCAGCMGCCGCGGTAA; REV:GGACTACHVGGGTWTCTAAT,"University of Colorado, Anschutz",FALSE,yes,ILLUMINA,GTGCCAGCMGCCGCGGTAA,white,no,2016-10-18T00:00:00Z,100,"Daniel Frank Laboratory, University of Colorado, Anschutz",2015,4784ZBIO-R2,UC-Anschutz,SAMEA4506936,qiita_sid_10564:10564.4784ZBIO,stool,sequencing by synthesis,male,no,ERP017899,qiita_sid_10564:10564.4784ZBIO,yes,16S rRNA,V4,Missing: Not applicable,Missing: Not applicable,Missing: Not applicable,2016-10-18T16:37:00Z,1,"EBV, VZV","C difficile, sepsis, Strep pneumonia, VRE UTI",bladder repair with bowel section,300,74936194,Stage 2
O+,ERR1688162,Missing: Not collected,years,Missing: Not applicable,Missing: Not applicable,Missing: Not applicable,Missing: Not applicable,OTHER,PRJEB16057,SAMEA4506937,Missing: Not applicable,Missing: Not applicable,Missing: Not collected,UBERON:feces,UBERON:feces,UBERON:feces,54336202,"Daniel Frank Laboratory, University of Colorado, Anschutz",UNIVERSITY OF CALIFORNIA SAN DIEGO MICROBIOME INIT,Stem cell,Missing: Not applicable,positive,Missing: Restricted access,Missing: Not applicable,public,Missing: Not applicable,Missing: Not applicable,"sra,fastq,run.zq","s3,ncbi,gs,ena","s3.us-east-1,ncbi.public,gs.us-east1,ena",Missing: Not applicable,Missing: Not applicable,Missing: Not applicable,Missing: Not applicable,Missing: Not applicable,Missing: Not applicable,TRUE,Missing: Not applicable,Missing: not applicable,Missing: Not applicable,Missing: Not applicable,Missing: not applicable,Missing: Not applicable,Missing: Not applicable,Donor,Missing: Not applicable,Missing: Not applicable,1564,2016-10-14,2016-10-14,2018-11-16,2016-10-14,urban biome,human-associated habitat,feces,human-gut,Missing: Not applicable,ERX1757779,SAMEA4506937,USA,North America,USA:CO,"A1/2, B8/40, C3/7, DR3/14, DQ2/5",human,Homo sapiens,5CM2U7J4,9606,Missing: Not collected,Missing: Not collected,UCSDMI,University of California San Diego Microbiome Initiative,2016-10-14T17:01:47Z,2016-10-14T01:31:43Z,public,Illumina MiSeq,39.76,10564.5CM2U7J4,SINGLE,PCR,METAGENOMIC,-104.88,Missing: Not applicable,Missing: Not applicable,human gut metagenome,Missing: Not applicable,Missing: Not applicable,Missing: Not applicable,Missing: Not applicable,Missing: Not applicable,Missing: Not applicable,Missing: Not applicable,Missing: Not applicable,FWD:GTGCCAGCMGCCGCGGTAA; REV:GGACTACHVGGGTWTCTAAT,"University of Colorado, Anschutz",FALSE,Missing: Not applicable,ILLUMINA,GTGCCAGCMGCCGCGGTAA,Missing: Not collected,Missing: Not applicable,2016-10-18T00:00:00Z,Missing: Not applicable,"Daniel Frank Laboratory, University of Colorado, Anschutz",2015,5CM2U7J4-R2,UC-Anschutz,SAMEA4506937,qiita_sid_10564:10564.5CM2U7J4,stool,sequencing by synthesis,male,Missing: Not applicable,ERP017899,qiita_sid_10564:10564.5CM2U7J4,Missing: Not applicable,16S rRNA,V4,Missing: Not applicable,Missing: Not applicable,Missing: Not applicable,2016-10-18T16:37:00Z,1,Missing: not collected,Missing: Not applicable,Missing: Not collected,300,88417524,Missing: Not applicable
A+,ERR1688163,Missing: Not collected,years,Missing: Not applicable,Missing: Not applicable,Missing: Not applicable,Missing: Not applicable,OTHER,PRJEB16057,SAMEA4506938,Missing: Not applicable,Missing: Not applicable,Missing: Not collected,UBERON:feces,UBERON:feces,UBERON:feces,49032217,"Daniel Frank Laboratory, University of Colorado, Anschutz",UNIVERSITY OF CALIFORNIA SAN DIEGO MICROBIOME INIT,Stem cell,Missing: Not applicable,negative,Missing: Restricted access,Missing: Not applicable,public,Missing: Not applicable,Missing: Not applicable,"run.zq,fastq,sra","gs,s3,ncbi,ena","s3.us-east-1,gs.us-east1,ncbi.public,ena",Missing: Not applicable,Missing: Not applicable,Missing: Not applicable,Missing: Not applicable,Missing: Not applicable,Missing: Not applicable,TRUE,Missing: Not applicable,Missing: not applicable,Missing: Not applicable,Missing: Not applicable,Missing: not applicable,Missing: Not applicable,Missing: Not applicable,Donor,Missing: Not applicable,Missing: Not applicable,1564,2016-10-14,2016-10-14,2018-11-16,2016-10-14,urban biome,human-associated habitat,feces,human-gut,Missing: Not applicable,ERX1757780,SAMEA4506938,USA,North America,USA:CO,"A24/26, B7/35, C4/7, DR7/13, DQ3/6",human,Homo sapiens,74ZDKQVK,9606,Missing: Not collected,Missing: Not collected,UCSDMI,University of California San Diego Microbiome Initiative,2016-10-14T17:01:47Z,2016-10-14T01:31:43Z,public,Illumina MiSeq,39.76,10564.74ZDKQVK,SINGLE,PCR,METAGENOMIC,-104.88,Missing: Not applicable,Missing: Not applicable,human gut metagenome,Missing: Not applicable,Missing: Not applicable,Missing: Not applicable,Missing: Not applicable,Missing: Not applicable,Missing: Not applicable,Missing: Not applicable,Missing: Not applicable,FWD:GTGCCAGCMGCCGCGGTAA; REV:GGACTACHVGGGTWTCTAAT,"University of Colorado, Anschutz",FALSE,Missing: Not applicable,ILLUMINA,GTGCCAGCMGCCGCGGTAA,Missing: Not collected,Missing: Not applicable,2016-10-18T00:00:00Z,Missing: Not applicable,"Daniel Frank Laboratory, University of Colorado, Anschutz",2015,74ZDKQVK-R2,UC-Anschutz,SAMEA4506938,qiita_sid_10564:10564.74ZDKQVK,stool,sequencing by synthesis,female,Missing: Not applicable,ERP017899,qiita_sid_10564:10564.74ZDKQVK,Missing: Not applicable,16S rRNA,V4,Missing: Not applicable,Missing: Not applicable,Missing: Not applicable,2016-10-29T11:25:00Z,2,Missing: not collected,Missing: Not applicable,Missing: Not collected,,,Missing: Not applicable
O+,ERR1688164,63,years,positive,gut,Grade III,yes,OTHER,PRJEB16057,SAMEA4506939,O+,Missing: Not applicable,24,UBERON:feces,UBERON:feces,UBERON:feces,62017852,"Daniel Frank Laboratory, University of Colorado, Anschutz",UNIVERSITY OF CALIFORNIA SAN DIEGO MICROBIOME INIT,Stem cell,Flu/Mel,positive,Missing: Restricted access,Intermediate intensity,public,no,normal,"run.zq,fastq,sra","gs,ncbi,s3,ena","gs.us-east1,ena,ncbi.public,s3.us-east-1",Missing: Not applicable,19,12,0,AML,remission,TRUE,negative,10/10,female,Missing: Not applicable,Missing: not applicable,Missing: Not applicable,TPC4DXSR,Patient,pbsc,related,1564,2016-10-14,2016-10-14,2018-11-16,2016-10-14,urban biome,human-associated habitat,feces,human-gut,Missing: Not applicable,ERX1757781,SAMEA4506939,USA,North America,USA:CO,"A1/68, B8/27, C2/7, DR3/11, DQ2/3",human,Homo sapiens,8582NVSS,9606,"Leuconostoc bacteremia, sinusitis",yes,UCSDMI,University of California San Diego Microbiome Initiative,2016-10-14T17:01:47Z,2016-10-14T01:31:43Z,public,Illumina MiSeq,39.76,10564.8582NVSS,SINGLE,PCR,METAGENOMIC,-104.88,yes,no,human gut metagenome,Missing: Not collected,100,Missing: Not collected,95,Missing: Not applicable,100,Missing: Not applicable,95,FWD:GTGCCAGCMGCCGCGGTAA; REV:GGACTACHVGGGTWTCTAAT,"University of Colorado, Anschutz",FALSE,yes,ILLUMINA,GTGCCAGCMGCCGCGGTAA,white,no,2016-10-18T00:00:00Z,100,"Daniel Frank Laboratory, University of Colorado, Anschutz",2015,8582NVSS-R2,UC-Anschutz,SAMEA4506939,qiita_sid_10564:10564.8582NVSS,stool,sequencing by synthesis,male,no,ERP017899,qiita_sid_10564:10564.8582NVSS,yes,16S rRNA,V4,64,64,Missing: Not applicable,2016-10-18T16:37:00Z,1,"VZV, HSV","synovitis, influenza A",,300,103331136,
A-,ERR1688165,70,years,negative,None documented,no,yes,OTHER,PRJEB16057,SAMEA4506940,B+,B+,25,UBERON:feces,UBERON:feces,UBERON:feces,33176473,"Daniel Frank Laboratory, University of Colorado, Anschutz",UNIVERSITY OF CALIFORNIA SAN DIEGO MICROBIOME INIT,Stem cell,Flu/TBI,positive,Missing: Restricted access,Low intensity,public,no,normal,"sra,run.zq,fastq","gs,ncbi,ena,s3","ena,s3.us-east-1,gs.us-east1,ncbi.public",Missing: Not applicable,25,39,0,TCL,remission,TRUE,negative,7/10,female,negative,5/10,male,Missing: Not applicable,Patient,cord+cord,cord,1564,2016-10-14,2016-10-14,2018-11-16,2016-10-14,urban biome,human-associated habitat,feces,human-gut,Missing: Not applicable,ERX1757782,SAMEA4506940,USA,North America,USA:CO,"A26/29, B44/44, C14/16, DR4/13, DQ3/3",human,Homo sapiens,88ST4Y55,9606,Missing: Not applicable,no,UCSDMI,University of California San Diego Microbiome Initiative,2016-10-14T17:01:47Z,2016-10-14T01:31:43Z,public,Illumina MiSeq,39.76,10564.88ST4Y55,SINGLE,PCR,METAGENOMIC,-104.88,no,yes,human gut metagenome,100,100,100,95,100,100,100,95,FWD:GTGCCAGCMGCCGCGGTAA; REV:GGACTACHVGGGTWTCTAAT,"University of Colorado, Anschutz",FALSE,yes,ILLUMINA,GTGCCAGCMGCCGCGGTAA,white,no,2016-10-18T00:00:00Z,130,"Daniel Frank Laboratory, University of Colorado, Anschutz",2015,88ST4Y55-R2,UC-Anschutz,SAMEA4506940,qiita_sid_10564:10564.88ST4Y55,stool,sequencing by synthesis,male,no,ERP017899,qiita_sid_10564:10564.88ST4Y55,yes,16S rRNA,V4,Missing: Not applicable,Missing: Not applicable,Missing: Not applicable,2016-10-18T16:37:00Z,1,"HSV, VZV",CMV colitis,,300,53324385,
A-,ERR1688166,74,years,negative,"skin, oral",Grade II,yes,OTHER,PRJEB16057,SAMEA4506941,A-,Missing: Not applicable,24,UBERON:feces,UBERON:feces,UBERON:feces,24989289,"Daniel Frank Laboratory, University of Colorado, Anschutz",UNIVERSITY OF CALIFORNIA SAN DIEGO MICROBIOME INIT,Stem cell,Flu/TBI,positive,Missing: Restricted access,Low intensity,public,no,abnormal,"run.zq,sra,fastq","ena,ncbi,gs,s3","ena,ncbi.public,s3.us-east-1,gs.us-east1",Missing: Not applicable,13,13,0,ALL,remission,TRUE,positive,10/10,male,Missing: Not applicable,Missing: not applicable,Missing: Not applicable,OEUQCYN1,Patient,pbsc,related,1564,2016-10-14,2016-10-14,2018-11-16,2016-10-14,urban biome,human-associated habitat,feces,human-gut,Missing: Not applicable,ERX1757783,SAMEA4506941,USA,North America,USA:CO,"A2/3, B7/15, C3/7, DR1/4, DQ3/5",human,Homo sapiens,8HDXIBAS,9606,"C difficile, recurrence",yes,UCSDMI,University of California San Diego Microbiome Initiative,2016-10-14T17:01:47Z,2016-10-14T01:31:43Z,public,Illumina MiSeq,39.76,10564.8HDXIBAS,SINGLE,PCR,METAGENOMIC,-104.88,no,yes,human gut metagenome,100,95,100,91,100,95,100,95,FWD:GTGCCAGCMGCCGCGGTAA; REV:GGACTACHVGGGTWTCTAAT,"University of Colorado, Anschutz",FALSE,yes,ILLUMINA,GTGCCAGCMGCCGCGGTAA,white,no,2016-10-18T00:00:00Z,364,"Daniel Frank Laboratory, University of Colorado, Anschutz",2015,8HDXIBAS-R2,UC-Anschutz,SAMEA4506941,qiita_sid_10564:10564.8HDXIBAS,stool,sequencing by synthesis,male,no,ERP017899,qiita_sid_10564:10564.8HDXIBAS,yes,16S rRNA,V4,Missing: Not applicable,131,Missing: Not applicable,2016-10-18T16:37:00Z,1,"VZV, EBV, HSV","Pneumonia, infected wound, CMV viremia, human metapneumovirus, C difficile","C difficile, feeding tube",300,40759500,Stage 3
A-,ERR1688167,28,years,negative,None documented,no,yes,OTHER,PRJEB16057,SAMEA4506942,A+,Missing: Not applicable,21,UBERON:feces,UBERON:feces,UBERON:feces,78579242,"Daniel Frank Laboratory, University of Colorado, Anschutz",UNIVERSITY OF CALIFORNIA SAN DIEGO MICROBIOME INIT,Stem cell,Bu/Cy,positive,Missing: Restricted access,High intensity,public,no,normal,"run.zq,fastq,sra","ncbi,gs,ena,s3","gs.us-east1,ncbi.public,s3.us-east-1,ena",367,19,31,1,ALL,refractory,TRUE,positive,10/10,male,Missing: Not applicable,Missing: not applicable,Missing: Not applicable,PE48VFHO,Patient,pbsc,related,1564,2016-10-14,2016-10-14,2018-11-16,2016-10-14,urban biome,human-associated habitat,feces,human-gut,Relapse,ERX1757784,SAMEA4506942,USA,North America,USA:CO,"A2/24, B8/44, C5/7, DR1/1, DQ5/5",human,Homo sapiens,8LK21NXL,9606,aspergillus pneumonia/sinusitis,yes,UCSDMI,University of California San Diego Microbiome Initiative,2016-10-14T17:01:47Z,2016-10-14T01:31:43Z,public,Illumina MiSeq,39.76,10564.8LK21NXL,SINGLE,PCR,METAGENOMIC,-104.88,yes,no,human gut metagenome,100,100,Missing: Not collected,100,Missing: Not collected,Missing: Not collected,Missing: Not collected,Missing: Not collected,FWD:GTGCCAGCMGCCGCGGTAA; REV:GGACTACHVGGGTWTCTAAT,"University of Colorado, Anschutz",FALSE,yes,ILLUMINA,GTGCCAGCMGCCGCGGTAA,white,yes,2016-10-18T00:00:00Z,393,"Daniel Frank Laboratory, University of Colorado, Anschutz",2015,8LK21NXL-R2,UC-Anschutz,SAMEA4506942,qiita_sid_10564:10564.8LK21NXL,stool,sequencing by synthesis,male,no,ERP017899,qiita_sid_10564:10564.8LK21NXL,yes,16S rRNA,V4,Missing: Not applicable,Missing: Not applicable,393,2016-10-29T11:26:00Z,2,"EBV, VZV","CMV pneumonitis, fungal sinusitis, cystitis,",GERD,,,
O+,ERR1688168,26,years,positive,gut,yes,yes,OTHER,PRJEB16057,SAMEA4506943,O+,Missing: Not applicable,30,UBERON:feces,UBERON:feces,UBERON:feces,52490773,"Daniel Frank Laboratory, University of Colorado, Anschutz",UNIVERSITY OF CALIFORNIA SAN DIEGO MICROBIOME INIT,Stem cell,Cy/TBI (12),positive,Missing: Restricted access,High intensity,public,no,abnormal,"run.zq,fastq,sra","ena,gs,s3,ncbi","s3.us-east-1,ena,gs.us-east1,ncbi.public",Missing: Not applicable,11,10,0,ALL,refractory,TRUE,positive,10/10,female,Missing: Not applicable,Missing: not applicable,Missing: Not applicable,N4CQWP8N,Patient,pbsc,related,1564,2016-10-14,2016-10-14,2018-11-16,2016-10-14,urban biome,human-associated habitat,feces,human-gut,Missing: Not applicable,ERX1757785,SAMEA4506943,USA,North America,USA:CO,"A24/31, B35/39, C4/7, DR4/16, DQ3/3",human,Homo sapiens,97I96IK4,9606,Missing: Not applicable,no,UCSDMI,University of California San Diego Microbiome Initiative,2016-10-14T17:01:47Z,2016-10-14T01:31:43Z,public,Illumina MiSeq,39.76,10564.97I96IK4,SINGLE,PCR,METAGENOMIC,-104.88,yes,no,human gut metagenome,100,100,100,95,100,100,100,95,FWD:GTGCCAGCMGCCGCGGTAA; REV:GGACTACHVGGGTWTCTAAT,"University of Colorado, Anschutz",FALSE,yes,ILLUMINA,GTGCCAGCMGCCGCGGTAA,hispanic,no,2016-10-18T00:00:00Z,100,"Daniel Frank Laboratory, University of Colorado, Anschutz",2015,97I96IK4-R2,UC-Anschutz,SAMEA4506943,qiita_sid_10564:10564.97I96IK4,stool,sequencing by synthesis,male,no,ERP017899,qiita_sid_10564:10564.97I96IK4,yes,16S rRNA,V4,48,48,Missing: Not applicable,2016-10-18T16:37:00Z,1,"HSV, VZV",C difficile,,300,88132884,
A+,ERR1688169,49,years,negative,None documented,no,yes,OTHER,PRJEB16057,SAMEA4506944,O+,Missing: Not applicable,42,UBERON:feces,UBERON:feces,UBERON:feces,74385599,"Daniel Frank Laboratory, University of Colorado, Anschutz",UNIVERSITY OF CALIFORNIA SAN DIEGO MICROBIOME INIT,Stem cell,Bu/Cy,positive,Missing: Restricted access,High intensity,public,no,abnormal,"sra,run.zq,fastq","gs,s3,ncbi,ena","ena,s3.us-east-1,gs.us-east1,ncbi.public",67,14,12,1,AML,remission,TRUE,positive,10/10,male,Missing: Not applicable,Missing: not applicable,Missing: Not applicable,R5UYLI60,Patient,pbsc,related,1564,2016-10-14,2016-10-14,2018-11-16,2016-10-14,urban biome,human-associated habitat,feces,human-gut,Relapse,ERX1757786,SAMEA4506944,USA,North America,USA:CO,"A1/3, B7/8, C7/7, DR13/15, DQ6/6",human,Homo sapiens,9D0DVCHL,9606,VRE bacteremia; cellulitis; Klebsiella UTI,yes,UCSDMI,University of California San Diego Microbiome Initiative,2016-10-14T17:01:47Z,2016-10-14T01:31:43Z,public,Illumina MiSeq,39.76,10564.9D0DVCHL,SINGLE,PCR,METAGENOMIC,-104.88,yes,no,human gut metagenome,Missing: Not applicable,Missing: Not applicable,Missing: Not applicable,95,Missing: Not applicable,Missing: Not applicable,Missing: Not applicable,Missing: Not collected,FWD:GTGCCAGCMGCCGCGGTAA; REV:GGACTACHVGGGTWTCTAAT,"University of Colorado, Anschutz",FALSE,yes,ILLUMINA,GTGCCAGCMGCCGCGGTAA,white,yes,2016-10-18T00:00:00Z,69,"Daniel Frank Laboratory, University of Colorado, Anschutz",2015,9D0DVCHL-R2,UC-Anschutz,SAMEA4506944,qiita_sid_10564:10564.9D0DVCHL,stool,sequencing by synthesis,female,no,ERP017899,qiita_sid_10564:10564.9D0DVCHL,yes,16S rRNA,V4,Missing: Not applicable,Missing: Not applicable,69,2016-10-29T11:26:00Z,2,"HSV, VZV",,"GERD, cholecystectomy",,,
O+,ERR1688170,70,years,negative,None documented,no,yes,OTHER,PRJEB16057,SAMEA4506945,A+,A+,39,UBERON:feces,UBERON:feces,UBERON:feces,129664417,"Daniel Frank Laboratory, University of Colorado, Anschutz",UNIVERSITY OF CALIFORNIA SAN DIEGO MICROBIOME INIT,Stem cell,Flu/Cy/TBI,positive,Missing: Restricted access,Intermediate intensity,public,yes,normal,"sra,run.zq,fastq","gs,s3,ena,ncbi","ncbi.public,ena,s3.us-east-1,gs.us-east1",161,42,45,1,AML,remission,TRUE,negative,8/10,female,positive,7/8,male,Missing: Not applicable,Patient,cord+cord,cord,1564,2016-10-14,2016-10-14,2018-11-16,2016-10-14,urban biome,human-associated habitat,feces,human-gut,Relapse,ERX1757787,SAMEA4506945,USA,North America,USA:CO,"A1/2, B7/40, C3/7, DR7/13, DQ3/6",human,Homo sapiens,9DKW7WYN,9606,UTI,yes,UCSDMI,University of California San Diego Microbiome Initiative,2016-10-14T17:01:47Z,2016-10-14T01:31:43Z,public,Illumina MiSeq,39.76,10564.9DKW7WYN,SINGLE,PCR,METAGENOMIC,-104.88,no,yes,human gut metagenome,Missing: Not applicable,95,Missing: Not collected,94,Missing: Not applicable,Missing: Not collected,Missing: Not collected,Missing: Not collected,FWD:GTGCCAGCMGCCGCGGTAA; REV:GGACTACHVGGGTWTCTAAT,"University of Colorado, Anschutz",FALSE,yes,ILLUMINA,GTGCCAGCMGCCGCGGTAA,white,yes,2016-10-18T00:00:00Z,250,"Daniel Frank Laboratory, University of Colorado, Anschutz",2015,9DKW7WYN-R2,UC-Anschutz,SAMEA4506945,qiita_sid_10564:10564.9DKW7WYN,stool,sequencing by synthesis,female,no,ERP017899,qiita_sid_10564:10564.9DKW7WYN,no,16S rRNA,V4,Missing: Not applicable,Missing: Not applicable,250,2016-10-18T16:37:00Z,1,"HSV, VZV",,"diarrhea, appendectomy, cholecystectomy, gastric bypass",300,210153642,
B+,ERR1688171,66,years,negative,None documented,no,yes,OTHER,PRJEB16057,SAMEA4506946,B+,Missing: Not applicable,35,UBERON:feces,UBERON:feces,UBERON:feces,58125156,"Daniel Frank Laboratory, University of Colorado, Anschutz",UNIVERSITY OF CALIFORNIA SAN DIEGO MICROBIOME INIT,Stem cell,Flu/TBI,positive,Missing: Restricted access,Low intensity,public,no,abnormal,"run.zq,sra,fastq","ncbi,gs,ena,s3","ncbi.public,ena,s3.us-east-1,gs.us-east1",Missing: Not applicable,18,11,0,NHL,refractory,TRUE,positive,10/10,male,Missing: Not applicable,Missing: not applicable,Missing: Not applicable,9XP5HOGY,Patient,pbsc,related,1564,2016-10-14,2016-10-14,2018-11-16,2016-10-14,urban biome,human-associated habitat,feces,human-gut,Missing: Not applicable,ERX1757788,SAMEA4506946,USA,North America,USA:CO,"A2/3, B14/37, C6/8, DR7/13, DQ2/6",human,Homo sapiens,9PY3RYTB,9606,neutropenic fever,yes,UCSDMI,University of California San Diego Microbiome Initiative,2016-10-14T17:01:47Z,2016-10-14T01:31:43Z,public,Illumina MiSeq,39.76,10564.9PY3RYTB,SINGLE,PCR,METAGENOMIC,-104.88,no,yes,human gut metagenome,100,100,100,100,100,100,100,95,FWD:GTGCCAGCMGCCGCGGTAA; REV:GGACTACHVGGGTWTCTAAT,"University of Colorado, Anschutz",FALSE,yes,ILLUMINA,GTGCCAGCMGCCGCGGTAA,white,no,2016-10-18T00:00:00Z,401,"Daniel Frank Laboratory, University of Colorado, Anschutz",2015,9PY3RYTB-R2,UC-Anschutz,SAMEA4506946,qiita_sid_10564:10564.9PY3RYTB,stool,sequencing by synthesis,male,no,ERP017899,qiita_sid_10564:10564.9PY3RYTB,yes,16S rRNA,V4,Missing: Not applicable,Missing: Not applicable,Missing: Not applicable,2016-10-18T16:37:00Z,1,"VZV, HSV, hepatitis B","C difficile, shingles","Hepatitis B, appendectomy",300,94826853,
A+,ERR1688172,64,years,negative,skin,Grade I,yes,OTHER,PRJEB16057,SAMEA4506947,A+,Missing: Not applicable,24,UBERON:feces,UBERON:feces,UBERON:feces,72830980,"Daniel Frank Laboratory, University of Colorado, Anschutz",UNIVERSITY OF CALIFORNIA SAN DIEGO MICROBIOME INIT,Stem cell,Flu/TBI,negative,Missing: Restricted access,Low intensity,public,no,abnormal,"run.zq,fastq,sra","ncbi,ena,s3,gs","ena,ncbi.public,s3.us-east-1,gs.us-east1",Missing: Not applicable,21,14,0,MDS,refractory,TRUE,negative,10/10,female,Missing: Not applicable,Missing: not applicable,Missing: Not applicable,74ZDKQVK,Patient,pbsc,related,1564,2016-10-14,2016-10-14,2018-11-16,2016-10-14,urban biome,human-associated habitat,feces,human-gut,Missing: Not applicable,ERX1757789,SAMEA4506947,USA,North America,USA:CO,"A24/26, B7/35, C4/7, DR7/13, DQ3/6",human,Homo sapiens,9RZAET2D,9606,Missing: Not applicable,no,UCSDMI,University of California San Diego Microbiome Initiative,2016-10-14T17:01:47Z,2016-10-14T01:31:43Z,public,Illumina MiSeq,39.76,10564.9RZAET2D,SINGLE,PCR,METAGENOMIC,-104.88,no,yes,human gut metagenome,Missing: Not collected,22,13,25,Missing: Not applicable,90,92,91,FWD:GTGCCAGCMGCCGCGGTAA; REV:GGACTACHVGGGTWTCTAAT,"University of Colorado, Anschutz",FALSE,yes,ILLUMINA,GTGCCAGCMGCCGCGGTAA,white,no,2016-10-18T00:00:00Z,359,"Daniel Frank Laboratory, University of Colorado, Anschutz",2015,9RZAET2D-R2,UC-Anschutz,SAMEA4506947,qiita_sid_10564:10564.9RZAET2D,stool,sequencing by synthesis,male,no,ERP017899,qiita_sid_10564:10564.9RZAET2D,yes,16S rRNA,V4,63,63,Missing: Not applicable,2016-10-18T16:37:00Z,1,VZV,,,300,118078608,
B+,ERR1688173,Missing: Not collected,years,Missing: Not applicable,Missing: Not applicable,Missing: Not applicable,Missing: Not applicable,OTHER,PRJEB16057,SAMEA4506948,Missing: Not applicable,Missing: Not applicable,Missing: Not collected,UBERON:feces,UBERON:feces,UBERON:feces,52507543,"Daniel Frank Laboratory, University of Colorado, Anschutz",UNIVERSITY OF CALIFORNIA SAN DIEGO MICROBIOME INIT,Stem cell,Missing: Not applicable,positive,Missing: Restricted access,Missing: Not applicable,public,Missing: Not applicable,Missing: Not applicable,"fastq,sra,run.zq","gs,ena,ncbi,s3","gs.us-east1,ena,ncbi.public,s3.us-east-1",Missing: Not applicable,Missing: Not applicable,Missing: Not applicable,Missing: Not applicable,Missing: Not applicable,Missing: Not applicable,TRUE,Missing: Not applicable,Missing: not applicable,Missing: Not applicable,Missing: Not applicable,Missing: not applicable,Missing: Not applicable,Missing: Not applicable,Donor,Missing: Not applicable,Missing: Not applicable,1564,2016-10-14,2016-10-14,2018-11-16,2016-10-14,urban biome,human-associated habitat,feces,human-gut,Missing: Not applicable,ERX1757790,SAMEA4506948,USA,North America,USA:CO,"A2/3, B14/37, C6/8, DR7/13, DQ2/6",human,Homo sapiens,9XP5HOGY,9606,Missing: Not collected,Missing: Not collected,UCSDMI,University of California San Diego Microbiome Initiative,2016-10-14T17:01:47Z,2016-10-14T01:31:43Z,public,Illumina MiSeq,39.76,10564.9XP5HOGY,SINGLE,PCR,METAGENOMIC,-104.88,Missing: Not applicable,Missing: Not applicable,human gut metagenome,Missing: Not applicable,Missing: Not applicable,Missing: Not applicable,Missing: Not applicable,Missing: Not applicable,Missing: Not applicable,Missing: Not applicable,Missing: Not applicable,FWD:GTGCCAGCMGCCGCGGTAA; REV:GGACTACHVGGGTWTCTAAT,"University of Colorado, Anschutz",FALSE,Missing: Not applicable,ILLUMINA,GTGCCAGCMGCCGCGGTAA,Missing: Not collected,Missing: Not applicable,2016-10-18T00:00:00Z,Missing: Not applicable,"Daniel Frank Laboratory, University of Colorado, Anschutz",2015,9XP5HOGY-R2,UC-Anschutz,SAMEA4506948,qiita_sid_10564:10564.9XP5HOGY,stool,sequencing by synthesis,male,Missing: Not applicable,ERP017899,qiita_sid_10564:10564.9XP5HOGY,Missing: Not applicable,16S rRNA,V4,Missing: Not applicable,Missing: Not applicable,Missing: Not applicable,2016-10-18T16:37:00Z,1,Missing: not collected,Missing: Not applicable,Missing: Not collected,300,89755002,Missing: Not applicable
O+,ERR1688174,66,years,positive,"skin, gut",yes,yes,OTHER,PRJEB16057,SAMEA4506949,AB+,Missing: Not applicable,37,UBERON:feces,UBERON:feces,UBERON:feces,71139412,"Daniel Frank Laboratory, University of Colorado, Anschutz",UNIVERSITY OF CALIFORNIA SAN DIEGO MICROBIOME INIT,Stem cell,Flu/TBI,positive,Missing: Restricted access,Low intensity,public,no,abnormal,"fastq,sra,run.zq","ena,gs,s3,ncbi","ena,ncbi.public,gs.us-east1,s3.us-east-1",Missing: Not applicable,19,14,0,CLL,refractory,TRUE,positive,10/10,male,Missing: Not applicable,Missing: not applicable,Missing: Not applicable,Missing: Not applicable,Patient,pbsc,unrelated,1564,2016-10-14,2016-10-14,2018-11-16,2016-10-14,urban biome,human-associated habitat,feces,human-gut,Missing: Not applicable,ERX1757791,SAMEA4506949,USA,North America,USA:CO,"A2/25/, B7/44, C5/7, DR1/14, DQ5/5",human,Homo sapiens,AWGSVE2C,9606,Missing: Not applicable,no,UCSDMI,University of California San Diego Microbiome Initiative,2016-10-14T17:01:47Z,2016-10-14T01:31:43Z,public,Illumina MiSeq,39.76,10564.AWGSVE2C,SINGLE,PCR,METAGENOMIC,-104.88,no,yes,human gut metagenome,100,89,91,61,100,90,95,80,FWD:GTGCCAGCMGCCGCGGTAA; REV:GGACTACHVGGGTWTCTAAT,"University of Colorado, Anschutz",FALSE,yes,ILLUMINA,GTGCCAGCMGCCGCGGTAA,white,no,2016-10-18T00:00:00Z,126,"Daniel Frank Laboratory, University of Colorado, Anschutz",2015,AWGSVE2C-R2,UC-Anschutz,SAMEA4506949,qiita_sid_10564:10564.AWGSVE2C,stool,sequencing by synthesis,male,no,ERP017899,qiita_sid_10564:10564.AWGSVE2C,yes,16S rRNA,V4,68,68,Missing: Not applicable,2016-10-18T16:37:00Z,1,"EBV, HSV, VZV, Hepatitis A, Hepatitis B",C difficile recurrence,GERD,300,120564919,
O-,ERR1688175,Missing: Not collected,years,Missing: Not applicable,Missing: Not applicable,Missing: Not applicable,Missing: Not applicable,OTHER,PRJEB16057,SAMEA4506950,Missing: Not applicable,Missing: Not applicable,Missing: Not collected,UBERON:feces,UBERON:feces,UBERON:feces,55904719,"Daniel Frank Laboratory, University of Colorado, Anschutz",UNIVERSITY OF CALIFORNIA SAN DIEGO MICROBIOME INIT,Stem cell,Missing: Not applicable,negative,Missing: Restricted access,Missing: Not applicable,public,Missing: Not applicable,Missing: Not applicable,"sra,fastq,run.zq","gs,ncbi,s3,ena","ena,s3.us-east-1,gs.us-east1,ncbi.public",Missing: Not applicable,Missing: Not applicable,Missing: Not applicable,Missing: Not applicable,Missing: Not applicable,Missing: Not applicable,TRUE,Missing: Not applicable,Missing: not applicable,Missing: Not applicable,Missing: Not applicable,Missing: not applicable,Missing: Not applicable,Missing: Not applicable,Donor,Missing: Not applicable,Missing: Not applicable,1564,2016-10-14,2016-10-14,2018-11-16,2016-10-14,urban biome,human-associated habitat,feces,human-gut,Missing: Not applicable,ERX1757792,SAMEA4506950,USA,North America,USA:CO,"A31/31, B39/57, C6/12, DR12/13, DQ3/6",human,Homo sapiens,AY5F93TI,9606,Missing: Not collected,Missing: Not collected,UCSDMI,University of California San Diego Microbiome Initiative,2016-10-14T17:01:47Z,2016-10-14T01:31:43Z,public,Illumina MiSeq,39.76,10564.AY5F93TI,SINGLE,PCR,METAGENOMIC,-104.88,Missing: Not applicable,Missing: Not applicable,human gut metagenome,Missing: Not applicable,Missing: Not applicable,Missing: Not applicable,Missing: Not applicable,Missing: Not applicable,Missing: Not applicable,Missing: Not applicable,Missing: Not applicable,FWD:GTGCCAGCMGCCGCGGTAA; REV:GGACTACHVGGGTWTCTAAT,"University of Colorado, Anschutz",FALSE,Missing: Not applicable,ILLUMINA,GTGCCAGCMGCCGCGGTAA,Missing: Not collected,Missing: Not applicable,2016-10-18T00:00:00Z,Missing: Not applicable,"Daniel Frank Laboratory, University of Colorado, Anschutz",2015,AY5F93TI-R2,UC-Anschutz,SAMEA4506950,qiita_sid_10564:10564.AY5F93TI,stool,sequencing by synthesis,male,Missing: Not applicable,ERP017899,qiita_sid_10564:10564.AY5F93TI,Missing: Not applicable,16S rRNA,V4,Missing: Not applicable,Missing: Not applicable,Missing: Not applicable,2016-10-18T16:37:00Z,1,Missing: not collected,Missing: Not applicable,Missing: Not collected,300,91638828,Missing: Not applicable
A+,ERR1688176,48,years,positive,gut,yes,yes,OTHER,PRJEB16057,SAMEA4506951,A+,Missing: Not applicable,34,UBERON:feces,UBERON:feces,UBERON:feces,61952626,"Daniel Frank Laboratory, University of Colorado, Anschutz",UNIVERSITY OF CALIFORNIA SAN DIEGO MICROBIOME INIT,Stem cell,Bu/Cy,negative,Missing: Restricted access,High intensity,public,no,abnormal,"run.zq,fastq,sra","s3,gs,ncbi,ena","ncbi.public,gs.us-east1,s3.us-east-1,ena",Missing: Not applicable,14,11,1,MDS,refractory,TRUE,negative,10/10,female,Missing: Not applicable,Missing: not applicable,Missing: Not applicable,DC6MEYNB,Patient,pbsc,related,1564,2016-10-14,2016-10-14,2018-11-16,2016-10-14,urban biome,human-associated habitat,feces,human-gut,Sepsis/ARDS/GVHD,ERX1757793,SAMEA4506951,USA,North America,USA:CO,"A29/32, B44/44, C4/16, DR1/7, DQ2/5",human,Homo sapiens,BGI6J297,9606,Missing: Not applicable,no,UCSDMI,University of California San Diego Microbiome Initiative,2016-10-14T17:01:47Z,2016-10-14T01:31:43Z,public,Illumina MiSeq,39.76,10564.BGI6J297,SINGLE,PCR,METAGENOMIC,-104.88,yes,no,human gut metagenome,Missing: Not applicable,95,Missing: Not applicable,81,Missing: Not applicable,Missing: Not collected,Missing: Not applicable,Missing: Not collected,FWD:GTGCCAGCMGCCGCGGTAA; REV:GGACTACHVGGGTWTCTAAT,"University of Colorado, Anschutz",FALSE,yes,ILLUMINA,GTGCCAGCMGCCGCGGTAA,white,no,2016-10-18T00:00:00Z,116,"Daniel Frank Laboratory, University of Colorado, Anschutz",2015,BGI6J297-R2,UC-Anschutz,SAMEA4506951,qiita_sid_10564:10564.BGI6J297,stool,sequencing by synthesis,female,no,ERP017899,qiita_sid_10564:10564.BGI6J297,yes,16S rRNA,V4,75,75,116,2016-10-18T16:38:00Z,1,"HSV1, VZV","sepsis, VRE bacteremia",,300,105980212,
A+,ERR1688177,59,years,negative,None documented,no,yes,OTHER,PRJEB16057,SAMEA4506952,O+,B+,24,UBERON:feces,UBERON:feces,UBERON:feces,66568999,"Daniel Frank Laboratory, University of Colorado, Anschutz",UNIVERSITY OF CALIFORNIA SAN DIEGO MICROBIOME INIT,Stem cell,Flu/Cy/TBI,positive,Missing: Restricted access,Intermediate intensity,public,yes,normal,"sra,run.zq,fastq","ena,s3,ncbi,gs","s3.us-east-1,ena,gs.us-east1,ncbi.public",Missing: Not applicable,9,20,0,AML,refractory,TRUE,negative,8/10,female,negative,7/10,female,Missing: Not applicable,Patient,cord+cord,cord,1564,2016-10-14,2016-10-14,2018-11-16,2016-10-14,urban biome,human-associated habitat,feces,human-gut,Missing: Not applicable,ERX1757794,SAMEA4506952,USA,North America,USA:CO,"A2/24, B7/18, C7/12, DR1/4, DQ3/5",human,Homo sapiens,BINEWAGB,9606,hepatosplenic candidiasis,yes,UCSDMI,University of California San Diego Microbiome Initiative,2016-10-14T17:01:47Z,2016-10-14T01:31:43Z,public,Illumina MiSeq,39.76,10564.BINEWAGB,SINGLE,PCR,METAGENOMIC,-104.88,no,yes,human gut metagenome,Missing: Not collected,100,Missing: Not collected,100,Missing: Not applicable,100,Missing: Not applicable,95,FWD:GTGCCAGCMGCCGCGGTAA; REV:GGACTACHVGGGTWTCTAAT,"University of Colorado, Anschutz",FALSE,yes,ILLUMINA,GTGCCAGCMGCCGCGGTAA,white,no,2016-10-18T00:00:00Z,100,"Daniel Frank Laboratory, University of Colorado, Anschutz",2015,BINEWAGB-R2,UC-Anschutz,SAMEA4506952,qiita_sid_10564:10564.BINEWAGB,stool,sequencing by synthesis,male,no,ERP017899,qiita_sid_10564:10564.BINEWAGB,no,16S rRNA,V4,Missing: Not applicable,Missing: Not applicable,Missing: Not applicable,2016-10-18T16:38:00Z,1,"VZV, HSV",,cholecystectomy,300,113644058,
O+,ERR1688178,58,years,negative,None documented,no,yes,OTHER,PRJEB16057,SAMEA4506953,O+,Missing: Not applicable,23,UBERON:feces,UBERON:feces,UBERON:feces,51255921,"Daniel Frank Laboratory, University of Colorado, Anschutz",UNIVERSITY OF CALIFORNIA SAN DIEGO MICROBIOME INIT,Stem cell,Flu/TBI,negative,Missing: Restricted access,Low intensity,public,no,abnormal,"fastq,run.zq,sra","s3,gs,ncbi,ena","ncbi.public,ena,s3.us-east-1,gs.us-east1",Missing: Not applicable,23,14,0,NHL,remission,TRUE,negative,10/10,male,Missing: Not applicable,Missing: not applicable,Missing: Not applicable,BM9MHXUD,Patient,pbsc,related,1564,2016-10-14,2016-10-14,2018-11-16,2016-10-14,urban biome,human-associated habitat,feces,human-gut,Missing: Not applicable,ERX1757795,SAMEA4506953,USA,North America,USA:CO,"A3/29, B35/44, C4/16, DR4/7, DQ2/3",human,Homo sapiens,BKW5E7F4,9606,Missing: Not applicable,no,UCSDMI,University of California San Diego Microbiome Initiative,2016-10-14T17:01:47Z,2016-10-14T01:31:43Z,public,Illumina MiSeq,39.76,10564.BKW5E7F4,SINGLE,PCR,METAGENOMIC,-104.88,no,yes,human gut metagenome,100,34,70,28,100,94,95,93,FWD:GTGCCAGCMGCCGCGGTAA; REV:GGACTACHVGGGTWTCTAAT,"University of Colorado, Anschutz",FALSE,yes,ILLUMINA,GTGCCAGCMGCCGCGGTAA,white,no,2016-10-18T00:00:00Z,356,"Daniel Frank Laboratory, University of Colorado, Anschutz",2015,BKW5E7F4-R2,UC-Anschutz,SAMEA4506953,qiita_sid_10564:10564.BKW5E7F4,stool,sequencing by synthesis,female,no,ERP017899,qiita_sid_10564:10564.BKW5E7F4,yes,16S rRNA,V4,Missing: Not applicable,Missing: Not applicable,Missing: Not applicable,2016-10-29T11:26:00Z,2,"EBV, HSV, VZV",influenza,"GERD, polyp, diarrhea (Africa)",,,Stage 3
O+,ERR1688179,Missing: Not collected,years,Missing: Not applicable,Missing: Not applicable,Missing: Not applicable,Missing: Not applicable,OTHER,PRJEB16057,SAMEA4506954,Missing: Not applicable,Missing: Not applicable,Missing: Not collected,UBERON:feces,UBERON:feces,UBERON:feces,47686916,"Daniel Frank Laboratory, University of Colorado, Anschutz",UNIVERSITY OF CALIFORNIA SAN DIEGO MICROBIOME INIT,Stem cell,Missing: Not applicable,negative,Missing: Restricted access,Missing: Not applicable,public,Missing: Not applicable,Missing: Not applicable,"fastq,run.zq,sra","ena,ncbi,s3,gs","s3.us-east-1,ena,gs.us-east1,ncbi.public",Missing: Not applicable,Missing: Not applicable,Missing: Not applicable,Missing: Not applicable,Missing: Not applicable,Missing: Not applicable,TRUE,Missing: Not applicable,Missing: not applicable,Missing: Not applicable,Missing: Not applicable,Missing: not applicable,Missing: Not applicable,Missing: Not applicable,Donor,Missing: Not applicable,Missing: Not applicable,1564,2016-10-14,2016-10-14,2018-11-16,2016-10-14,urban biome,human-associated habitat,feces,human-gut,Missing: Not applicable,ERX1757796,SAMEA4506954,USA,North America,USA:CO,"A3/29, B35/44, C4/16, DR4/7, DQ2/3",human,Homo sapiens,BM9MHXUD,9606,Missing: Not collected,Missing: Not collected,UCSDMI,University of California San Diego Microbiome Initiative,2016-10-14T17:01:47Z,2016-10-14T01:31:43Z,public,Illumina MiSeq,39.76,10564.BM9MHXUD,SINGLE,PCR,METAGENOMIC,-104.88,Missing: Not applicable,Missing: Not applicable,human gut metagenome,Missing: Not applicable,Missing: Not applicable,Missing: Not applicable,Missing: Not applicable,Missing: Not applicable,Missing: Not applicable,Missing: Not applicable,Missing: Not applicable,FWD:GTGCCAGCMGCCGCGGTAA; REV:GGACTACHVGGGTWTCTAAT,"University of Colorado, Anschutz",FALSE,Missing: Not applicable,ILLUMINA,GTGCCAGCMGCCGCGGTAA,Missing: Not collected,Missing: Not applicable,2016-10-18T00:00:00Z,Missing: Not applicable,"Daniel Frank Laboratory, University of Colorado, Anschutz",2015,BM9MHXUD-R2,UC-Anschutz,SAMEA4506954,qiita_sid_10564:10564.BM9MHXUD,stool,sequencing by synthesis,male,Missing: Not applicable,ERP017899,qiita_sid_10564:10564.BM9MHXUD,Missing: Not applicable,16S rRNA,V4,Missing: Not applicable,Missing: Not applicable,Missing: Not applicable,2016-10-18T16:38:00Z,1,Missing: not collected,Missing: Not applicable,Missing: Not collected,300,78754613,Missing: Not applicable
O+,ERR1688180,49,years,positive,gut,yes,yes,OTHER,PRJEB16057,SAMEA4506955,O+,O+,21,UBERON:feces,UBERON:feces,UBERON:feces,81243863,"Daniel Frank Laboratory, University of Colorado, Anschutz",UNIVERSITY OF CALIFORNIA SAN DIEGO MICROBIOME INIT,Stem cell,Flu/Cy/TBI,positive,Missing: Restricted access,Intermediate intensity,public,yes,normal,"sra,fastq,run.zq","ncbi,ena,gs,s3","ena,gs.us-east1,ncbi.public,s3.us-east-1",Missing: Not applicable,27,38,1,TCL,refractory,TRUE,positive,7/10,male,positive,6/10,female,Missing: Not applicable,Patient,cord+cord,cord,1564,2016-10-14,2016-10-14,2018-11-16,2016-10-14,urban biome,human-associated habitat,feces,human-gut,Missing: Not collected,ERX1757797,SAMEA4506955,USA,North America,USA:CO,"A2/2, B39/45, C5/7, DR7/15, DQ3/6",human,Homo sapiens,CCHWVERY,9606,C difficile,yes,UCSDMI,University of California San Diego Microbiome Initiative,2016-10-14T17:01:47Z,2016-10-14T01:31:43Z,public,Illumina MiSeq,39.76,10564.CCHWVERY,SINGLE,PCR,METAGENOMIC,-104.88,no,yes,human gut metagenome,Missing: Not collected,100,100,100,Missing: Not applicable,100,100,100,FWD:GTGCCAGCMGCCGCGGTAA; REV:GGACTACHVGGGTWTCTAAT,"University of Colorado, Anschutz",FALSE,yes,ILLUMINA,GTGCCAGCMGCCGCGGTAA,white,no,2016-10-18T00:00:00Z,100,"Daniel Frank Laboratory, University of Colorado, Anschutz",2015,CCHWVERY-R2,UC-Anschutz,SAMEA4506955,qiita_sid_10564:10564.CCHWVERY,stool,sequencing by synthesis,female,no,ERP017899,qiita_sid_10564:10564.CCHWVERY,no,16S rRNA,V4,27,27,Missing: Not collected,2016-10-18T16:38:00Z,1,"EBV, HSV, VZV","C difficile, pneunomia, VRE, proteus mirabilis UTI",GERD,300,136876807,
O+,ERR1688181,45,years,positive,gut,Grade II,yes,OTHER,PRJEB16057,SAMEA4506956,O+,Missing: Not applicable,23,UBERON:feces,UBERON:feces,UBERON:feces,26295198,"Daniel Frank Laboratory, University of Colorado, Anschutz",UNIVERSITY OF CALIFORNIA SAN DIEGO MICROBIOME INIT,Stem cell,Flu/TBI,positive,Missing: Restricted access,Low intensity,public,no,normal,"sra,fastq,run.zq","ena,ncbi,s3,gs","ncbi.public,s3.us-east-1,gs.us-east1,ena",159,22,13,0,HD,refractory,TRUE,negative,10/10,female,Missing: Not applicable,Missing: not applicable,Missing: Not applicable,LE2JYPJ8,Patient,pbsc,related,1564,2016-10-14,2016-10-14,2018-11-16,2016-10-14,urban biome,human-associated habitat,feces,human-gut,Missing: Not applicable,ERX1757798,SAMEA4506956,USA,North America,USA:CO,"A2/2, B8/39, C7/7, DR3/8, DQ2/4",human,Homo sapiens,CE3XUVX2,9606,ear abscesses,yes,UCSDMI,University of California San Diego Microbiome Initiative,2016-10-14T17:01:47Z,2016-10-14T01:31:43Z,public,Illumina MiSeq,39.76,10564.CE3XUVX2,SINGLE,PCR,METAGENOMIC,-104.88,no,yes,human gut metagenome,Missing: Not collected,77,Missing: Not collected,68,Missing: Not applicable,95,Missing: Not applicable,90,FWD:GTGCCAGCMGCCGCGGTAA; REV:GGACTACHVGGGTWTCTAAT,"University of Colorado, Anschutz",FALSE,yes,ILLUMINA,GTGCCAGCMGCCGCGGTAA,white,yes,2016-10-18T00:00:00Z,180,"Daniel Frank Laboratory, University of Colorado, Anschutz",2015,CE3XUVX2-R2,UC-Anschutz,SAMEA4506956,qiita_sid_10564:10564.CE3XUVX2,stool,sequencing by synthesis,male,no,ERP017899,qiita_sid_10564:10564.CE3XUVX2,yes,16S rRNA,V4,112,112,Missing: Not applicable,2016-10-18T16:38:00Z,1,"VZV, hepatitis B, hepatitis C","pneumonia, strep viridans bacteremia","hepatitis C, hepatitis B, hemosiderosis",300,42897867,Stage 1
A+,ERR1688182,51,years,negative,"liver, skin",Grade I,yes,OTHER,PRJEB16057,SAMEA4506957,B-,Missing: Not applicable,33,UBERON:feces,UBERON:feces,UBERON:feces,42433129,"Daniel Frank Laboratory, University of Colorado, Anschutz",UNIVERSITY OF CALIFORNIA SAN DIEGO MICROBIOME INIT,Stem cell,Flu/TBI,positive,Missing: Restricted access,Low intensity,public,no,abnormal,"run.zq,fastq,sra","gs,ena,ncbi,s3","gs.us-east1,s3.us-east-1,ena,ncbi.public",Missing: Not collected,16,10,0,NHL,refractory,TRUE,positive,10/10,male,Missing: Not applicable,Missing: not applicable,Missing: Not applicable,Missing: Not applicable,Patient,pbsc,related,1564,2016-10-14,2016-10-14,2018-11-16,2016-10-14,urban biome,human-associated habitat,feces,human-gut,Missing: Not applicable,ERX1757799,SAMEA4506957,USA,North America,USA:CO,"A2/3, B7/27, C5/7, DR3/12, DQ2/3",human,Homo sapiens,CF50P3GN,9606,Missing: Not applicable,no,UCSDMI,University of California San Diego Microbiome Initiative,2016-10-14T17:01:47Z,2016-10-14T01:31:43Z,public,Illumina MiSeq,39.76,10564.CF50P3GN,SINGLE,PCR,METAGENOMIC,-104.88,no,yes,human gut metagenome,Missing: Not applicable,Missing: Not applicable,Missing: Not applicable,88,100,95,100,Missing: Not collected,FWD:GTGCCAGCMGCCGCGGTAA; REV:GGACTACHVGGGTWTCTAAT,"University of Colorado, Anschutz",FALSE,yes,ILLUMINA,GTGCCAGCMGCCGCGGTAA,white,yes,2016-10-18T00:00:00Z,365,"Daniel Frank Laboratory, University of Colorado, Anschutz",2015,CF50P3GN-R2,UC-Anschutz,SAMEA4506957,qiita_sid_10564:10564.CF50P3GN,stool,sequencing by synthesis,male,no,ERP017899,qiita_sid_10564:10564.CF50P3GN,yes,16S rRNA,V4,54,54,Missing: Not applicable,2016-10-29T11:26:00Z,1,"EBV, HSV, VZV",,"diverticulosis, polyp",,,Stage 1
O+,ERR1688183,71,years,negative,None documented,no,yes,OTHER,PRJEB16057,SAMEA4506958,O+,Missing: Not applicable,29,UBERON:feces,UBERON:feces,UBERON:feces,31680881,"Daniel Frank Laboratory, University of Colorado, Anschutz",UNIVERSITY OF CALIFORNIA SAN DIEGO MICROBIOME INIT,Stem cell,Flu/TBI,positive,Missing: Restricted access,Low intensity,public,no,abnormal,"run.zq,sra,fastq","ncbi,s3,ena,gs","s3.us-east-1,gs.us-east1,ena,ncbi.public",61,14,14,1,AML,remission,TRUE,negative,10/10,male,Missing: Not applicable,Missing: not applicable,Missing: Not applicable,TX5QZZCE,Patient,pbsc,related,1564,2016-10-14,2016-10-14,2018-11-16,2016-10-14,urban biome,human-associated habitat,feces,human-gut,Relapse,ERX1757800,SAMEA4506958,USA,North America,USA:CO,"A2/2, B15/41, C3/17, DR4/13, DQ3/6",human,Homo sapiens,CV6HFKNZ,9606,Missing: Not applicable,no,UCSDMI,University of California San Diego Microbiome Initiative,2016-10-14T17:01:47Z,2016-10-14T01:31:44Z,public,Illumina MiSeq,39.76,10564.CV6HFKNZ,SINGLE,PCR,METAGENOMIC,-104.88,no,yes,human gut metagenome,Missing: Not applicable,Missing: Not collected,Missing: Not applicable,29,Missing: Not applicable,Missing: Not collected,Missing: Not applicable,Missing: Not collected,FWD:GTGCCAGCMGCCGCGGTAA; REV:GGACTACHVGGGTWTCTAAT,"University of Colorado, Anschutz",FALSE,yes,ILLUMINA,GTGCCAGCMGCCGCGGTAA,white,yes,2016-10-18T00:00:00Z,151,"Daniel Frank Laboratory, University of Colorado, Anschutz",2015,CV6HFKNZ-R2,UC-Anschutz,SAMEA4506958,qiita_sid_10564:10564.CV6HFKNZ,stool,sequencing by synthesis,female,no,ERP017899,qiita_sid_10564:10564.CV6HFKNZ,yes,16S rRNA,V4,Missing: Not applicable,Missing: Not applicable,151,2016-10-29T11:26:00Z,1,"HSV, VZV","neutropenic fever, septic knee, CNS bacteremia, cellulitis","bowel rupture/resection, diverticulitis, cholecystectomy",,,
O+,ERR1688184,59,years,negative,skin,yes,yes,OTHER,PRJEB16057,SAMEA4506959,O-,Missing: Not applicable,22,UBERON:feces,UBERON:feces,UBERON:feces,34603807,"Daniel Frank Laboratory, University of Colorado, Anschutz",UNIVERSITY OF CALIFORNIA SAN DIEGO MICROBIOME INIT,Stem cell,Bu/Cy,positive,Missing: Restricted access,High intensity,public,no,normal,"fastq,run.zq,sra","s3,gs,ena,ncbi","ena,s3.us-east-1,gs.us-east1,ncbi.public",Missing: Not applicable,17,13,0,ALL,refractory,TRUE,negative,10/10,male,Missing: Not applicable,Missing: not applicable,Missing: Not applicable,AY5F93TI,Patient,pbsc,related,1564,2016-10-14,2016-10-14,2018-11-16,2016-10-14,urban biome,human-associated habitat,feces,human-gut,Missing: Not applicable,ERX1757801,SAMEA4506959,USA,North America,USA:CO,"A31/31, B39/57, C6/12, DR12/13, DQ3/6",human,Homo sapiens,D6A696HR,9606,Missing: Not applicable,no,UCSDMI,University of California San Diego Microbiome Initiative,2016-10-14T17:01:47Z,2016-10-14T01:31:44Z,public,Illumina MiSeq,39.76,10564.D6A696HR,SINGLE,PCR,METAGENOMIC,-104.88,yes,no,human gut metagenome,100,100,100,95,100,100,100,95,FWD:GTGCCAGCMGCCGCGGTAA; REV:GGACTACHVGGGTWTCTAAT,"University of Colorado, Anschutz",FALSE,yes,ILLUMINA,GTGCCAGCMGCCGCGGTAA,white,no,2016-10-18T00:00:00Z,123,"Daniel Frank Laboratory, University of Colorado, Anschutz",2015,D6A696HR-R2,UC-Anschutz,SAMEA4506959,qiita_sid_10564:10564.D6A696HR,stool,sequencing by synthesis,female,no,ERP017899,qiita_sid_10564:10564.D6A696HR,yes,16S rRNA,V4,123,123,Missing: Not applicable,2016-10-29T11:27:00Z,1,VZV,"C difficile, mold in sinus",,,,Stage 3
A+,ERR1688185,Missing: Not collected,years,Missing: Not applicable,Missing: Not applicable,Missing: Not applicable,Missing: Not applicable,OTHER,PRJEB16057,SAMEA4506960,Missing: Not applicable,Missing: Not applicable,Missing: Not collected,UBERON:feces,UBERON:feces,UBERON:feces,47781567,"Daniel Frank Laboratory, University of Colorado, Anschutz",UNIVERSITY OF CALIFORNIA SAN DIEGO MICROBIOME INIT,Stem cell,Missing: Not applicable,negative,Missing: Restricted access,Missing: Not applicable,public,Missing: Not applicable,Missing: Not applicable,"run.zq,fastq,sra","gs,ncbi,s3,ena","gs.us-east1,ncbi.public,ena,s3.us-east-1",Missing: Not applicable,Missing: Not applicable,Missing: Not applicable,Missing: Not applicable,Missing: Not applicable,Missing: Not applicable,TRUE,Missing: Not applicable,Missing: not applicable,Missing: Not applicable,Missing: Not applicable,Missing: not applicable,Missing: Not applicable,Missing: Not applicable,Donor,Missing: Not applicable,Missing: Not applicable,1564,2016-10-14,2016-10-14,2018-11-16,2016-10-14,urban biome,human-associated habitat,feces,human-gut,Missing: Not applicable,ERX1757802,SAMEA4506960,USA,North America,USA:CO,"A29/32, B44/44, C4/16, DR1/7, DQ2/5",human,Homo sapiens,DC6MEYNB,9606,Missing: Not collected,Missing: Not collected,UCSDMI,University of California San Diego Microbiome Initiative,2016-10-14T17:01:47Z,2016-10-14T01:31:44Z,public,Illumina MiSeq,39.76,10564.DC6MEYNB,SINGLE,PCR,METAGENOMIC,-104.88,Missing: Not applicable,Missing: Not applicable,human gut metagenome,Missing: Not applicable,Missing: Not applicable,Missing: Not applicable,Missing: Not applicable,Missing: Not applicable,Missing: Not applicable,Missing: Not applicable,Missing: Not applicable,FWD:GTGCCAGCMGCCGCGGTAA; REV:GGACTACHVGGGTWTCTAAT,"University of Colorado, Anschutz",FALSE,Missing: Not applicable,ILLUMINA,GTGCCAGCMGCCGCGGTAA,Missing: Not collected,Missing: Not applicable,2016-10-18T00:00:00Z,Missing: Not applicable,"Daniel Frank Laboratory, University of Colorado, Anschutz",2015,DC6MEYNB-R2,UC-Anschutz,SAMEA4506960,qiita_sid_10564:10564.DC6MEYNB,stool,sequencing by synthesis,female,Missing: Not applicable,ERP017899,qiita_sid_10564:10564.DC6MEYNB,Missing: Not applicable,16S rRNA,V4,Missing: Not applicable,Missing: Not applicable,Missing: Not applicable,2016-10-29T11:27:00Z,2,Missing: not collected,Missing: Not applicable,Missing: Not collected,,,Missing: Not applicable
O+,ERR1688186,72,years,negative,None documented,no,yes,OTHER,PRJEB16057,SAMEA4506961,O+,O+,28,UBERON:feces,UBERON:feces,UBERON:feces,49187797,"Daniel Frank Laboratory, University of Colorado, Anschutz",UNIVERSITY OF CALIFORNIA SAN DIEGO MICROBIOME INIT,Stem cell,Flu/Cy/TBI,positive,Missing: Restricted access,Intermediate intensity,public,yes,abnormal,"sra,run.zq,fastq","gs,s3,ncbi,ena","ena,gs.us-east1,ncbi.public,s3.us-east-1",183,13,20,1,AML,refractory,TRUE,negative,10/10,male,negative,8/10,female,Missing: Not applicable,Patient,cord+cord,cord,1564,2016-10-14,2016-10-14,2018-11-16,2016-10-14,urban biome,human-associated habitat,feces,human-gut,Relapse,ERX1757803,SAMEA4506961,USA,North America,USA:CO,"A3/24, B7/40, C3/7, DR4/15, DQ3/6",human,Homo sapiens,DJ3SQ1HX,9606,Missing: Not applicable,no,UCSDMI,University of California San Diego Microbiome Initiative,2016-10-14T17:01:47Z,2016-10-14T01:31:44Z,public,Illumina MiSeq,39.76,10564.DJ3SQ1HX,SINGLE,PCR,METAGENOMIC,-104.88,no,yes,human gut metagenome,Missing: Not applicable,78,Missing: Not collected,92,Missing: Not applicable,Missing: Not collected,Missing: Not collected,Missing: Not collected,FWD:GTGCCAGCMGCCGCGGTAA; REV:GGACTACHVGGGTWTCTAAT,"University of Colorado, Anschutz",FALSE,yes,ILLUMINA,GTGCCAGCMGCCGCGGTAA,white,yes,2016-10-18T00:00:00Z,278,"Daniel Frank Laboratory, University of Colorado, Anschutz",2015,DJ3SQ1HX-R2,UC-Anschutz,SAMEA4506961,qiita_sid_10564:10564.DJ3SQ1HX,stool,sequencing by synthesis,male,no,ERP017899,qiita_sid_10564:10564.DJ3SQ1HX,no,16S rRNA,V4,Missing: Not applicable,Missing: Not applicable,278,2016-10-18T16:38:00Z,1,"HSV, VZV","RSV, fungal pneumonia, neutropenic fever","GERD, Barretts esophagus",300,80001788,
A-,ERR1688187,65,years,negative,None documented,no,yes,OTHER,PRJEB16057,SAMEA4506962,B+,O+,26,UBERON:feces,UBERON:feces,UBERON:feces,24265000,"Daniel Frank Laboratory, University of Colorado, Anschutz",UNIVERSITY OF CALIFORNIA SAN DIEGO MICROBIOME INIT,Stem cell,Flu/Cy/TBI,positive,Missing: Restricted access,Intermediate intensity,public,yes,abnormal,"sra,fastq,run.zq","ena,gs,s3,ncbi","ncbi.public,ena,gs.us-east1,s3.us-east-1",31,32,41,1,AML,refractory,TRUE,negative,7/10,female,positive,7/10,male,Missing: Not applicable,Patient,cord+cord,cord,1564,2016-10-14,2016-10-14,2018-11-16,2016-10-14,urban biome,human-associated habitat,feces,human-gut,Missing: Not collected,ERX1757804,SAMEA4506962,USA,North America,USA:CO,"A2/2, B7/44, C2/7, DR15/15, DQ5/6",human,Homo sapiens,DMEOOJFG,9606,Missing: Not applicable,no,UCSDMI,University of California San Diego Microbiome Initiative,2016-10-14T17:01:47Z,2016-10-14T01:31:44Z,public,Illumina MiSeq,39.76,10564.DMEOOJFG,SINGLE,PCR,METAGENOMIC,-104.88,no,yes,human gut metagenome,95,Missing: Not collected,Missing: Not collected,5,Missing: Not collected,Missing: Not collected,Missing: Not collected,Missing: Not collected,FWD:GTGCCAGCMGCCGCGGTAA; REV:GGACTACHVGGGTWTCTAAT,"University of Colorado, Anschutz",FALSE,yes,ILLUMINA,GTGCCAGCMGCCGCGGTAA,white,yes,2016-10-18T00:00:00Z,476,"Daniel Frank Laboratory, University of Colorado, Anschutz",2015,DMEOOJFG-R2,UC-Anschutz,SAMEA4506962,qiita_sid_10564:10564.DMEOOJFG,stool,sequencing by synthesis,male,no,ERP017899,qiita_sid_10564:10564.DMEOOJFG,no,16S rRNA,V4,Missing: Not applicable,Missing: Not applicable,476,2016-10-18T16:38:00Z,1,"EBV, HSV, VZV",knee 9/2013,GERD,300,39618584,
B-,ERR1688188,67,years,negative,None documented,no,yes,OTHER,PRJEB16057,SAMEA4506963,O+,Missing: Not applicable,34,UBERON:feces,UBERON:feces,UBERON:feces,42583945,"Daniel Frank Laboratory, University of Colorado, Anschutz",UNIVERSITY OF CALIFORNIA SAN DIEGO MICROBIOME INIT,Stem cell,Flu/TBI,positive,Missing: Restricted access,Low intensity,public,no,abnormal,"fastq,run.zq,sra","ncbi,s3,gs,ena","ncbi.public,ena,gs.us-east1,s3.us-east-1",Missing: Not applicable,16,13,0,CLL,refractory,TRUE,positive,10/10,male,Missing: Not applicable,Missing: not applicable,Missing: Not applicable,Missing: Not applicable,Patient,pbsc,unrelated,1564,2016-10-14,2016-10-14,2018-11-16,2016-10-14,urban biome,human-associated habitat,feces,human-gut,Missing: Not applicable,ERX1757805,SAMEA4506963,USA,North America,USA:CO,"A2/25, B7/18, C7/12, DR3/13, DQ2/6",human,Homo sapiens,DZ6T2E56,9606,Missing: Not applicable,no,UCSDMI,University of California San Diego Microbiome Initiative,2016-10-14T17:01:47Z,2016-10-14T01:31:44Z,public,Illumina MiSeq,39.76,10564.DZ6T2E56,SINGLE,PCR,METAGENOMIC,-104.88,no,yes,human gut metagenome,Missing: Not collected,89,Missing: Not collected,83,Missing: Not applicable,96,Missing: Not applicable,95,FWD:GTGCCAGCMGCCGCGGTAA; REV:GGACTACHVGGGTWTCTAAT,"University of Colorado, Anschutz",FALSE,yes,ILLUMINA,GTGCCAGCMGCCGCGGTAA,white,no,2016-10-18T00:00:00Z,185,"Daniel Frank Laboratory, University of Colorado, Anschutz",2015,DZ6T2E56-R2,UC-Anschutz,SAMEA4506963,qiita_sid_10564:10564.DZ6T2E56,stool,sequencing by synthesis,male,no,ERP017899,qiita_sid_10564:10564.DZ6T2E56,yes,16S rRNA,V4,Missing: Not applicable,Missing: Not applicable,Missing: Not applicable,2016-10-18T16:38:00Z,1,"VZV, HSV","human metapneumovirus, PCP pneumonia, oral candida, CMV pneumonia, rhinovirus",,300,70204400,Stage 2
O+,ERR1688189,64,years,positive,gut,Grade II,yes,OTHER,PRJEB16057,SAMEA4506964,B+,A+,27,UBERON:feces,UBERON:feces,UBERON:feces,46318032,"Daniel Frank Laboratory, University of Colorado, Anschutz",UNIVERSITY OF CALIFORNIA SAN DIEGO MICROBIOME INIT,Stem cell,Flu/Treo/TBI,positive,Missing: Restricted access,Intermediate intensity,public,yes,normal,"sra,run.zq,fastq","s3,ena,ncbi,gs","s3.us-east-1,ncbi.public,ena,gs.us-east1",Missing: Not applicable,27,30,0,AML,remission,TRUE,negative,8/10,female,positive,5/10,female,Missing: Not applicable,Patient,cord+cord,cord,1564,2016-10-14,2016-10-14,2018-11-16,2016-10-14,urban biome,human-associated habitat,feces,human-gut,Missing: Not applicable,ERX1757806,SAMEA4506964,USA,North America,USA:CO,"A11/29, B44/51, C3/16, DR4/15, DQ3/6",human,Homo sapiens,F5KYZ6JD,9606,"HSV oral, tinea cruris",yes,UCSDMI,University of California San Diego Microbiome Initiative,2016-10-14T17:01:47Z,2016-10-14T01:31:44Z,public,Illumina MiSeq,39.76,10564.F5KYZ6JD,SINGLE,PCR,METAGENOMIC,-104.88,no,yes,human gut metagenome,100,100,100,95,100,100,100,95,FWD:GTGCCAGCMGCCGCGGTAA; REV:GGACTACHVGGGTWTCTAAT,"University of Colorado, Anschutz",FALSE,yes,ILLUMINA,GTGCCAGCMGCCGCGGTAA,white,no,2016-10-18T00:00:00Z,100,"Daniel Frank Laboratory, University of Colorado, Anschutz",2015,F5KYZ6JD-R2,UC-Anschutz,SAMEA4506964,qiita_sid_10564:10564.F5KYZ6JD,stool,sequencing by synthesis,male,no,ERP017899,qiita_sid_10564:10564.F5KYZ6JD,no,16S rRNA,V4,94,94,Missing: Not applicable,2016-10-18T16:38:00Z,1,"EBV, HSV, VZV","bipolaris mold, neutropenic fever",GERD,300,74791839,Stage 1
O+,ERR1688190,Missing: Not collected,years,Missing: Not applicable,Missing: Not applicable,Missing: Not applicable,Missing: Not applicable,OTHER,PRJEB16057,SAMEA4506965,Missing: Not applicable,Missing: Not applicable,Missing: Not collected,UBERON:feces,UBERON:feces,UBERON:feces,69064625,"Daniel Frank Laboratory, University of Colorado, Anschutz",UNIVERSITY OF CALIFORNIA SAN DIEGO MICROBIOME INIT,Stem cell,Missing: Not applicable,positive,Missing: Restricted access,Missing: Not applicable,public,Missing: Not applicable,Missing: Not applicable,"fastq,sra,run.zq","gs,ncbi,s3,ena","gs.us-east1,ena,s3.us-east-1,ncbi.public",Missing: Not applicable,Missing: Not applicable,Missing: Not applicable,Missing: Not applicable,Missing: Not applicable,Missing: Not applicable,TRUE,Missing: Not applicable,Missing: not applicable,Missing: Not applicable,Missing: Not applicable,Missing: not applicable,Missing: Not applicable,Missing: Not applicable,Donor,Missing: Not applicable,Missing: Not applicable,1564,2016-10-14,2016-10-14,2018-11-16,2016-10-14,urban biome,human-associated habitat,feces,human-gut,Missing: Not applicable,ERX1757807,SAMEA4506965,USA,North America,USA:CO,"A1/2, B7/8, C7/7, DR1/3, DQ2/5",human,Homo sapiens,FIU1JONN,9606,Missing: Not collected,Missing: Not collected,UCSDMI,University of California San Diego Microbiome Initiative,2016-10-14T17:01:47Z,2016-10-14T01:31:44Z,public,Illumina MiSeq,39.76,10564.FIU1JONN,SINGLE,PCR,METAGENOMIC,-104.88,Missing: Not applicable,Missing: Not applicable,human gut metagenome,Missing: Not applicable,Missing: Not applicable,Missing: Not applicable,Missing: Not applicable,Missing: Not applicable,Missing: Not applicable,Missing: Not applicable,Missing: Not applicable,FWD:GTGCCAGCMGCCGCGGTAA; REV:GGACTACHVGGGTWTCTAAT,"University of Colorado, Anschutz",FALSE,Missing: Not applicable,ILLUMINA,GTGCCAGCMGCCGCGGTAA,Missing: Not collected,Missing: Not applicable,2016-10-18T00:00:00Z,Missing: Not applicable,"Daniel Frank Laboratory, University of Colorado, Anschutz",2015,FIU1JONN-R2,UC-Anschutz,SAMEA4506965,qiita_sid_10564:10564.FIU1JONN,stool,sequencing by synthesis,female,Missing: Not applicable,ERP017899,qiita_sid_10564:10564.FIU1JONN,Missing: Not applicable,16S rRNA,V4,Missing: Not applicable,Missing: Not applicable,Missing: Not applicable,2016-10-29T11:27:00Z,2,Missing: not collected,Missing: Not applicable,Missing: Not collected,,,Missing: Not applicable
AB+,ERR1688191,33,years,positive,gut,yes,yes,OTHER,PRJEB16057,SAMEA4506966,A-,A+,21,UBERON:feces,UBERON:feces,UBERON:feces,63663201,"Daniel Frank Laboratory, University of Colorado, Anschutz",UNIVERSITY OF CALIFORNIA SAN DIEGO MICROBIOME INIT,Stem cell,Flu/Treo/TBI,negative,Missing: Restricted access,Intermediate intensity,public,yes,abnormal,"run.zq,sra,fastq","s3,gs,ena,ncbi","ena,ncbi.public,s3.us-east-1,gs.us-east1",Missing: Not applicable,14,16,0,AML,remission,TRUE,positive,8/10,male,positive,5/10,male,Missing: Not applicable,Patient,cord+cord,cord,1564,2016-10-14,2016-10-14,2018-11-16,2016-10-14,urban biome,human-associated habitat,feces,human-gut,Missing: Not applicable,ERX1757808,SAMEA4506966,USA,North America,USA:CO,"A2/26, B15/51, C3/4, DR4/15, DQ3/6",human,Homo sapiens,FPEBR7P4,9606,bacteremia,yes,UCSDMI,University of California San Diego Microbiome Initiative,2016-10-14T17:01:47Z,2016-10-14T01:31:44Z,public,Illumina MiSeq,39.76,10564.FPEBR7P4,SINGLE,PCR,METAGENOMIC,-104.88,no,yes,human gut metagenome,100,100,100,100,100,100,100,100,FWD:GTGCCAGCMGCCGCGGTAA; REV:GGACTACHVGGGTWTCTAAT,"University of Colorado, Anschutz",FALSE,yes,ILLUMINA,GTGCCAGCMGCCGCGGTAA,white,no,2016-10-18T00:00:00Z,100,"Daniel Frank Laboratory, University of Colorado, Anschutz",2015,FPEBR7P4-R2,UC-Anschutz,SAMEA4506966,qiita_sid_10564:10564.FPEBR7P4,stool,sequencing by synthesis,female,no,ERP017899,qiita_sid_10564:10564.FPEBR7P4,no,16S rRNA,V4,51,51,Missing: Not applicable,2016-10-18T16:38:00Z,1,"HSV, VZV",,IBD,300,107601053,Stage 3
AB+,ERR1688192,70,years,negative,None documented,no,yes,OTHER,PRJEB16057,SAMEA4506967,A-,Missing: Not applicable,23,UBERON:feces,UBERON:feces,UBERON:feces,52588555,"Daniel Frank Laboratory, University of Colorado, Anschutz",UNIVERSITY OF CALIFORNIA SAN DIEGO MICROBIOME INIT,Stem cell,Flu/TBI,positive,Missing: Restricted access,Low intensity,public,no,abnormal,"run.zq,fastq,sra","gs,ncbi,s3,ena","ena,ncbi.public,gs.us-east1,s3.us-east-1",Missing: Not applicable,20,14,0,ALL,remission,TRUE,negative,10/10,male,Missing: Not applicable,Missing: not applicable,Missing: Not applicable,Missing: Not applicable,Patient,pbsc,unrelated,1564,2016-10-14,2016-10-14,2018-11-16,2016-10-14,urban biome,human-associated habitat,feces,human-gut,Missing: Not applicable,ERX1757809,SAMEA4506967,USA,North America,USA:CO,"A2/3, B7/44, C5/7, DR1/15, DQ5/6",human,Homo sapiens,GETLNC9Z,9606,Missing: Not applicable,no,UCSDMI,University of California San Diego Microbiome Initiative,2016-10-14T17:01:47Z,2016-10-14T01:31:44Z,public,Illumina MiSeq,39.76,10564.GETLNC9Z,SINGLE,PCR,METAGENOMIC,-104.88,no,yes,human gut metagenome,95,45,70,46,95,50,70,50,FWD:GTGCCAGCMGCCGCGGTAA; REV:GGACTACHVGGGTWTCTAAT,"University of Colorado, Anschutz",FALSE,yes,ILLUMINA,GTGCCAGCMGCCGCGGTAA,white,no,2016-10-18T00:00:00Z,180,"Daniel Frank Laboratory, University of Colorado, Anschutz",2015,GETLNC9Z-R2,UC-Anschutz,SAMEA4506967,qiita_sid_10564:10564.GETLNC9Z,stool,sequencing by synthesis,male,no,ERP017899,qiita_sid_10564:10564.GETLNC9Z,yes,16S rRNA,V4,Missing: Not applicable,Missing: Not applicable,Missing: Not applicable,2016-10-18T16:38:00Z,1,VZV,neutropenic fever 7/2013; rhinovirus 8/2013; E coli bacteremia 12/2013,"Crohn, ileum resection, cholecystectomy, appendectomy, GERD, chronic pancreatitis",300,86422349,Stage 2
O+,ERR1688193,73,years,negative,None documented,no,yes,OTHER,PRJEB16057,SAMEA4506968,A+,Missing: Not applicable,28,UBERON:feces,UBERON:feces,UBERON:feces,30179684,"Daniel Frank Laboratory, University of Colorado, Anschutz",UNIVERSITY OF CALIFORNIA SAN DIEGO MICROBIOME INIT,Stem cell,Flu/TBI,positive,Missing: Restricted access,Low intensity,public,no,abnormal,"sra,run.zq,fastq","s3,ncbi,gs,ena","ena,s3.us-east-1,ncbi.public,gs.us-east1",76,19,9,0,AML,refractory,TRUE,negative,10/10,male,Missing: Not applicable,Missing: not applicable,Missing: Not applicable,0QP6NJCM,Patient,pbsc,related,1564,2016-10-14,2016-10-14,2018-11-16,2016-10-14,urban biome,human-associated habitat,feces,human-gut,Missing: Not applicable,ERX1757810,SAMEA4506968,USA,North America,USA:CO,"A3/29, B44/44, C2/16, DR1/7, DQ2/5",human,Homo sapiens,GXRXGLH3,9606,Missing: Not applicable,no,UCSDMI,University of California San Diego Microbiome Initiative,2016-10-14T17:01:47Z,2016-10-14T01:31:44Z,public,Illumina MiSeq,39.76,10564.GXRXGLH3,SINGLE,PCR,METAGENOMIC,-104.88,no,yes,human gut metagenome,Missing: Not collected,64,Missing: Not collected,66,Missing: Not applicable,48,Missing: Not applicable,95,FWD:GTGCCAGCMGCCGCGGTAA; REV:GGACTACHVGGGTWTCTAAT,"University of Colorado, Anschutz",FALSE,yes,ILLUMINA,GTGCCAGCMGCCGCGGTAA,white,yes,2016-10-18T00:00:00Z,100,"Daniel Frank Laboratory, University of Colorado, Anschutz",2015,GXRXGLH3-R2,UC-Anschutz,SAMEA4506968,qiita_sid_10564:10564.GXRXGLH3,stool,sequencing by synthesis,male,no,ERP017899,qiita_sid_10564:10564.GXRXGLH3,yes,16S rRNA,V4,Missing: Not applicable,Missing: Not applicable,Missing: Not applicable,2016-10-18T16:38:00Z,1,HSV,,GIB,300,48002827,
O+,ERR1688194,27,years,positive,"skin, upper gut",Grade II,yes,OTHER,PRJEB16057,SAMEA4506969,A+,A-,31,UBERON:feces,UBERON:feces,UBERON:feces,59239785,"Daniel Frank Laboratory, University of Colorado, Anschutz",UNIVERSITY OF CALIFORNIA SAN DIEGO MICROBIOME INIT,Stem cell,Flu/Cy/TBI (13G),positive,Missing: Restricted access,High intensity,public,yes,abnormal,"fastq,sra,run.zq","ncbi,ena,gs,s3","ncbi.public,ena,gs.us-east1,s3.us-east-1",Missing: Not applicable,27,35,0,ALL,remission,TRUE,positive,7/10,female,negative,6/8,male,Missing: Not applicable,Patient,cord+cord,unrelated,1564,2016-10-14,2016-10-14,2018-11-16,2016-10-14,urban biome,human-associated habitat,feces,human-gut,Missing: Not applicable,ERX1757811,SAMEA4506969,USA,North America,USA:CO,"A2/3, B44/44, C5/7, DR4/15, DQ3/6",human,Homo sapiens,H6TOS3QE,9606,port infection,yes,UCSDMI,University of California San Diego Microbiome Initiative,2016-10-14T17:01:47Z,2016-10-14T01:31:44Z,public,Illumina MiSeq,39.76,10564.H6TOS3QE,SINGLE,PCR,METAGENOMIC,-104.88,no,yes,human gut metagenome,100,95,100,95,100,95,100,92,FWD:GTGCCAGCMGCCGCGGTAA; REV:GGACTACHVGGGTWTCTAAT,"University of Colorado, Anschutz",FALSE,yes,ILLUMINA,GTGCCAGCMGCCGCGGTAA,hispanic,no,2016-10-18T00:00:00Z,180,"Daniel Frank Laboratory, University of Colorado, Anschutz",2015,H6TOS3QE-R2,UC-Anschutz,SAMEA4506969,qiita_sid_10564:10564.H6TOS3QE,stool,sequencing by synthesis,male,no,ERP017899,qiita_sid_10564:10564.H6TOS3QE,no,16S rRNA,V4,50,50,Missing: Not applicable,2016-10-18T16:39:00Z,1,"VZV, Rhinovirus",Rhinovirus,appendectomy,300,99743666,Stage 1
A+,ERR1688195,22,years,negative,None documented,no,yes,OTHER,PRJEB16057,SAMEA4506970,A+,Missing: Not applicable,24,UBERON:feces,UBERON:feces,UBERON:feces,39978980,"Daniel Frank Laboratory, University of Colorado, Anschutz",UNIVERSITY OF CALIFORNIA SAN DIEGO MICROBIOME INIT,Stem cell,Cy/ATG,positive,Missing: Restricted access,Low intensity,public,yes,normal,"fastq,sra,run.zq","ncbi,s3,gs,ena","ncbi.public,ena,s3.us-east-1,gs.us-east1",Missing: Not applicable,17,10,0,AA,refractory,TRUE,positive,10/10,female,Missing: Not applicable,Missing: not applicable,Missing: Not applicable,KZL25H0F,Patient,marrow,related,1564,2016-10-14,2016-10-14,2018-11-16,2016-10-14,urban biome,human-associated habitat,feces,human-gut,Missing: Not applicable,ERX1757812,SAMEA4506970,USA,North America,USA:CO,"A1/2, B8/44, C7/16, DR4/7, DQ2/3",human,Homo sapiens,HBPTFIN5,9606,unclear,yes,UCSDMI,University of California San Diego Microbiome Initiative,2016-10-14T17:01:47Z,2016-10-14T01:31:44Z,public,Illumina MiSeq,39.76,10564.HBPTFIN5,SINGLE,PCR,METAGENOMIC,-104.88,yes,no,human gut metagenome,Missing: Not collected,Missing: Not collected,Missing: Not collected,100,Missing: Not applicable,Missing: Not applicable,Missing: Not applicable,100,FWD:GTGCCAGCMGCCGCGGTAA; REV:GGACTACHVGGGTWTCTAAT,"University of Colorado, Anschutz",FALSE,yes,ILLUMINA,GTGCCAGCMGCCGCGGTAA,white,no,2016-10-18T00:00:00Z,100,"Daniel Frank Laboratory, University of Colorado, Anschutz",2015,HBPTFIN5-R2,UC-Anschutz,SAMEA4506970,qiita_sid_10564:10564.HBPTFIN5,stool,sequencing by synthesis,male,no,ERP017899,qiita_sid_10564:10564.HBPTFIN5,no,16S rRNA,V4,Missing: Not applicable,Missing: Not applicable,Missing: Not applicable,2016-10-18T16:39:00Z,1,"EBV, HSV, VZV","RSV, folliculitis",,300,64004746,
B+,ERR1688196,Missing: Not collected,years,Missing: Not applicable,Missing: Not applicable,Missing: Not applicable,Missing: Not applicable,OTHER,PRJEB16057,SAMEA4506971,Missing: Not applicable,Missing: Not applicable,Missing: Not collected,UBERON:feces,UBERON:feces,UBERON:feces,59134116,"Daniel Frank Laboratory, University of Colorado, Anschutz",UNIVERSITY OF CALIFORNIA SAN DIEGO MICROBIOME INIT,Stem cell,Missing: Not applicable,positive,Missing: Restricted access,Missing: Not applicable,public,Missing: Not applicable,Missing: Not applicable,"fastq,run.zq,sra","ena,ncbi,gs,s3","gs.us-east1,s3.us-east-1,ena,ncbi.public",Missing: Not applicable,Missing: Not applicable,Missing: Not applicable,Missing: Not applicable,Missing: Not applicable,Missing: Not applicable,TRUE,Missing: Not applicable,Missing: not applicable,Missing: Not applicable,Missing: Not applicable,Missing: not applicable,Missing: Not applicable,Missing: Not applicable,Donor,Missing: Not applicable,Missing: Not applicable,1564,2016-10-14,2016-10-14,2018-11-16,2016-10-14,urban biome,human-associated habitat,feces,human-gut,Missing: Not applicable,ERX1757813,SAMEA4506971,USA,North America,USA:CO,"A1/24, B35/51, C8/15, DR4/12, DQ3/4",human,Homo sapiens,HYEURJVG,9606,Missing: Not collected,Missing: Not collected,UCSDMI,University of California San Diego Microbiome Initiative,2016-10-14T17:01:47Z,2016-10-14T01:31:44Z,public,Illumina MiSeq,39.76,10564.HYEURJVG,SINGLE,PCR,METAGENOMIC,-104.88,Missing: Not applicable,Missing: Not applicable,human gut metagenome,Missing: Not applicable,Missing: Not applicable,Missing: Not applicable,Missing: Not applicable,Missing: Not applicable,Missing: Not applicable,Missing: Not applicable,Missing: Not applicable,FWD:GTGCCAGCMGCCGCGGTAA; REV:GGACTACHVGGGTWTCTAAT,"University of Colorado, Anschutz",FALSE,Missing: Not applicable,ILLUMINA,GTGCCAGCMGCCGCGGTAA,Missing: Not collected,Missing: Not applicable,2016-10-18T00:00:00Z,Missing: Not applicable,"Daniel Frank Laboratory, University of Colorado, Anschutz",2015,HYEURJVG-R2,UC-Anschutz,SAMEA4506971,qiita_sid_10564:10564.HYEURJVG,stool,sequencing by synthesis,female,Missing: Not applicable,ERP017899,qiita_sid_10564:10564.HYEURJVG,Missing: Not applicable,16S rRNA,V4,Missing: Not applicable,Missing: Not applicable,Missing: Not applicable,2016-10-18T16:39:00Z,1,Missing: not collected,Missing: Not applicable,Missing: Not collected,300,101508642,Missing: Not applicable
A-,ERR1688197,54,years,negative,skin,Grade II,yes,OTHER,PRJEB16057,SAMEA4506972,O-,Missing: Not applicable,30,UBERON:feces,UBERON:feces,UBERON:feces,43224128,"Daniel Frank Laboratory, University of Colorado, Anschutz",UNIVERSITY OF CALIFORNIA SAN DIEGO MICROBIOME INIT,Stem cell,Bu/Cy,negative,Missing: Restricted access,High intensity,public,no,abnormal,"sra,run.zq,fastq","s3,ena,ncbi,gs","ena,ncbi.public,s3.us-east-1,gs.us-east1",78,11,12,0,CML,refractory,TRUE,negative,10/10,male,Missing: Not applicable,Missing: not applicable,Missing: Not applicable,Missing: Not applicable,Patient,pbsc,unrelated,1564,2016-10-14,2016-10-14,2018-11-16,2016-10-14,urban biome,human-associated habitat,feces,human-gut,Missing: Not applicable,ERX1757814,SAMEA4506972,USA,North America,USA:CO,"A2/31, B7/51, C7/15, DR4/11, DQ3/3",human,Homo sapiens,KIZIOL89,9606,Missing: Not applicable,no,UCSDMI,University of California San Diego Microbiome Initiative,2016-10-14T17:01:47Z,2016-10-14T01:31:44Z,public,Illumina MiSeq,39.76,10564.KIZIOL89,SINGLE,PCR,METAGENOMIC,-104.88,yes,no,human gut metagenome,100,100,100,100,100,100,100,100,FWD:GTGCCAGCMGCCGCGGTAA; REV:GGACTACHVGGGTWTCTAAT,"University of Colorado, Anschutz",FALSE,yes,ILLUMINA,GTGCCAGCMGCCGCGGTAA,white,yes,2016-10-18T00:00:00Z,180,"Daniel Frank Laboratory, University of Colorado, Anschutz",2015,KIZIOL89-R2,UC-Anschutz,SAMEA4506972,qiita_sid_10564:10564.KIZIOL89,stool,sequencing by synthesis,male,no,ERP017899,qiita_sid_10564:10564.KIZIOL89,yes,16S rRNA,V4,39,39,Missing: Not applicable,2016-10-18T16:39:00Z,1,,"bacteremia, C difficile, cholecystitis","GERD, esophageal tear",300,72677424,Stage 2
A+,ERR1688198,Missing: Not collected,years,Missing: Not applicable,Missing: Not applicable,Missing: Not applicable,Missing: Not applicable,OTHER,PRJEB16057,SAMEA4506973,Missing: Not applicable,Missing: Not applicable,Missing: Not collected,UBERON:feces,UBERON:feces,UBERON:feces,62656128,"Daniel Frank Laboratory, University of Colorado, Anschutz",UNIVERSITY OF CALIFORNIA SAN DIEGO MICROBIOME INIT,Stem cell,Missing: Not applicable,positive,Missing: Restricted access,Missing: Not applicable,public,Missing: Not applicable,Missing: Not applicable,"sra,fastq,run.zq","s3,ena,ncbi,gs","ncbi.public,s3.us-east-1,ena,gs.us-east1",Missing: Not applicable,Missing: Not applicable,Missing: Not applicable,Missing: Not applicable,Missing: Not applicable,Missing: Not applicable,TRUE,Missing: Not applicable,Missing: not applicable,Missing: Not applicable,Missing: Not applicable,Missing: not applicable,Missing: Not applicable,Missing: Not applicable,Donor,Missing: Not applicable,Missing: Not applicable,1564,2016-10-14,2016-10-14,2018-11-16,2016-10-14,urban biome,human-associated habitat,feces,human-gut,Missing: Not applicable,ERX1757815,SAMEA4506973,USA,North America,USA:CO,"A1/2, B8/44, C7/16, DR4/7, DQ2/3",human,Homo sapiens,KZL25H0F,9606,Missing: Not collected,Missing: Not collected,UCSDMI,University of California San Diego Microbiome Initiative,2016-10-14T17:01:47Z,2016-10-14T01:31:44Z,public,Illumina MiSeq,39.76,10564.KZL25H0F,SINGLE,PCR,METAGENOMIC,-104.88,Missing: Not applicable,Missing: Not applicable,human gut metagenome,Missing: Not applicable,Missing: Not applicable,Missing: Not applicable,Missing: Not applicable,Missing: Not applicable,Missing: Not applicable,Missing: Not applicable,Missing: Not applicable,FWD:GTGCCAGCMGCCGCGGTAA; REV:GGACTACHVGGGTWTCTAAT,"University of Colorado, Anschutz",FALSE,Missing: Not applicable,ILLUMINA,GTGCCAGCMGCCGCGGTAA,Missing: Not collected,Missing: Not applicable,2016-10-18T00:00:00Z,Missing: Not applicable,"Daniel Frank Laboratory, University of Colorado, Anschutz",2015,KZL25H0F-R2,UC-Anschutz,SAMEA4506973,qiita_sid_10564:10564.KZL25H0F,stool,sequencing by synthesis,female,Missing: Not applicable,ERP017899,qiita_sid_10564:10564.KZL25H0F,Missing: Not applicable,16S rRNA,V4,Missing: Not applicable,Missing: Not applicable,Missing: Not applicable,2016-10-18T16:39:00Z,1,Missing: not collected,Missing: Not applicable,Missing: Not collected,300,102499617,Missing: Not applicable
O+,ERR1688199,Missing: Not collected,years,Missing: Not applicable,Missing: Not applicable,Missing: Not applicable,Missing: Not applicable,OTHER,PRJEB16057,SAMEA4506974,Missing: Not applicable,Missing: Not applicable,Missing: Not collected,UBERON:feces,UBERON:feces,UBERON:feces,34811853,"Daniel Frank Laboratory, University of Colorado, Anschutz",UNIVERSITY OF CALIFORNIA SAN DIEGO MICROBIOME INIT,Stem cell,Missing: Not applicable,negative,Missing: Restricted access,Missing: Not applicable,public,Missing: Not applicable,Missing: Not applicable,"run.zq,fastq,sra","ncbi,ena,s3,gs","gs.us-east1,ena,ncbi.public,s3.us-east-1",Missing: Not applicable,Missing: Not applicable,Missing: Not applicable,Missing: Not applicable,Missing: Not applicable,Missing: Not applicable,TRUE,Missing: Not applicable,Missing: not applicable,Missing: Not applicable,Missing: Not applicable,Missing: not applicable,Missing: Not applicable,Missing: Not applicable,Donor,Missing: Not applicable,Missing: Not applicable,1564,2016-10-14,2016-10-14,2018-11-16,2016-10-14,urban biome,human-associated habitat,feces,human-gut,Missing: Not applicable,ERX1757816,SAMEA4506974,USA,North America,USA:CO,"A2/2, B8/39, C7/7, DR3/8, DQ2/4",human,Homo sapiens,LE2JYPJ8,9606,Missing: Not collected,Missing: Not collected,UCSDMI,University of California San Diego Microbiome Initiative,2016-10-14T17:01:47Z,2016-10-14T01:31:44Z,public,Illumina MiSeq,39.76,10564.LE2JYPJ8,SINGLE,PCR,METAGENOMIC,-104.88,Missing: Not applicable,Missing: Not applicable,human gut metagenome,Missing: Not applicable,Missing: Not applicable,Missing: Not applicable,Missing: Not applicable,Missing: Not applicable,Missing: Not applicable,Missing: Not applicable,Missing: Not applicable,FWD:GTGCCAGCMGCCGCGGTAA; REV:GGACTACHVGGGTWTCTAAT,"University of Colorado, Anschutz",FALSE,Missing: Not applicable,ILLUMINA,GTGCCAGCMGCCGCGGTAA,Missing: Not collected,Missing: Not applicable,2016-10-18T00:00:00Z,Missing: Not applicable,"Daniel Frank Laboratory, University of Colorado, Anschutz",2015,LE2JYPJ8-R2,UC-Anschutz,SAMEA4506974,qiita_sid_10564:10564.LE2JYPJ8,stool,sequencing by synthesis,female,Missing: Not applicable,ERP017899,qiita_sid_10564:10564.LE2JYPJ8,Missing: Not applicable,16S rRNA,V4,Missing: Not applicable,Missing: Not applicable,Missing: Not applicable,2016-10-18T16:39:00Z,1,Missing: not collected,Missing: Not applicable,Missing: Not collected,300,56309448,Missing: Not applicable
O+,ERR1688200,71,years,positive,gut,Grade IV,yes,OTHER,PRJEB16057,SAMEA4506975,O-,O+,29,UBERON:feces,UBERON:feces,UBERON:feces,84740496,"Daniel Frank Laboratory, University of Colorado, Anschutz",UNIVERSITY OF CALIFORNIA SAN DIEGO MICROBIOME INIT,Stem cell,Flu/Cy/TBI,positive,Missing: Restricted access,Intermediate intensity,public,yes,normal,"fastq,run.zq,sra","gs,ena,ncbi,s3","gs.us-east1,ncbi.public,ena,s3.us-east-1",Missing: Not applicable,22,34,1,AML,refractory,TRUE,positive,8/10,female,positive,6/8,female,Missing: Not applicable,Patient,cord+cord,cord,1564,2016-10-14,2016-10-14,2018-11-16,2016-10-14,urban biome,human-associated habitat,feces,human-gut,aGVHD/Infection,ERX1757817,SAMEA4506975,USA,North America,USA:CO,"A1/3, B8/40, C3/7, DR3/13, DQ2/6",human,Homo sapiens,M276ODRH,9606,"cellulitis, bacteremia",yes,UCSDMI,University of California San Diego Microbiome Initiative,2016-10-14T17:01:47Z,2016-10-14T01:31:44Z,public,Illumina MiSeq,39.76,10564.M276ODRH,SINGLE,PCR,METAGENOMIC,-104.88,no,yes,human gut metagenome,Missing: Not applicable,100,Missing: Not applicable,100,Missing: Not applicable,Missing: Not collected,Missing: Not applicable,Missing: Not collected,FWD:GTGCCAGCMGCCGCGGTAA; REV:GGACTACHVGGGTWTCTAAT,"University of Colorado, Anschutz",FALSE,yes,ILLUMINA,GTGCCAGCMGCCGCGGTAA,white,no,2016-10-18T00:00:00Z,128,"Daniel Frank Laboratory, University of Colorado, Anschutz",2015,M276ODRH-R2,UC-Anschutz,SAMEA4506975,qiita_sid_10564:10564.M276ODRH,stool,sequencing by synthesis,male,no,ERP017899,qiita_sid_10564:10564.M276ODRH,no,16S rRNA,V4,83,83,128,2016-10-18T16:39:00Z,1,"HSV, VZV","CMV viremia, peritonitis, septic shock","GERD, ileus",300,145936033,
A+,ERR1688201,57,years,negative,liver,yes,yes,OTHER,PRJEB16057,SAMEA4506976,O+,Missing: Not applicable,24,UBERON:feces,UBERON:feces,UBERON:feces,45716584,"Daniel Frank Laboratory, University of Colorado, Anschutz",UNIVERSITY OF CALIFORNIA SAN DIEGO MICROBIOME INIT,Stem cell,Flu/TBI,positive,Missing: Restricted access,Low intensity,public,no,normal,"sra,run.zq,fastq","ncbi,ena,s3,gs","ena,s3.us-east-1,ncbi.public,gs.us-east1",Missing: Not collected,17,10,1,MDS,refractory,TRUE,positive,10/10,male,Missing: Not applicable,Missing: not applicable,Missing: Not applicable,0WRD31TT,Patient,pbsc,related,1564,2016-10-14,2016-10-14,2018-11-16,2016-10-14,urban biome,human-associated habitat,feces,human-gut,Relapse,ERX1757818,SAMEA4506976,USA,North America,USA:CO,"A1/2, B18/57, C6/12, DR7/11, DQ3/3",human,Homo sapiens,M74HXLZQ,9606,hepatitis C,yes,UCSDMI,University of California San Diego Microbiome Initiative,2016-10-14T17:01:47Z,2016-10-14T01:31:44Z,public,Illumina MiSeq,39.76,10564.M74HXLZQ,SINGLE,PCR,METAGENOMIC,-104.88,no,yes,human gut metagenome,Missing: Not collected,94,95,74,Missing: Not collected,Missing: Not collected,Missing: Not collected,Missing: Not collected,FWD:GTGCCAGCMGCCGCGGTAA; REV:GGACTACHVGGGTWTCTAAT,"University of Colorado, Anschutz",FALSE,yes,ILLUMINA,GTGCCAGCMGCCGCGGTAA,white,yes,2016-10-18T00:00:00Z,389,"Daniel Frank Laboratory, University of Colorado, Anschutz",2015,M74HXLZQ-R2,UC-Anschutz,SAMEA4506976,qiita_sid_10564:10564.M74HXLZQ,stool,sequencing by synthesis,male,no,ERP017899,qiita_sid_10564:10564.M74HXLZQ,yes,16S rRNA,V4,51,51,389,2016-10-18T16:39:00Z,1,"VZV, HSV, Hepatitis C",chronic hepatitis C on INF; thigh cellulitis 8/2013,"Hepatitis C, liver transplant, chronic diarrhea- malabsorption, splenectomy",300,78928460,
O+,ERR1688202,Missing: Not collected,years,Missing: Not applicable,Missing: Not applicable,Missing: Not applicable,Missing: Not applicable,OTHER,PRJEB16057,SAMEA4506977,Missing: Not applicable,Missing: Not applicable,Missing: Not collected,UBERON:feces,UBERON:feces,UBERON:feces,42531423,"Daniel Frank Laboratory, University of Colorado, Anschutz",UNIVERSITY OF CALIFORNIA SAN DIEGO MICROBIOME INIT,Stem cell,Missing: Not applicable,positive,Missing: Restricted access,Missing: Not applicable,public,Missing: Not applicable,Missing: Not applicable,"run.zq,fastq,sra","ena,ncbi,s3,gs","s3.us-east-1,gs.us-east1,ena,ncbi.public",Missing: Not applicable,Missing: Not applicable,Missing: Not applicable,Missing: Not applicable,Missing: Not applicable,Missing: Not applicable,TRUE,Missing: Not applicable,Missing: not applicable,Missing: Not applicable,Missing: Not applicable,Missing: not applicable,Missing: Not applicable,Missing: Not applicable,Donor,Missing: Not applicable,Missing: Not applicable,1564,2016-10-14,2016-10-14,2018-11-16,2016-10-14,urban biome,human-associated habitat,feces,human-gut,Missing: Not applicable,ERX1757819,SAMEA4506977,USA,North America,USA:CO,"A24/31, B35/39, C4/7, DR4/6, DQ3/3",human,Homo sapiens,N4CQWP8N,9606,Missing: Not collected,Missing: Not collected,UCSDMI,University of California San Diego Microbiome Initiative,2016-10-14T17:01:47Z,2016-10-14T01:31:44Z,public,Illumina MiSeq,39.76,10564.N4CQWP8N,SINGLE,PCR,METAGENOMIC,-104.88,Missing: Not applicable,Missing: Not applicable,human gut metagenome,Missing: Not applicable,Missing: Not applicable,Missing: Not applicable,Missing: Not applicable,Missing: Not applicable,Missing: Not applicable,Missing: Not applicable,Missing: Not applicable,FWD:GTGCCAGCMGCCGCGGTAA; REV:GGACTACHVGGGTWTCTAAT,"University of Colorado, Anschutz",FALSE,Missing: Not applicable,ILLUMINA,GTGCCAGCMGCCGCGGTAA,Missing: Not collected,Missing: Not applicable,2016-10-18T00:00:00Z,Missing: Not applicable,"Daniel Frank Laboratory, University of Colorado, Anschutz",2015,N4CQWP8N-R2,UC-Anschutz,SAMEA4506977,qiita_sid_10564:10564.N4CQWP8N,stool,sequencing by synthesis,female,Missing: Not applicable,ERP017899,qiita_sid_10564:10564.N4CQWP8N,Missing: Not applicable,16S rRNA,V4,Missing: Not applicable,Missing: Not applicable,Missing: Not applicable,2016-10-18T16:39:00Z,1,Missing: not collected,Missing: Not applicable,Missing: Not collected,300,69792430,Missing: Not applicable
A+,ERR1688203,48,years,negative,None documented,no,yes,OTHER,PRJEB16057,SAMEA4506978,O+,A+,31,UBERON:feces,UBERON:feces,UBERON:feces,19135239,"Daniel Frank Laboratory, University of Colorado, Anschutz",UNIVERSITY OF CALIFORNIA SAN DIEGO MICROBIOME INIT,Stem cell,Flu/Cy/Thio/TBI,positive,Missing: Restricted access,Intermediate intensity,public,yes,abnormal,"run.zq,fastq,sra","ena,gs,ncbi,s3","ena,ncbi.public,gs.us-east1,s3.us-east-1",Missing: Not applicable,32,29,0,AML,remission,TRUE,negative,5/6,female,negative,5/6,female,Missing: Not applicable,Patient,cord+cord,unrelated,1564,2016-10-14,2016-10-14,2018-11-16,2016-10-14,urban biome,human-associated habitat,feces,human-gut,Missing: Not applicable,ERX1757820,SAMEA4506978,USA,North America,USA:CO,"A24/25, B18/52, C12/12, DR15/15, DQ6/6",human,Homo sapiens,N6YWXQDS,9606,"diarrhea, fever",yes,UCSDMI,University of California San Diego Microbiome Initiative,2016-10-14T17:01:47Z,2016-10-14T01:31:44Z,public,Illumina MiSeq,39.76,10564.N6YWXQDS,SINGLE,PCR,METAGENOMIC,-104.88,no,yes,human gut metagenome,100,100,100,100,100,100,100,100,FWD:GTGCCAGCMGCCGCGGTAA; REV:GGACTACHVGGGTWTCTAAT,"University of Colorado, Anschutz",FALSE,yes,ILLUMINA,GTGCCAGCMGCCGCGGTAA,asian,no,2016-10-18T00:00:00Z,100,"Daniel Frank Laboratory, University of Colorado, Anschutz",2015,N6YWXQDS-R2,UC-Anschutz,SAMEA4506978,qiita_sid_10564:10564.N6YWXQDS,stool,sequencing by synthesis,male,no,ERP017899,qiita_sid_10564:10564.N6YWXQDS,no,16S rRNA,V4,Missing: Not applicable,Missing: Not applicable,Missing: Not applicable,2016-10-18T16:39:00Z,1,VZV,"C difficile, rhinovirus",Perirectal abscess,300,30678567,Stage 1
O-,ERR1688204,60,years,positive,gut,Grade II,yes,OTHER,PRJEB16057,SAMEA4506979,O+,O+,23,UBERON:feces,UBERON:feces,UBERON:feces,80578008,"Daniel Frank Laboratory, University of Colorado, Anschutz",UNIVERSITY OF CALIFORNIA SAN DIEGO MICROBIOME INIT,Stem cell,Flu/Cy/Thio/TBI,positive,Missing: Restricted access,Intermediate intensity,public,yes,normal,"run.zq,fastq,sra","ena,ncbi,gs,s3","ena,gs.us-east1,s3.us-east-1,ncbi.public",Missing: Not applicable,18,26,1,AML,remission,TRUE,negative,10/10,female,negative,10/10,male,Missing: Not applicable,Patient,cord+cord,cord,1564,2016-10-14,2016-10-14,2018-11-16,2016-10-14,urban biome,human-associated habitat,feces,human-gut,Respiratory failure,ERX1757821,SAMEA4506979,USA,North America,USA:CO,"A1/2,B8/44, C5/7, DR1/3, DQ2/5",human,Homo sapiens,N9HR3VCU,9606,"Fungal pneumonia, parainfluenza virus",yes,UCSDMI,University of California San Diego Microbiome Initiative,2016-10-14T17:01:47Z,2016-10-14T01:31:44Z,public,Illumina MiSeq,39.76,10564.N9HR3VCU,SINGLE,PCR,METAGENOMIC,-104.88,no,yes,human gut metagenome,Missing: Not applicable,100,Missing: Not applicable,100,Missing: Not applicable,Missing: Not collected,100,Missing: Not collected,FWD:GTGCCAGCMGCCGCGGTAA; REV:GGACTACHVGGGTWTCTAAT,"University of Colorado, Anschutz",FALSE,yes,ILLUMINA,GTGCCAGCMGCCGCGGTAA,white,no,2016-10-18T00:00:00Z,169,"Daniel Frank Laboratory, University of Colorado, Anschutz",2015,N9HR3VCU-R2,UC-Anschutz,SAMEA4506979,qiita_sid_10564:10564.N9HR3VCU,stool,sequencing by synthesis,male,no,ERP017899,qiita_sid_10564:10564.N9HR3VCU,no,16S rRNA,V4,61,61,169,2016-10-18T16:39:00Z,1,"HSV, VZV",pneumonia,"GERD, appendectomy",300,137461733,
O+,ERR1688205,49,years,negative,None documented,no,yes,OTHER,PRJEB16057,SAMEA4506980,O+,A+,37,UBERON:feces,UBERON:feces,UBERON:feces,42155856,"Daniel Frank Laboratory, University of Colorado, Anschutz",UNIVERSITY OF CALIFORNIA SAN DIEGO MICROBIOME INIT,Stem cell,Flu/Treo/TBI,positive,Missing: Restricted access,Intermediate intensity,public,yes,normal,"sra,fastq,run.zq","ena,ncbi,gs,s3","s3.us-east-1,ncbi.public,ena,gs.us-east1",Missing: Not applicable,29,40,0,ALL,refractory,TRUE,positive,5/8,female,positive,5/10,female,Missing: Not applicable,Patient,cord+cord,cord,1564,2016-10-14,2016-10-14,2018-11-16,2016-10-14,urban biome,human-associated habitat,feces,human-gut,Missing: Not applicable,ERX1757822,SAMEA4506980,USA,North America,USA:CO,"A30/31, B40/58, C3/7, DR4/13, DQ3/6",human,Homo sapiens,NBEZUYTS,9606,Missing: Not applicable,no,UCSDMI,University of California San Diego Microbiome Initiative,2016-10-14T17:01:47Z,2016-10-14T01:31:44Z,public,Illumina MiSeq,39.76,10564.NBEZUYTS,SINGLE,PCR,METAGENOMIC,-104.88,no,yes,human gut metagenome,Missing: Not collected,100,100,100,Missing: Not applicable,100,100,100,FWD:GTGCCAGCMGCCGCGGTAA; REV:GGACTACHVGGGTWTCTAAT,"University of Colorado, Anschutz",FALSE,yes,ILLUMINA,GTGCCAGCMGCCGCGGTAA,white,no,2016-10-18T00:00:00Z,180,"Daniel Frank Laboratory, University of Colorado, Anschutz",2015,NBEZUYTS-R2,UC-Anschutz,SAMEA4506980,qiita_sid_10564:10564.NBEZUYTS,stool,sequencing by synthesis,male,no,ERP017899,qiita_sid_10564:10564.NBEZUYTS,no,16S rRNA,V4,Missing: Not applicable,Missing: Not applicable,Missing: Not applicable,2016-10-18T16:39:00Z,1,"EBV, VZV","neck abscess, shingles, dental caries","diverticulitis, E coli diarrhea",300,68361841,
B+,ERR1688206,44,years,positive,gut,yes,yes,OTHER,PRJEB16057,SAMEA4506981,B+,Missing: Not applicable,18,UBERON:feces,UBERON:feces,UBERON:feces,46268424,"Daniel Frank Laboratory, University of Colorado, Anschutz",UNIVERSITY OF CALIFORNIA SAN DIEGO MICROBIOME INIT,Stem cell,Flu/TBI,positive,Missing: Restricted access,Low intensity,public,no,normal,"fastq,sra,run.zq","gs,s3,ncbi,ena","gs.us-east1,ncbi.public,s3.us-east-1,ena",Missing: Not applicable,18,9,1,AML,remission,TRUE,positive,10/10,male,Missing: Not applicable,Missing: not applicable,Missing: Not applicable,Missing: Not applicable,Patient,pbsc,related,1564,2016-10-14,2016-10-14,2018-11-16,2016-10-14,urban biome,human-associated habitat,feces,human-gut,Respiratory failure,ERX1757823,SAMEA4506981,USA,North America,USA:CO,"A11/24, B15/55, C1/4, DR8/11, DQ3/6",human,Homo sapiens,NQLWA6VI,9606,Missing: Not applicable,no,UCSDMI,University of California San Diego Microbiome Initiative,2016-10-14T17:01:47Z,2016-10-14T01:31:44Z,public,Illumina MiSeq,39.76,10564.NQLWA6VI,SINGLE,PCR,METAGENOMIC,-104.88,no,yes,human gut metagenome,Missing: Not applicable,64,Missing: Not applicable,65,Missing: Not applicable,Missing: Not collected,Missing: Not applicable,Missing: Not collected,FWD:GTGCCAGCMGCCGCGGTAA; REV:GGACTACHVGGGTWTCTAAT,"University of Colorado, Anschutz",FALSE,yes,ILLUMINA,GTGCCAGCMGCCGCGGTAA,asian,no,2016-10-18T00:00:00Z,177,"Daniel Frank Laboratory, University of Colorado, Anschutz",2015,NQLWA6VI-R2,UC-Anschutz,SAMEA4506981,qiita_sid_10564:10564.NQLWA6VI,stool,sequencing by synthesis,female,no,ERP017899,qiita_sid_10564:10564.NQLWA6VI,yes,16S rRNA,V4,46,46,177,2016-10-18T16:39:00Z,1,VZV,"VRE, fungal pneumonia, C difficile, bowel pneumatosis, CMV viremia","Celiac, gluten intolerance, gastroparesis, gastritis, GERD",300,75328879,
AB+,ERR1688207,48,years,negative,"skin, liver",Grade I,yes,OTHER,PRJEB16057,SAMEA4506982,AB+,Missing: Not applicable,27,UBERON:feces,UBERON:feces,UBERON:feces,43988852,"Daniel Frank Laboratory, University of Colorado, Anschutz",UNIVERSITY OF CALIFORNIA SAN DIEGO MICROBIOME INIT,Stem cell,Bu/Cy,positive,Missing: Restricted access,High intensity,public,no,abnormal,"run.zq,sra,fastq","s3,ena,ncbi,gs","gs.us-east1,ena,ncbi.public,s3.us-east-1",Missing: Not applicable,15,10,1,CML,refractory,TRUE,positive,10/10,female,Missing: Not applicable,Missing: not applicable,Missing: Not applicable,Missing: Not applicable,Patient,pbsc,related,1564,2016-10-14,2016-10-14,2018-11-16,2016-10-14,urban biome,human-associated habitat,feces,human-gut,ARDS/Respiratory failure,ERX1757824,SAMEA4506982,USA,North America,USA:CO,"A23/32, B7/39, C7/12, DR3/16, DQ2/5",human,Homo sapiens,NYYC95BI,9606,propionibacterium acnes,yes,UCSDMI,University of California San Diego Microbiome Initiative,2016-10-14T17:01:47Z,2016-10-14T01:31:44Z,public,Illumina MiSeq,39.76,10564.NYYC95BI,SINGLE,PCR,METAGENOMIC,-104.88,yes,no,human gut metagenome,Missing: Not applicable,100,Missing: Not collected,95,Missing: Not applicable,Missing: Not collected,Missing: Not collected,Missing: Not collected,FWD:GTGCCAGCMGCCGCGGTAA; REV:GGACTACHVGGGTWTCTAAT,"University of Colorado, Anschutz",FALSE,yes,ILLUMINA,GTGCCAGCMGCCGCGGTAA,white,no,2016-10-18T00:00:00Z,365,"Daniel Frank Laboratory, University of Colorado, Anschutz",2015,NYYC95BI-R2,UC-Anschutz,SAMEA4506982,qiita_sid_10564:10564.NYYC95BI,stool,sequencing by synthesis,male,no,ERP017899,qiita_sid_10564:10564.NYYC95BI,yes,16S rRNA,V4,28,28,345,2016-10-18T16:39:00Z,1,"EBV, HSV, VZV, BK","pneumonia, oral candida, CNS, rhinovirus",GERD,300,68351475,Stage 1
A+,ERR1688208,59,years,negative,None documented,no,yes,OTHER,PRJEB16057,SAMEA4506983,A+,A+,26,UBERON:feces,UBERON:feces,UBERON:feces,16528577,"Daniel Frank Laboratory, University of Colorado, Anschutz",UNIVERSITY OF CALIFORNIA SAN DIEGO MICROBIOME INIT,Stem cell,Flu/Cy/TBI,negative,Missing: Restricted access,Intermediate intensity,public,yes,normal,"run.zq,sra,fastq","s3,ena,ncbi,gs","ncbi.public,ena,gs.us-east1,s3.us-east-1",Missing: Not applicable,32,41,0,NHL,refractory,TRUE,positive,10/10,female,negative,10/10,male,Missing: Not applicable,Patient,cord+cord,cord,1564,2016-10-14,2016-10-14,2018-11-16,2016-10-14,urban biome,human-associated habitat,feces,human-gut,Missing: Not applicable,ERX1757825,SAMEA4506983,USA,North America,USA:CO,"A2/2, B8/50, C6/7, DR3/3, DQ2/2",human,Homo sapiens,O9G6DQH2,9606,pneumonia,yes,UCSDMI,University of California San Diego Microbiome Initiative,2016-10-14T17:01:47Z,2016-10-14T01:31:44Z,public,Illumina MiSeq,39.76,10564.O9G6DQH2,SINGLE,PCR,METAGENOMIC,-104.88,no,yes,human gut metagenome,Missing: Not collected,100,Missing: Not collected,96,Missing: Not applicable,96,Missing: Not applicable,71,FWD:GTGCCAGCMGCCGCGGTAA; REV:GGACTACHVGGGTWTCTAAT,"University of Colorado, Anschutz",FALSE,yes,ILLUMINA,GTGCCAGCMGCCGCGGTAA,white,no,2016-10-18T00:00:00Z,100,"Daniel Frank Laboratory, University of Colorado, Anschutz",2015,O9G6DQH2-R2,UC-Anschutz,SAMEA4506983,qiita_sid_10564:10564.O9G6DQH2,stool,sequencing by synthesis,female,no,ERP017899,qiita_sid_10564:10564.O9G6DQH2,no,16S rRNA,V4,Missing: Not applicable,Missing: Not applicable,Missing: Not applicable,2016-10-18T16:39:00Z,1,"EBV, HSV",,"GERD, cholecystectomy",300,27706231,Stage 1
A-,ERR1688209,Missing: Not collected,years,Missing: Not applicable,Missing: Not applicable,Missing: Not applicable,Missing: Not applicable,OTHER,PRJEB16057,SAMEA4506984,Missing: Not applicable,Missing: Not applicable,Missing: Not collected,UBERON:feces,UBERON:feces,UBERON:feces,48968642,"Daniel Frank Laboratory, University of Colorado, Anschutz",UNIVERSITY OF CALIFORNIA SAN DIEGO MICROBIOME INIT,Stem cell,Missing: Not applicable,positive,Missing: Restricted access,Missing: Not applicable,public,Missing: Not applicable,Missing: Not applicable,"run.zq,sra,fastq","ena,ncbi,gs,s3","ena,ncbi.public,gs.us-east1,s3.us-east-1",Missing: Not applicable,Missing: Not applicable,Missing: Not applicable,Missing: Not applicable,Missing: Not applicable,Missing: Not applicable,TRUE,Missing: Not applicable,Missing: not applicable,Missing: Not applicable,Missing: Not applicable,Missing: not applicable,Missing: Not applicable,Missing: Not applicable,Donor,Missing: Not applicable,Missing: Not applicable,1564,2016-10-14,2016-10-14,2018-11-16,2016-10-14,urban biome,human-associated habitat,feces,human-gut,Missing: Not applicable,ERX1757826,SAMEA4506984,USA,North America,USA:CO,"A2/3, B7/15, C3/7, DR1/4, DQ3/5",human,Homo sapiens,OEUQCYN1,9606,Missing: Not collected,Missing: Not collected,UCSDMI,University of California San Diego Microbiome Initiative,2016-10-14T17:01:47Z,2016-10-14T01:31:44Z,public,Illumina MiSeq,39.76,10564.OEUQCYN1,SINGLE,PCR,METAGENOMIC,-104.88,Missing: Not applicable,Missing: Not applicable,human gut metagenome,Missing: Not applicable,Missing: Not applicable,Missing: Not applicable,Missing: Not applicable,Missing: Not applicable,Missing: Not applicable,Missing: Not applicable,Missing: Not applicable,FWD:GTGCCAGCMGCCGCGGTAA; REV:GGACTACHVGGGTWTCTAAT,"University of Colorado, Anschutz",FALSE,Missing: Not applicable,ILLUMINA,GTGCCAGCMGCCGCGGTAA,Missing: Not collected,Missing: Not applicable,2016-10-18T00:00:00Z,Missing: Not applicable,"Daniel Frank Laboratory, University of Colorado, Anschutz",2015,OEUQCYN1-R2,UC-Anschutz,SAMEA4506984,qiita_sid_10564:10564.OEUQCYN1,stool,sequencing by synthesis,male,Missing: Not applicable,ERP017899,qiita_sid_10564:10564.OEUQCYN1,Missing: Not applicable,16S rRNA,V4,Missing: Not applicable,Missing: Not applicable,Missing: Not applicable,2016-10-18T16:40:00Z,1,Missing: not collected,Missing: Not applicable,Missing: Not collected,300,79214935,Missing: Not applicable
A+,ERR1688210,64,years,negative,None documented,no,yes,OTHER,PRJEB16057,SAMEA4506985,A-,A-,19,UBERON:feces,UBERON:feces,UBERON:feces,42011012,"Daniel Frank Laboratory, University of Colorado, Anschutz",UNIVERSITY OF CALIFORNIA SAN DIEGO MICROBIOME INIT,Stem cell,Flu/Cy/Thio/TBI,positive,Missing: Restricted access,Intermediate intensity,public,yes,normal,"fastq,sra,run.zq","ncbi,gs,ena,s3","gs.us-east1,ncbi.public,s3.us-east-1,ena",Missing: Not applicable,19,27,0,AML,remission,TRUE,positive,8/10,female,negative,8/10,male,Missing: Not applicable,Patient,cord+cord,cord,1564,2016-10-14,2016-10-14,2018-11-16,2016-10-14,urban biome,human-associated habitat,feces,human-gut,Missing: Not applicable,ERX1757827,SAMEA4506985,USA,North America,USA:CO,"A1/1, B8/15, C3/7, DR3/4, DQ2/3",human,Homo sapiens,P52RM623,9606,Missing: Not applicable,no,UCSDMI,University of California San Diego Microbiome Initiative,2016-10-14T17:01:47Z,2016-10-14T01:31:44Z,public,Illumina MiSeq,39.76,10564.P52RM623,SINGLE,PCR,METAGENOMIC,-104.88,no,yes,human gut metagenome,Missing: Not collected,95,Missing: Not collected,95,Missing: Not applicable,95,Missing: Not applicable,95,FWD:GTGCCAGCMGCCGCGGTAA; REV:GGACTACHVGGGTWTCTAAT,"University of Colorado, Anschutz",FALSE,yes,ILLUMINA,GTGCCAGCMGCCGCGGTAA,white,no,2016-10-18T00:00:00Z,100,"Daniel Frank Laboratory, University of Colorado, Anschutz",2015,P52RM623-R2,UC-Anschutz,SAMEA4506985,qiita_sid_10564:10564.P52RM623,stool,sequencing by synthesis,female,no,ERP017899,qiita_sid_10564:10564.P52RM623,no,16S rRNA,V4,Missing: Not applicable,Missing: Not applicable,Missing: Not applicable,2016-10-18T16:40:00Z,1,"HSV, VZV","Citrobacter UTI, otitis external, entercoccus UTI, aspergillus sinus infection 8/2014",appendectomy,300,69723383,
A+,ERR1688211,Missing: Not collected,years,Missing: Not applicable,Missing: Not applicable,Missing: Not applicable,Missing: Not applicable,OTHER,PRJEB16057,SAMEA4506986,Missing: Not applicable,Missing: Not applicable,Missing: Not collected,UBERON:feces,UBERON:feces,UBERON:feces,64177241,"Daniel Frank Laboratory, University of Colorado, Anschutz",UNIVERSITY OF CALIFORNIA SAN DIEGO MICROBIOME INIT,Stem cell,Missing: Not applicable,positive,Missing: Restricted access,Missing: Not applicable,public,Missing: Not applicable,Missing: Not applicable,"fastq,run.zq,sra","ena,ncbi,s3,gs","gs.us-east1,ena,s3.us-east-1,ncbi.public",Missing: Not applicable,Missing: Not applicable,Missing: Not applicable,Missing: Not applicable,Missing: Not applicable,Missing: Not applicable,TRUE,Missing: Not applicable,Missing: not applicable,Missing: Not applicable,Missing: Not applicable,Missing: not applicable,Missing: Not applicable,Missing: Not applicable,Donor,Missing: Not applicable,Missing: Not applicable,1564,2016-10-14,2016-10-14,2018-11-16,2016-10-14,urban biome,human-associated habitat,feces,human-gut,Missing: Not applicable,ERX1757828,SAMEA4506986,USA,North America,USA:CO,"A2/24, B8/44, C5/7, DR1/1, DQ5/5",human,Homo sapiens,PE48VFHO,9606,Missing: Not collected,Missing: Not collected,UCSDMI,University of California San Diego Microbiome Initiative,2016-10-14T17:01:47Z,2016-10-14T01:31:45Z,public,Illumina MiSeq,39.76,10564.PE48VFHO,SINGLE,PCR,METAGENOMIC,-104.88,Missing: Not applicable,Missing: Not applicable,human gut metagenome,Missing: Not applicable,Missing: Not applicable,Missing: Not applicable,Missing: Not applicable,Missing: Not applicable,Missing: Not applicable,Missing: Not applicable,Missing: Not applicable,FWD:GTGCCAGCMGCCGCGGTAA; REV:GGACTACHVGGGTWTCTAAT,"University of Colorado, Anschutz",FALSE,Missing: Not applicable,ILLUMINA,GTGCCAGCMGCCGCGGTAA,Missing: Not collected,Missing: Not applicable,2016-10-18T00:00:00Z,Missing: Not applicable,"Daniel Frank Laboratory, University of Colorado, Anschutz",2015,PE48VFHO-R2,UC-Anschutz,SAMEA4506986,qiita_sid_10564:10564.PE48VFHO,stool,sequencing by synthesis,male,Missing: Not applicable,ERP017899,qiita_sid_10564:10564.PE48VFHO,Missing: Not applicable,16S rRNA,V4,Missing: Not applicable,Missing: Not applicable,Missing: Not applicable,2016-10-29T11:27:00Z,2,Missing: not collected,Missing: Not applicable,Missing: Not collected,,,Missing: Not applicable
A+,ERR1688212,70,years,negative,skin,Grade II,yes,OTHER,PRJEB16057,SAMEA4506987,B+,A+,22,UBERON:feces,UBERON:feces,UBERON:feces,16830009,"Daniel Frank Laboratory, University of Colorado, Anschutz",UNIVERSITY OF CALIFORNIA SAN DIEGO MICROBIOME INIT,Stem cell,Flu/Cy/TBI,positive,Missing: Restricted access,Intermediate intensity,public,yes,abnormal,"run.zq,sra,fastq","s3,ncbi,ena,gs","ncbi.public,s3.us-east-1,ena,gs.us-east1",Missing: Not applicable,16,23,0,AML,remission,TRUE,negative,8/10,male,negative,6/8,female,Missing: Not applicable,Patient,cord+cord,cord,1564,2016-10-14,2016-10-14,2018-11-16,2016-10-14,urban biome,human-associated habitat,feces,human-gut,Missing: Not applicable,ERX1757829,SAMEA4506987,USA,North America,USA:CO,"A24/24, B15/40, C3/3, DR7/13, DQ3/6",human,Homo sapiens,PGFKX87F,9606,"neutropenic fever, Abiotopia/strep viridans",yes,UCSDMI,University of California San Diego Microbiome Initiative,2016-10-14T17:01:47Z,2016-10-14T01:31:45Z,public,Illumina MiSeq,39.76,10564.PGFKX87F,SINGLE,PCR,METAGENOMIC,-104.88,no,yes,human gut metagenome,Missing: Not collected,96,Missing: Not collected,93,Missing: Not applicable,96,Missing: Not applicable,55,FWD:GTGCCAGCMGCCGCGGTAA; REV:GGACTACHVGGGTWTCTAAT,"University of Colorado, Anschutz",FALSE,yes,ILLUMINA,GTGCCAGCMGCCGCGGTAA,white,no,2016-10-18T00:00:00Z,180,"Daniel Frank Laboratory, University of Colorado, Anschutz",2015,PGFKX87F-R2,UC-Anschutz,SAMEA4506987,qiita_sid_10564:10564.PGFKX87F,stool,sequencing by synthesis,male,no,ERP017899,qiita_sid_10564:10564.PGFKX87F,no,16S rRNA,V4,22,22,Missing: Not applicable,2016-10-18T16:40:00Z,1,"HSV, VZV",facial cellulitis,diverticulitis,299,26030172,
O+,ERR1688213,44,years,negative,skin,Grade II,yes,OTHER,PRJEB16057,SAMEA4506988,O+,Missing: Not applicable,32,UBERON:feces,UBERON:feces,UBERON:feces,64262904,"Daniel Frank Laboratory, University of Colorado, Anschutz",UNIVERSITY OF CALIFORNIA SAN DIEGO MICROBIOME INIT,Stem cell,Cy/ATG,positive,Missing: Restricted access,Low intensity,public,yes,normal,"fastq,sra,run.zq","ena,gs,ncbi,s3","s3.us-east-1,ncbi.public,gs.us-east1,ena",Missing: Not applicable,24,13,0,AA,refractory,TRUE,positive,10/10,male,Missing: Not applicable,Missing: not applicable,Missing: Not applicable,Missing: Not applicable,Patient,marrow,related,1564,2016-10-14,2016-10-14,2018-11-16,2016-10-14,urban biome,human-associated habitat,feces,human-gut,Missing: Not applicable,ERX1757830,SAMEA4506988,USA,North America,USA:CO,"A1/2, B14/57, C7/8, DR1/7, DQ3/5",human,Homo sapiens,PZDRX7N4,9606,herpes,yes,UCSDMI,University of California San Diego Microbiome Initiative,2016-10-14T17:01:47Z,2016-10-14T01:31:45Z,public,Illumina MiSeq,39.76,10564.PZDRX7N4,SINGLE,PCR,METAGENOMIC,-104.88,yes,no,human gut metagenome,100,Missing: Not collected,Missing: Not collected,95,100,Missing: Not applicable,Missing: Not applicable,95,FWD:GTGCCAGCMGCCGCGGTAA; REV:GGACTACHVGGGTWTCTAAT,"University of Colorado, Anschutz",FALSE,yes,ILLUMINA,GTGCCAGCMGCCGCGGTAA,hispanic,no,2016-10-18T00:00:00Z,330,"Daniel Frank Laboratory, University of Colorado, Anschutz",2015,PZDRX7N4-R2,UC-Anschutz,SAMEA4506988,qiita_sid_10564:10564.PZDRX7N4,stool,sequencing by synthesis,male,no,ERP017899,qiita_sid_10564:10564.PZDRX7N4,no,16S rRNA,V4,36,36,Missing: Not applicable,2016-10-18T16:40:00Z,1,"HSV, VZV",adenovirus in urine; VZV/shingles,,300,107767468,
O-,ERR1688214,68,years,negative,skin,Grade II,yes,OTHER,PRJEB16057,SAMEA4506989,O+,Missing: Not applicable,32,UBERON:feces,UBERON:feces,UBERON:feces,54790415,"Daniel Frank Laboratory, University of Colorado, Anschutz",UNIVERSITY OF CALIFORNIA SAN DIEGO MICROBIOME INIT,Stem cell,Flu/Mel,positive,Missing: Restricted access,Intermediate intensity,public,no,abnormal,"fastq,run.zq,sra","gs,ncbi,ena,s3","s3.us-east-1,ncbi.public,gs.us-east1,ena",Missing: Not applicable,20,15,0,MDS,remission,TRUE,negative,10/10,male,Missing: Not applicable,Missing: not applicable,Missing: Not applicable,Missing: Not applicable,Patient,pbsc,unrelated,1564,2016-10-14,2016-10-14,2018-11-16,2016-10-14,urban biome,human-associated habitat,feces,human-gut,Missing: Not applicable,ERX1757831,SAMEA4506989,USA,North America,USA:CO,"A2/24, B35/51, C12/15, DR4/7, DQ2/4",human,Homo sapiens,QCMUUEDW,9606,HSV,yes,UCSDMI,University of California San Diego Microbiome Initiative,2016-10-14T17:01:47Z,2016-10-14T01:31:45Z,public,Illumina MiSeq,39.76,10564.QCMUUEDW,SINGLE,PCR,METAGENOMIC,-104.88,yes,no,human gut metagenome,Missing: Not collected,100,100,100,Missing: Not applicable,100,100,100,FWD:GTGCCAGCMGCCGCGGTAA; REV:GGACTACHVGGGTWTCTAAT,"University of Colorado, Anschutz",FALSE,yes,ILLUMINA,GTGCCAGCMGCCGCGGTAA,white,no,2016-10-18T00:00:00Z,180,"Daniel Frank Laboratory, University of Colorado, Anschutz",2015,QCMUUEDW-R2,UC-Anschutz,SAMEA4506989,qiita_sid_10564:10564.QCMUUEDW,stool,sequencing by synthesis,male,no,ERP017899,qiita_sid_10564:10564.QCMUUEDW,yes,16S rRNA,V4,33,33,Missing: Not applicable,2016-10-18T16:40:00Z,1,HSV,"CMV, CNS, rhinovirus","GERD, C difficile, appendectomy",300,85841471,Stage 3
A+,ERR1688215,58,years,negative,None documented,no,yes,OTHER,PRJEB16057,SAMEA4506990,A+,Missing: Not applicable,26,UBERON:feces,UBERON:feces,UBERON:feces,68210954,"Daniel Frank Laboratory, University of Colorado, Anschutz",UNIVERSITY OF CALIFORNIA SAN DIEGO MICROBIOME INIT,Stem cell,Flu/Mel,positive,Missing: Restricted access,Intermediate intensity,public,no,abnormal,"run.zq,fastq,sra","gs,s3,ncbi,ena","gs.us-east1,ncbi.public,s3.us-east-1,ena",30,13,10,1,CLL,refractory,TRUE,negative,10/10,male,Missing: Not applicable,Missing: not applicable,Missing: Not applicable,Y3XCJJPE,Patient,pbsc,related,1564,2016-10-14,2016-10-14,2018-11-16,2016-10-14,urban biome,human-associated habitat,feces,human-gut,Sepsis,ERX1757832,SAMEA4506990,USA,North America,USA:CO,"A11/32, B14/35, C4/8, DR4/7, DQ2/3",human,Homo sapiens,QG6Q3VMK,9606,oral hsv; hepatitis B,yes,UCSDMI,University of California San Diego Microbiome Initiative,2016-10-14T17:01:47Z,2016-10-14T01:31:45Z,public,Illumina MiSeq,39.76,10564.QG6Q3VMK,SINGLE,PCR,METAGENOMIC,-104.88,yes,no,human gut metagenome,Missing: Not applicable,Missing: Not applicable,Missing: Not applicable,95,Missing: Not applicable,5,Missing: Not applicable,Missing: Not collected,FWD:GTGCCAGCMGCCGCGGTAA; REV:GGACTACHVGGGTWTCTAAT,"University of Colorado, Anschutz",FALSE,yes,ILLUMINA,GTGCCAGCMGCCGCGGTAA,white,yes,2016-10-18T00:00:00Z,87,"Daniel Frank Laboratory, University of Colorado, Anschutz",2015,QG6Q3VMK-R2,UC-Anschutz,SAMEA4506990,qiita_sid_10564:10564.QG6Q3VMK,stool,sequencing by synthesis,male,no,ERP017899,qiita_sid_10564:10564.QG6Q3VMK,yes,16S rRNA,V4,Missing: Not applicable,Missing: Not applicable,87,2016-10-18T16:40:00Z,1,"HSV1, VZV","bacteremia: pseudomonas, E coli, VRE",,300,112062684,
O+,ERR1688216,61,years,negative,None documented,no,no,OTHER,PRJEB16057,SAMEA4506991,A+,Missing: Not applicable,28,UBERON:feces,UBERON:feces,UBERON:feces,39420327,"Daniel Frank Laboratory, University of Colorado, Anschutz",UNIVERSITY OF CALIFORNIA SAN DIEGO MICROBIOME INIT,Stem cell,Flu/TBI,negative,Missing: Restricted access,Low intensity,public,no,abnormal,"fastq,sra,run.zq","ncbi,ena,s3,gs","ena,ncbi.public,s3.us-east-1,gs.us-east1",37,Missing: Not applicable,Missing: Not applicable,1,TCL,refractory,TRUE,negative,10/10,male,Missing: Not applicable,Missing: not applicable,Missing: Not applicable,Missing: Not applicable,Patient,pbsc,unrelated,1564,2016-10-14,2016-10-14,2018-11-16,2016-10-14,urban biome,human-associated habitat,feces,human-gut,septic shock,ERX1757833,SAMEA4506991,USA,North America,USA:CO,"A1/3, B8/40, C3/7, DR3/13, DQ2/6",human,Homo sapiens,QOHVF823,9606,Missing: Not applicable,no,UCSDMI,University of California San Diego Microbiome Initiative,2016-10-14T17:01:47Z,2016-10-14T01:31:45Z,public,Illumina MiSeq,39.76,10564.QOHVF823,SINGLE,PCR,METAGENOMIC,-104.88,no,yes,human gut metagenome,Missing: Not collected,0,0,0,Missing: Not collected,Missing: Not collected,Missing: Not collected,Missing: Not collected,FWD:GTGCCAGCMGCCGCGGTAA; REV:GGACTACHVGGGTWTCTAAT,"University of Colorado, Anschutz",FALSE,no,ILLUMINA,GTGCCAGCMGCCGCGGTAA,white,yes,2016-10-18T00:00:00Z,723,"Daniel Frank Laboratory, University of Colorado, Anschutz",2015,QOHVF823-R2,UC-Anschutz,SAMEA4506991,qiita_sid_10564:10564.QOHVF823,stool,sequencing by synthesis,female,no,ERP017899,qiita_sid_10564:10564.QOHVF823,yes,16S rRNA,V4,Missing: Not applicable,Missing: Not applicable,723,2016-10-18T16:40:00Z,1,"EBV, VZV","bacteremia, EBV viremia, C difficile",,300,66304210,
O+,ERR1688217,Missing: Not collected,years,Missing: Not applicable,Missing: Not applicable,Missing: Not applicable,Missing: Not applicable,OTHER,PRJEB16057,SAMEA4506992,Missing: Not applicable,Missing: Not applicable,Missing: Not collected,UBERON:feces,UBERON:feces,UBERON:feces,116373469,"Daniel Frank Laboratory, University of Colorado, Anschutz",UNIVERSITY OF CALIFORNIA SAN DIEGO MICROBIOME INIT,Stem cell,Missing: Not applicable,positive,Missing: Restricted access,Missing: Not applicable,public,Missing: Not applicable,Missing: Not applicable,"fastq,sra,run.zq","ena,s3,ncbi,gs","gs.us-east1,s3.us-east-1,ena,ncbi.public",Missing: Not applicable,Missing: Not applicable,Missing: Not applicable,Missing: Not applicable,Missing: Not applicable,Missing: Not applicable,TRUE,Missing: Not applicable,Missing: not applicable,Missing: Not applicable,Missing: Not applicable,Missing: not applicable,Missing: Not applicable,Missing: Not applicable,Donor,Missing: Not applicable,Missing: Not applicable,1564,2016-10-14,2016-10-14,2018-11-16,2016-10-14,urban biome,human-associated habitat,feces,human-gut,Missing: Not applicable,ERX1757834,SAMEA4506992,USA,North America,USA:CO,"A1/3, B7/8, C7/7, DR13/15, DQ6/6",human,Homo sapiens,R5UYLI60,9606,Missing: Not collected,Missing: Not collected,UCSDMI,University of California San Diego Microbiome Initiative,2016-10-14T17:01:47Z,2016-10-14T01:31:45Z,public,Illumina MiSeq,39.76,10564.R5UYLI60,SINGLE,PCR,METAGENOMIC,-104.88,Missing: Not applicable,Missing: Not applicable,human gut metagenome,Missing: Not applicable,Missing: Not applicable,Missing: Not applicable,Missing: Not applicable,Missing: Not applicable,Missing: Not applicable,Missing: Not applicable,Missing: Not applicable,FWD:GTGCCAGCMGCCGCGGTAA; REV:GGACTACHVGGGTWTCTAAT,"University of Colorado, Anschutz",FALSE,Missing: Not applicable,ILLUMINA,GTGCCAGCMGCCGCGGTAA,Missing: Not collected,Missing: Not applicable,2016-10-18T00:00:00Z,Missing: Not applicable,"Daniel Frank Laboratory, University of Colorado, Anschutz",2015,R5UYLI60-R2,UC-Anschutz,SAMEA4506992,qiita_sid_10564:10564.R5UYLI60,stool,sequencing by synthesis,male,Missing: Not applicable,ERP017899,qiita_sid_10564:10564.R5UYLI60,Missing: Not applicable,16S rRNA,V4,Missing: Not applicable,Missing: Not applicable,Missing: Not applicable,2016-10-18T16:40:00Z,1,Missing: not collected,Missing: Not applicable,Missing: Not collected,300,188928349,Missing: Not applicable
A+,ERR1688218,74,years,negative,None documented,no,yes,OTHER,PRJEB16057,SAMEA4506993,A+,Missing: Not applicable,29,UBERON:feces,UBERON:feces,UBERON:feces,34480657,"Daniel Frank Laboratory, University of Colorado, Anschutz",UNIVERSITY OF CALIFORNIA SAN DIEGO MICROBIOME INIT,Stem cell,Flu/TBI,positive,Missing: Restricted access,Low intensity,public,no,abnormal,"sra,run.zq,fastq","s3,ena,gs,ncbi","gs.us-east1,ena,s3.us-east-1,ncbi.public",Missing: Not applicable,43,14,0,CLL,refractory,TRUE,positive,10/10,female,Missing: Not applicable,Missing: not applicable,Missing: Not applicable,SNTNHHDG,Patient,pbsc,related,1564,2016-10-14,2016-10-14,2018-11-16,2016-10-14,urban biome,human-associated habitat,feces,human-gut,Missing: Not applicable,ERX1757835,SAMEA4506993,USA,North America,USA:CO,"A1/23, B49/49, C7/7, DR4/7, DQ2/3",human,Homo sapiens,SFZAU2VG,9606,neutropenic fever,yes,UCSDMI,University of California San Diego Microbiome Initiative,2016-10-14T17:01:47Z,2016-10-14T01:31:45Z,public,Illumina MiSeq,39.76,10564.SFZAU2VG,SINGLE,PCR,METAGENOMIC,-104.88,no,yes,human gut metagenome,Missing: Not collected,100,Missing: Not collected,96,Missing: Not applicable,100,Missing: Not applicable,96,FWD:GTGCCAGCMGCCGCGGTAA; REV:GGACTACHVGGGTWTCTAAT,"University of Colorado, Anschutz",FALSE,yes,ILLUMINA,GTGCCAGCMGCCGCGGTAA,white,no,2016-10-18T00:00:00Z,100,"Daniel Frank Laboratory, University of Colorado, Anschutz",2015,SFZAU2VG-R2,UC-Anschutz,SAMEA4506993,qiita_sid_10564:10564.SFZAU2VG,stool,sequencing by synthesis,male,no,ERP017899,qiita_sid_10564:10564.SFZAU2VG,yes,16S rRNA,V4,Missing: Not applicable,Missing: Not applicable,Missing: Not applicable,2016-10-29T11:27:00Z,2,HSV,"CMV viremia, rhinovirus, influenza, candida glabrata","Barrett's esophagus, cholecystectomy, appendectomy",,,Stage 2
A+,ERR1688219,Missing: Not collected,years,Missing: Not applicable,Missing: Not applicable,Missing: Not applicable,Missing: Not applicable,OTHER,PRJEB16057,SAMEA4506994,Missing: Not applicable,Missing: Not applicable,Missing: Not collected,UBERON:feces,UBERON:feces,UBERON:feces,89178895,"Daniel Frank Laboratory, University of Colorado, Anschutz",UNIVERSITY OF CALIFORNIA SAN DIEGO MICROBIOME INIT,Stem cell,Missing: Not applicable,positive,Missing: Restricted access,Missing: Not applicable,public,Missing: Not applicable,Missing: Not applicable,"sra,fastq,run.zq","gs,s3,ena,ncbi","ena,ncbi.public,s3.us-east-1,gs.us-east1",Missing: Not applicable,Missing: Not applicable,Missing: Not applicable,Missing: Not applicable,Missing: Not applicable,Missing: Not applicable,TRUE,Missing: Not applicable,Missing: not applicable,Missing: Not applicable,Missing: Not applicable,Missing: not applicable,Missing: Not applicable,Missing: Not applicable,Donor,Missing: Not applicable,Missing: Not applicable,1564,2016-10-14,2016-10-14,2018-11-16,2016-10-14,urban biome,human-associated habitat,feces,human-gut,Missing: Not applicable,ERX1757836,SAMEA4506994,USA,North America,USA:CO,"A1/23, B49/49, C7/7, DR4/7, DQ2/3",human,Homo sapiens,SNTNHHDG,9606,Missing: Not collected,Missing: Not collected,UCSDMI,University of California San Diego Microbiome Initiative,2016-10-14T17:01:47Z,2016-10-14T01:31:45Z,public,Illumina MiSeq,39.76,10564.SNTNHHDG,SINGLE,PCR,METAGENOMIC,-104.88,Missing: Not applicable,Missing: Not applicable,human gut metagenome,Missing: Not applicable,Missing: Not applicable,Missing: Not applicable,Missing: Not applicable,Missing: Not applicable,Missing: Not applicable,Missing: Not applicable,Missing: Not applicable,FWD:GTGCCAGCMGCCGCGGTAA; REV:GGACTACHVGGGTWTCTAAT,"University of Colorado, Anschutz",FALSE,Missing: Not applicable,ILLUMINA,GTGCCAGCMGCCGCGGTAA,Missing: Not collected,Missing: Not applicable,2016-10-18T00:00:00Z,Missing: Not applicable,"Daniel Frank Laboratory, University of Colorado, Anschutz",2015,SNTNHHDG-R2,UC-Anschutz,SAMEA4506994,qiita_sid_10564:10564.SNTNHHDG,stool,sequencing by synthesis,female,Missing: Not applicable,ERP017899,qiita_sid_10564:10564.SNTNHHDG,Missing: Not applicable,16S rRNA,V4,Missing: Not applicable,Missing: Not applicable,Missing: Not applicable,2016-10-29T11:27:00Z,1,Missing: not collected,Missing: Not applicable,Missing: Not collected,,,Missing: Not applicable
A+,ERR1688220,53,years,positive,gut,Grade II,yes,OTHER,PRJEB16057,SAMEA4506995,O+,A+,27,UBERON:feces,UBERON:feces,UBERON:feces,57805914,"Daniel Frank Laboratory, University of Colorado, Anschutz",UNIVERSITY OF CALIFORNIA SAN DIEGO MICROBIOME INIT,Stem cell,Flu/Cy/Thio/TBI,positive,Missing: Restricted access,Intermediate intensity,public,yes,normal,"sra,fastq,run.zq","ncbi,s3,gs,ena","gs.us-east1,ena,s3.us-east-1,ncbi.public",Missing: Not applicable,21,27,0,AML,remission,TRUE,positive,7/10,male,positive,5/10,female,Missing: Not applicable,Patient,cord+cord,cord,1564,2016-10-14,2016-10-14,2018-11-16,2016-10-14,urban biome,human-associated habitat,feces,human-gut,Missing: Not applicable,ERX1757837,SAMEA4506995,USA,North America,USA:CO,"A2/31, B18/50, C6/7, DR4/7, DQ2/3",human,Homo sapiens,TNSJJS0H,9606,"colitis, bacteremia",yes,UCSDMI,University of California San Diego Microbiome Initiative,2016-10-14T17:01:47Z,2016-10-14T01:31:45Z,public,Illumina MiSeq,39.76,10564.TNSJJS0H,SINGLE,PCR,METAGENOMIC,-104.88,no,yes,human gut metagenome,Missing: Not collected,100,Missing: Not collected,100,Missing: Not applicable,100,Missing: Not applicable,100,FWD:GTGCCAGCMGCCGCGGTAA; REV:GGACTACHVGGGTWTCTAAT,"University of Colorado, Anschutz",FALSE,yes,ILLUMINA,GTGCCAGCMGCCGCGGTAA,white,no,2016-10-18T00:00:00Z,180,"Daniel Frank Laboratory, University of Colorado, Anschutz",2015,TNSJJS0H-R2,UC-Anschutz,SAMEA4506995,qiita_sid_10564:10564.TNSJJS0H,stool,sequencing by synthesis,male,no,ERP017899,qiita_sid_10564:10564.TNSJJS0H,no,16S rRNA,V4,54,54,Missing: Not applicable,2016-10-29T11:27:00Z,2,"EBV, HSV, VZV",pneumonia,"perianal abscess, typhlitis/colitis, hemorrhoids",,,
O+,ERR1688221,Missing: Not collected,years,Missing: Not applicable,Missing: Not applicable,Missing: Not applicable,Missing: Not applicable,OTHER,PRJEB16057,SAMEA4506996,Missing: Not applicable,Missing: Not applicable,Missing: Not collected,UBERON:feces,UBERON:feces,UBERON:feces,57515708,"Daniel Frank Laboratory, University of Colorado, Anschutz",UNIVERSITY OF CALIFORNIA SAN DIEGO MICROBIOME INIT,Stem cell,Missing: Not applicable,negative,Missing: Restricted access,Missing: Not applicable,public,Missing: Not applicable,Missing: Not applicable,"sra,fastq,run.zq","gs,ncbi,ena,s3","gs.us-east1,ena,s3.us-east-1,ncbi.public",Missing: Not applicable,Missing: Not applicable,Missing: Not applicable,Missing: Not applicable,Missing: Not applicable,Missing: Not applicable,TRUE,Missing: Not applicable,Missing: not applicable,Missing: Not applicable,Missing: Not applicable,Missing: not applicable,Missing: Not applicable,Missing: Not applicable,Donor,Missing: Not applicable,Missing: Not applicable,1564,2016-10-14,2016-10-14,2018-11-16,2016-10-14,urban biome,human-associated habitat,feces,human-gut,Missing: Not applicable,ERX1757838,SAMEA4506996,USA,North America,USA:CO,"A1/68, B8/27, C2/7, DR3/11, DQ2/3",human,Homo sapiens,TPC4DXSR,9606,Missing: Not collected,Missing: Not collected,UCSDMI,University of California San Diego Microbiome Initiative,2016-10-14T17:01:47Z,2016-10-14T01:31:45Z,public,Illumina MiSeq,39.76,10564.TPC4DXSR,SINGLE,PCR,METAGENOMIC,-104.88,Missing: Not applicable,Missing: Not applicable,human gut metagenome,Missing: Not applicable,Missing: Not applicable,Missing: Not applicable,Missing: Not applicable,Missing: Not applicable,Missing: Not applicable,Missing: Not applicable,Missing: Not applicable,FWD:GTGCCAGCMGCCGCGGTAA; REV:GGACTACHVGGGTWTCTAAT,"University of Colorado, Anschutz",FALSE,Missing: Not applicable,ILLUMINA,GTGCCAGCMGCCGCGGTAA,Missing: Not collected,Missing: Not applicable,2016-10-18T00:00:00Z,Missing: Not applicable,"Daniel Frank Laboratory, University of Colorado, Anschutz",2015,TPC4DXSR-R2,UC-Anschutz,SAMEA4506996,qiita_sid_10564:10564.TPC4DXSR,stool,sequencing by synthesis,female,Missing: Not applicable,ERP017899,qiita_sid_10564:10564.TPC4DXSR,Missing: Not applicable,16S rRNA,V4,Missing: Not applicable,Missing: Not applicable,Missing: Not applicable,2016-10-18T16:40:00Z,1,Missing: not collected,Missing: Not applicable,Missing: Not collected,300,98585768,Missing: Not applicable
O+,ERR1688222,Missing: Not collected,years,Missing: Not applicable,Missing: Not applicable,Missing: Not applicable,Missing: Not applicable,OTHER,PRJEB16057,SAMEA4506997,Missing: Not applicable,Missing: Not applicable,Missing: Not collected,UBERON:feces,UBERON:feces,UBERON:feces,37457796,"Daniel Frank Laboratory, University of Colorado, Anschutz",UNIVERSITY OF CALIFORNIA SAN DIEGO MICROBIOME INIT,Stem cell,Missing: Not applicable,negative,Missing: Restricted access,Missing: Not applicable,public,Missing: Not applicable,Missing: Not applicable,"fastq,sra,run.zq","s3,ncbi,gs,ena","s3.us-east-1,ena,gs.us-east1,ncbi.public",Missing: Not applicable,Missing: Not applicable,Missing: Not applicable,Missing: Not applicable,Missing: Not applicable,Missing: Not applicable,TRUE,Missing: Not applicable,Missing: not applicable,Missing: Not applicable,Missing: Not applicable,Missing: not applicable,Missing: Not applicable,Missing: Not applicable,Donor,Missing: Not applicable,Missing: Not applicable,1564,2016-10-14,2016-10-14,2018-11-16,2016-10-14,urban biome,human-associated habitat,feces,human-gut,Missing: Not applicable,ERX1757839,SAMEA4506997,USA,North America,USA:CO,"A2/2, B15/41, C3/17, DR4/13, DQ3/6",human,Homo sapiens,TX5QZZCE,9606,Missing: Not collected,Missing: Not collected,UCSDMI,University of California San Diego Microbiome Initiative,2016-10-14T17:01:47Z,2016-10-14T01:31:45Z,public,Illumina MiSeq,39.76,10564.TX5QZZCE,SINGLE,PCR,METAGENOMIC,-104.88,Missing: Not applicable,Missing: Not applicable,human gut metagenome,Missing: Not applicable,Missing: Not applicable,Missing: Not applicable,Missing: Not applicable,Missing: Not applicable,Missing: Not applicable,Missing: Not applicable,Missing: Not applicable,FWD:GTGCCAGCMGCCGCGGTAA; REV:GGACTACHVGGGTWTCTAAT,"University of Colorado, Anschutz",FALSE,Missing: Not applicable,ILLUMINA,GTGCCAGCMGCCGCGGTAA,Missing: Not collected,Missing: Not applicable,2016-10-18T00:00:00Z,Missing: Not applicable,"Daniel Frank Laboratory, University of Colorado, Anschutz",2015,TX5QZZCE-R2,UC-Anschutz,SAMEA4506997,qiita_sid_10564:10564.TX5QZZCE,stool,sequencing by synthesis,male,Missing: Not applicable,ERP017899,qiita_sid_10564:10564.TX5QZZCE,Missing: Not applicable,16S rRNA,V4,Missing: Not applicable,Missing: Not applicable,Missing: Not applicable,2016-10-18T16:40:00Z,1,Missing: not collected,Missing: Not applicable,Missing: Not collected,300,61408164,Missing: Not applicable
O+,ERR1688223,55,years,positive,gut,Grade II,yes,OTHER,PRJEB16057,SAMEA4506998,B-,A+,23,UBERON:feces,UBERON:feces,UBERON:feces,39983525,"Daniel Frank Laboratory, University of Colorado, Anschutz",UNIVERSITY OF CALIFORNIA SAN DIEGO MICROBIOME INIT,Stem cell,Flu/Cy/Thio/TBI,positive,Missing: Restricted access,Intermediate intensity,public,yes,abnormal,"fastq,run.zq,sra","s3,gs,ena,ncbi","s3.us-east-1,gs.us-east1,ena,ncbi.public",Missing: Not applicable,21,26,0,CML,refractory,TRUE,positive,8/10,male,negative,6/10,male,Missing: Not applicable,Patient,cord+cord,cord,1564,2016-10-14,2016-10-14,2018-11-16,2016-10-14,urban biome,human-associated habitat,feces,human-gut,Missing: Not applicable,ERX1757840,SAMEA4506998,USA,North America,USA:CO,"A1/2, B44/51, C1/5, DR7/11, DQ2/3",human,Homo sapiens,UP9H2CYM,9606,appendicitis,yes,UCSDMI,University of California San Diego Microbiome Initiative,2016-10-14T17:01:47Z,2016-10-14T01:31:45Z,public,Illumina MiSeq,39.76,10564.UP9H2CYM,SINGLE,PCR,METAGENOMIC,-104.88,no,yes,human gut metagenome,Missing: Not collected,100,Missing: Not collected,96,Missing: Not applicable,100,Missing: Not applicable,96,FWD:GTGCCAGCMGCCGCGGTAA; REV:GGACTACHVGGGTWTCTAAT,"University of Colorado, Anschutz",FALSE,yes,ILLUMINA,GTGCCAGCMGCCGCGGTAA,white,no,2016-10-18T00:00:00Z,180,"Daniel Frank Laboratory, University of Colorado, Anschutz",2015,UP9H2CYM-R2,UC-Anschutz,SAMEA4506998,qiita_sid_10564:10564.UP9H2CYM,stool,sequencing by synthesis,female,no,ERP017899,qiita_sid_10564:10564.UP9H2CYM,no,16S rRNA,V4,43,43,Missing: Not applicable,2016-10-18T16:40:00Z,1,VZV,"oral candida, pneumonia",appendectomy,300,64487906,
A+,ERR1688224,Missing: Not collected,years,Missing: Not applicable,Missing: Not applicable,Missing: Not applicable,Missing: Not applicable,OTHER,PRJEB16057,SAMEA4506999,Missing: Not applicable,Missing: Not applicable,Missing: Not collected,UBERON:feces,UBERON:feces,UBERON:feces,55611853,"Daniel Frank Laboratory, University of Colorado, Anschutz",UNIVERSITY OF CALIFORNIA SAN DIEGO MICROBIOME INIT,Stem cell,Missing: Not applicable,negative,Missing: Restricted access,Missing: Not applicable,public,Missing: Not applicable,Missing: Not applicable,"fastq,sra,run.zq","gs,ena,s3,ncbi","s3.us-east-1,gs.us-east1,ncbi.public,ena",Missing: Not applicable,Missing: Not applicable,Missing: Not applicable,Missing: Not applicable,Missing: Not applicable,Missing: Not applicable,TRUE,Missing: Not applicable,Missing: not applicable,Missing: Not applicable,Missing: Not applicable,Missing: not applicable,Missing: Not applicable,Missing: Not applicable,Donor,Missing: Not applicable,Missing: Not applicable,1564,2016-10-14,2016-10-14,2018-11-16,2016-10-14,urban biome,human-associated habitat,feces,human-gut,Missing: Not applicable,ERX1757841,SAMEA4506999,USA,North America,USA:CO,"A2/3, B7/15, C4/7, DR1/15, DQ5/6",human,Homo sapiens,V40XA5EG,9606,Missing: Not collected,Missing: Not collected,UCSDMI,University of California San Diego Microbiome Initiative,2016-10-14T17:01:47Z,2016-10-14T01:31:45Z,public,Illumina MiSeq,39.76,10564.V40XA5EG,SINGLE,PCR,METAGENOMIC,-104.88,Missing: Not applicable,Missing: Not applicable,human gut metagenome,Missing: Not applicable,Missing: Not applicable,Missing: Not applicable,Missing: Not applicable,Missing: Not applicable,Missing: Not applicable,Missing: Not applicable,Missing: Not applicable,FWD:GTGCCAGCMGCCGCGGTAA; REV:GGACTACHVGGGTWTCTAAT,"University of Colorado, Anschutz",FALSE,Missing: Not applicable,ILLUMINA,GTGCCAGCMGCCGCGGTAA,Missing: Not collected,Missing: Not applicable,2016-10-18T00:00:00Z,Missing: Not applicable,"Daniel Frank Laboratory, University of Colorado, Anschutz",2015,V40XA5EG-R2,UC-Anschutz,SAMEA4506999,qiita_sid_10564:10564.V40XA5EG,stool,sequencing by synthesis,female,Missing: Not applicable,ERP017899,qiita_sid_10564:10564.V40XA5EG,Missing: Not applicable,16S rRNA,V4,Missing: Not applicable,Missing: Not applicable,Missing: Not applicable,2016-10-29T11:27:00Z,1,Missing: not collected,Missing: Not applicable,Missing: Not collected,,,Missing: Not applicable
O-,ERR1688225,53,years,positive,gut,Grade I,yes,OTHER,PRJEB16057,SAMEA4507000,O+,B+,28,UBERON:feces,UBERON:feces,UBERON:feces,40248627,"Daniel Frank Laboratory, University of Colorado, Anschutz",UNIVERSITY OF CALIFORNIA SAN DIEGO MICROBIOME INIT,Stem cell,Flu/Cy/Thio/TBI,positive,Missing: Restricted access,Intermediate intensity,public,yes,normal,"sra,fastq,run.zq","ncbi,gs,s3,ena","gs.us-east1,s3.us-east-1,ena,ncbi.public",Missing: Not applicable,29,46,0,AML,remission,TRUE,negative,9/10,female,negative,8/10,male,Missing: Not applicable,Patient,cord+cord,cord,1564,2016-10-14,2016-10-14,2018-11-16,2016-10-14,urban biome,human-associated habitat,feces,human-gut,Missing: Not applicable,ERX1757842,SAMEA4507000,USA,North America,USA:CO,"A2/2, B14/53, C4/8, DR1/7, DQ2/5",human,Homo sapiens,V6RQXJPE,9606,hepatitis C,yes,UCSDMI,University of California San Diego Microbiome Initiative,2016-10-14T17:01:47Z,2016-10-14T01:31:45Z,public,Illumina MiSeq,39.76,10564.V6RQXJPE,SINGLE,PCR,METAGENOMIC,-104.88,no,yes,human gut metagenome,Missing: Not collected,100,100,100,Missing: Not applicable,100,100,100,FWD:GTGCCAGCMGCCGCGGTAA; REV:GGACTACHVGGGTWTCTAAT,"University of Colorado, Anschutz",FALSE,yes,ILLUMINA,GTGCCAGCMGCCGCGGTAA,black,no,2016-10-18T00:00:00Z,100,"Daniel Frank Laboratory, University of Colorado, Anschutz",2015,V6RQXJPE-R2,UC-Anschutz,SAMEA4507000,qiita_sid_10564:10564.V6RQXJPE,stool,sequencing by synthesis,male,no,ERP017899,qiita_sid_10564:10564.V6RQXJPE,no,16S rRNA,V4,64,64,Missing: Not applicable,2016-10-18T16:40:00Z,1,Hepatitis C,"VRE, C difficile, CMV viremia, BK virus, adenovirus","appendectomy, rectal surgery",300,64617389,
A+,ERR1688226,69,years,positive,gut,suspected,yes,OTHER,PRJEB16057,SAMEA4507001,A+,Missing: Not applicable,23,UBERON:feces,UBERON:feces,UBERON:feces,40913760,"Daniel Frank Laboratory, University of Colorado, Anschutz",UNIVERSITY OF CALIFORNIA SAN DIEGO MICROBIOME INIT,Stem cell,Flu/TBI,positive,Missing: Restricted access,Low intensity,public,no,abnormal,"sra,run.zq,fastq","s3,ena,gs,ncbi","ncbi.public,s3.us-east-1,ena,gs.us-east1",49,31,23,1,AML,refractory,TRUE,negative,10/10,male,Missing: Not applicable,Missing: not applicable,Missing: Not applicable,Missing: Not applicable,Patient,pbsc,unrelated,1564,2016-10-14,2016-10-14,2018-11-16,2016-10-14,urban biome,human-associated habitat,feces,human-gut,Relapse,ERX1757843,SAMEA4507001,USA,North America,USA:CO,"A1/2, B7/8, C3/7, DR3/15, DQ2/6",human,Homo sapiens,XI5CNBC5,9606,Missing: Not applicable,no,UCSDMI,University of California San Diego Microbiome Initiative,2016-10-14T17:01:47Z,2016-10-14T01:31:45Z,public,Illumina MiSeq,39.76,10564.XI5CNBC5,SINGLE,PCR,METAGENOMIC,-104.88,no,yes,human gut metagenome,Missing: Not applicable,88,Missing: Not applicable,83,Missing: Not applicable,Missing: Not collected,Missing: Not applicable,Missing: Not collected,FWD:GTGCCAGCMGCCGCGGTAA; REV:GGACTACHVGGGTWTCTAAT,"University of Colorado, Anschutz",FALSE,yes,ILLUMINA,GTGCCAGCMGCCGCGGTAA,white,yes,2016-10-18T00:00:00Z,118,"Daniel Frank Laboratory, University of Colorado, Anschutz",2015,XI5CNBC5-R2,UC-Anschutz,SAMEA4507001,qiita_sid_10564:10564.XI5CNBC5,stool,sequencing by synthesis,female,no,ERP017899,qiita_sid_10564:10564.XI5CNBC5,yes,16S rRNA,V4,41,41,118,2016-10-18T16:40:00Z,1,"HSV, VZV",UTI,,300,67492883,
A-,ERR1688227,65,years,negative,None documented,no,no,OTHER,PRJEB16057,SAMEA4507002,O+,Missing: Not applicable,28,UBERON:feces,UBERON:feces,UBERON:feces,41483889,"Daniel Frank Laboratory, University of Colorado, Anschutz",UNIVERSITY OF CALIFORNIA SAN DIEGO MICROBIOME INIT,Stem cell,Flu/TBI,positive,Missing: Restricted access,Low intensity,public,yes,abnormal,"run.zq,sra,fastq","s3,ena,gs,ncbi","s3.us-east-1,ncbi.public,gs.us-east1,ena",148,Missing: Not applicable,Missing: Not applicable,1,AML,remission,TRUE,negative,10/10,female,Missing: Not applicable,Missing: not applicable,Missing: Not applicable,Missing: Not applicable,Patient,pbsc,unrelated,1564,2016-10-14,2016-10-14,2018-11-16,2016-10-14,urban biome,human-associated habitat,feces,human-gut,Missing: Not collected,ERX1757844,SAMEA4507002,USA,North America,USA:CO,"A2/2, B7/44, C2/7, DR15/15, DQ5/6",human,Homo sapiens,XI91FUC4,9606,Missing: Not applicable,no,UCSDMI,University of California San Diego Microbiome Initiative,2016-10-14T17:01:47Z,2016-10-14T01:31:45Z,public,Illumina MiSeq,39.76,10564.XI91FUC4,SINGLE,PCR,METAGENOMIC,-104.88,no,yes,human gut metagenome,Missing: Not collected,32,0,27,Missing: Not collected,Missing: Not collected,Missing: Not collected,Missing: Not collected,FWD:GTGCCAGCMGCCGCGGTAA; REV:GGACTACHVGGGTWTCTAAT,"University of Colorado, Anschutz",FALSE,no,ILLUMINA,GTGCCAGCMGCCGCGGTAA,white,yes,2016-10-18T00:00:00Z,694,"Daniel Frank Laboratory, University of Colorado, Anschutz",2015,XI91FUC4-R2,UC-Anschutz,SAMEA4507002,qiita_sid_10564:10564.XI91FUC4,stool,sequencing by synthesis,male,no,ERP017899,qiita_sid_10564:10564.XI91FUC4,no,16S rRNA,V4,Missing: Not applicable,Missing: Not applicable,694,2016-10-18T16:41:00Z,1,"EBV, HSV, VZV",,GERD,300,67449687,
A+,ERR1688228,Missing: Not collected,years,Missing: Not applicable,Missing: Not applicable,Missing: Not applicable,Missing: Not applicable,OTHER,PRJEB16057,SAMEA4507003,Missing: Not applicable,Missing: Not applicable,Missing: Not collected,UBERON:feces,UBERON:feces,UBERON:feces,37431095,"Daniel Frank Laboratory, University of Colorado, Anschutz",UNIVERSITY OF CALIFORNIA SAN DIEGO MICROBIOME INIT,Stem cell,Missing: Not applicable,negative,Missing: Restricted access,Missing: Not applicable,public,Missing: Not applicable,Missing: Not applicable,"sra,fastq,run.zq","ncbi,s3,ena,gs","ena,ncbi.public,s3.us-east-1,gs.us-east1",Missing: Not applicable,Missing: Not applicable,Missing: Not applicable,Missing: Not applicable,Missing: Not applicable,Missing: Not applicable,TRUE,Missing: Not applicable,Missing: not applicable,Missing: Not applicable,Missing: Not applicable,Missing: not applicable,Missing: Not applicable,Missing: Not applicable,Donor,Missing: Not applicable,Missing: Not applicable,1564,2016-10-14,2016-10-14,2018-11-16,2016-10-14,urban biome,human-associated habitat,feces,human-gut,Missing: Not applicable,ERX1757845,SAMEA4507003,USA,North America,USA:CO,"A11/32, B14/35, C4/8, DR4/7, DQ2/3",human,Homo sapiens,Y3XCJJPE,9606,Missing: Not collected,Missing: Not collected,UCSDMI,University of California San Diego Microbiome Initiative,2016-10-14T17:01:47Z,2016-10-14T01:31:45Z,public,Illumina MiSeq,39.76,10564.Y3XCJJPE,SINGLE,PCR,METAGENOMIC,-104.88,Missing: Not applicable,Missing: Not applicable,human gut metagenome,Missing: Not applicable,Missing: Not applicable,Missing: Not applicable,Missing: Not applicable,Missing: Not applicable,Missing: Not applicable,Missing: Not applicable,Missing: Not applicable,FWD:GTGCCAGCMGCCGCGGTAA; REV:GGACTACHVGGGTWTCTAAT,"University of Colorado, Anschutz",FALSE,Missing: Not applicable,ILLUMINA,GTGCCAGCMGCCGCGGTAA,Missing: Not collected,Missing: Not applicable,2016-10-18T00:00:00Z,Missing: Not applicable,"Daniel Frank Laboratory, University of Colorado, Anschutz",2015,Y3XCJJPE-R2,UC-Anschutz,SAMEA4507003,qiita_sid_10564:10564.Y3XCJJPE,stool,sequencing by synthesis,male,Missing: Not applicable,ERP017899,qiita_sid_10564:10564.Y3XCJJPE,Missing: Not applicable,16S rRNA,V4,Missing: Not applicable,Missing: Not applicable,Missing: Not applicable,2016-10-18T16:41:00Z,1,Missing: not collected,Missing: Not applicable,Missing: Not collected,300,61666504,Missing: Not applicable
B+,ERR1688229,Missing: Not collected,years,Missing: Not applicable,Missing: Not applicable,Missing: Not applicable,Missing: Not applicable,OTHER,PRJEB16057,SAMEA4507004,Missing: Not applicable,Missing: Not applicable,Missing: Not collected,UBERON:feces,UBERON:feces,UBERON:feces,43708541,"Daniel Frank Laboratory, University of Colorado, Anschutz",UNIVERSITY OF CALIFORNIA SAN DIEGO MICROBIOME INIT,Stem cell,Missing: Not applicable,negative,Missing: Restricted access,Missing: Not applicable,public,Missing: Not applicable,Missing: Not applicable,"sra,fastq,run.zq","s3,ena,gs,ncbi","ncbi.public,gs.us-east1,ena,s3.us-east-1",Missing: Not applicable,Missing: Not applicable,Missing: Not applicable,Missing: Not applicable,Missing: Not applicable,Missing: Not applicable,TRUE,Missing: Not applicable,Missing: not applicable,Missing: Not applicable,Missing: Not applicable,Missing: not applicable,Missing: Not applicable,Missing: Not applicable,Donor,Missing: Not applicable,Missing: Not applicable,1564,2016-10-14,2016-10-14,2018-11-16,2016-10-14,urban biome,human-associated habitat,feces,human-gut,Missing: Not applicable,ERX1757846,SAMEA4507004,USA,North America,USA:CO,"A2/29, B44/52, C12/16, DR7/8, DQ2/3",human,Homo sapiens,YZL1C941,9606,Missing: Not collected,Missing: Not collected,UCSDMI,University of California San Diego Microbiome Initiative,2016-10-14T17:01:47Z,2016-10-14T01:31:45Z,public,Illumina MiSeq,39.76,10564.YZL1C941,SINGLE,PCR,METAGENOMIC,-104.88,Missing: Not applicable,Missing: Not applicable,human gut metagenome,Missing: Not applicable,Missing: Not applicable,Missing: Not applicable,Missing: Not applicable,Missing: Not applicable,Missing: Not applicable,Missing: Not applicable,Missing: Not applicable,FWD:GTGCCAGCMGCCGCGGTAA; REV:GGACTACHVGGGTWTCTAAT,"University of Colorado, Anschutz",FALSE,Missing: Not applicable,ILLUMINA,GTGCCAGCMGCCGCGGTAA,Missing: Not collected,Missing: Not applicable,2016-10-18T00:00:00Z,Missing: Not applicable,"Daniel Frank Laboratory, University of Colorado, Anschutz",2015,YZL1C941-R2,UC-Anschutz,SAMEA4507004,qiita_sid_10564:10564.YZL1C941,stool,sequencing by synthesis,female,Missing: Not applicable,ERP017899,qiita_sid_10564:10564.YZL1C941,Missing: Not applicable,16S rRNA,V4,Missing: Not applicable,Missing: Not applicable,Missing: Not applicable,2016-10-29T11:28:00Z,1,Missing: not collected,Missing: Not applicable,Missing: Not collected,,,Missing: Not applicable
A+,ERR1688230,56,years,negative,None documented,no,yes,OTHER,PRJEB16057,SAMEA4507005,A+,Missing: Not applicable,23,UBERON:feces,UBERON:feces,UBERON:feces,99473434,"Daniel Frank Laboratory, University of Colorado, Anschutz",UNIVERSITY OF CALIFORNIA SAN DIEGO MICROBIOME INIT,Stem cell,Bu/Cy,positive,Missing: Restricted access,High intensity,public,no,normal,"run.zq,sra,fastq","gs,s3,ncbi,ena","ena,ncbi.public,s3.us-east-1,gs.us-east1",Missing: Not applicable,23,14,0,AML,remission,TRUE,negative,10/10,female,Missing: Not applicable,Missing: not applicable,Missing: Not applicable,Missing: Not applicable,Patient,marrow,unrelated,1564,2016-10-14,2016-10-14,2018-11-16,2016-10-14,urban biome,human-associated habitat,feces,human-gut,Missing: Not applicable,ERX1757847,SAMEA4507005,USA,North America,USA:CO,"A24/68, B14/57, C6/8, DR13/16, DQ3/5",human,Homo sapiens,ZHH6RGI7,9606,Missing: Not applicable,no,UCSDMI,University of California San Diego Microbiome Initiative,2016-10-14T17:01:47Z,2016-10-14T01:31:45Z,public,Illumina MiSeq,39.76,10564.ZHH6RGI7,SINGLE,PCR,METAGENOMIC,-104.88,yes,no,human gut metagenome,100,96,100,95,100,96,100,95,FWD:GTGCCAGCMGCCGCGGTAA; REV:GGACTACHVGGGTWTCTAAT,"University of Colorado, Anschutz",FALSE,yes,ILLUMINA,GTGCCAGCMGCCGCGGTAA,white,no,2016-10-18T00:00:00Z,100,"Daniel Frank Laboratory, University of Colorado, Anschutz",2015,ZHH6RGI7-R2,UC-Anschutz,SAMEA4507005,qiita_sid_10564:10564.ZHH6RGI7,stool,sequencing by synthesis,female,no,ERP017899,qiita_sid_10564:10564.ZHH6RGI7,yes,16S rRNA,V4,Missing: Not applicable,Missing: Not applicable,Missing: Not applicable,2016-10-18T16:41:00Z,1,"VZV, HSV",CMV viremia,GERD,300,170664935,
A+,ERR1688231,Missing: Not collected,years,Missing: Not applicable,Missing: Not applicable,Missing: Not applicable,Missing: Not applicable,OTHER,PRJEB16057,SAMEA4506927,Missing: Not applicable,Missing: Not applicable,Missing: Not collected,UBERON:feces,UBERON:feces,UBERON:feces,49237399,"Daniel Frank Laboratory, University of Colorado, Anschutz",UNIVERSITY OF CALIFORNIA SAN DIEGO MICROBIOME INIT,Stem cell,Missing: Not applicable,negative,Missing: Restricted access,Missing: Not applicable,public,Missing: Not applicable,Missing: Not applicable,"sra,fastq,run.zq","ena,gs,s3,ncbi","ncbi.public,gs.us-east1,ena,s3.us-east-1",Missing: Not applicable,Missing: Not applicable,Missing: Not applicable,Missing: Not applicable,Missing: Not applicable,Missing: Not applicable,TRUE,Missing: Not applicable,Missing: not applicable,Missing: Not applicable,Missing: Not applicable,Missing: not applicable,Missing: Not applicable,Missing: Not applicable,Donor,Missing: Not applicable,Missing: Not applicable,1564,2016-10-14,2016-10-14,2018-11-16,2016-10-14,urban biome,human-associated habitat,feces,human-gut,Missing: Not applicable,ERX1757848,SAMEA4506927,USA,North America,USA:CO,"A3/29, B44/44, C2/16, DR1/7, DQ2/5",human,Homo sapiens,0QP6NJCM,9606,Missing: Not collected,Missing: Not collected,UCSDMI,University of California San Diego Microbiome Initiative,2016-10-14T17:01:47Z,2016-10-14T01:31:42Z,public,Illumina MiSeq,39.76,10564.0QP6NJCM,SINGLE,PCR,METAGENOMIC,-104.88,Missing: Not applicable,Missing: Not applicable,human gut metagenome,Missing: Not applicable,Missing: Not applicable,Missing: Not applicable,Missing: Not applicable,Missing: Not applicable,Missing: Not applicable,Missing: Not applicable,Missing: Not applicable,FWD:GTGCCAGCMGCCGCGGTAA; REV:GGACTACHVGGGTWTCTAAT,"University of Colorado, Anschutz",FALSE,Missing: Not applicable,ILLUMINA,GTGCCAGCMGCCGCGGTAA,Missing: Not collected,Missing: Not applicable,2016-10-18T00:00:00Z,Missing: Not applicable,"Daniel Frank Laboratory, University of Colorado, Anschutz",2015,0QP6NJCM-R1,UC-Anschutz,SAMEA4506927,qiita_sid_10564:10564.0QP6NJCM,stool,sequencing by synthesis,male,Missing: Not applicable,ERP017899,qiita_sid_10564:10564.0QP6NJCM,Missing: Not applicable,16S rRNA,V4,Missing: Not applicable,Missing: Not applicable,Missing: Not applicable,2016-10-18T16:41:00Z,1,Missing: not collected,Missing: Not applicable,Missing: Not collected,300,101202328,Missing: Not applicable
O+,ERR1688232,Missing: Not collected,years,Missing: Not applicable,Missing: Not applicable,Missing: Not applicable,Missing: Not applicable,OTHER,PRJEB16057,SAMEA4506928,Missing: Not applicable,Missing: Not applicable,Missing: Not collected,UBERON:feces,UBERON:feces,UBERON:feces,34848919,"Daniel Frank Laboratory, University of Colorado, Anschutz",UNIVERSITY OF CALIFORNIA SAN DIEGO MICROBIOME INIT,Stem cell,Missing: Not applicable,positive,Missing: Restricted access,Missing: Not applicable,public,Missing: Not applicable,Missing: Not applicable,"sra,run.zq,fastq","ncbi,gs,ena,s3","ena,s3.us-east-1,gs.us-east1,ncbi.public",Missing: Not applicable,Missing: Not applicable,Missing: Not applicable,Missing: Not applicable,Missing: Not applicable,Missing: Not applicable,TRUE,Missing: Not applicable,Missing: not applicable,Missing: Not applicable,Missing: Not applicable,Missing: not applicable,Missing: Not applicable,Missing: Not applicable,Donor,Missing: Not applicable,Missing: Not applicable,1564,2016-10-14,2016-10-14,2018-11-16,2016-10-14,urban biome,human-associated habitat,feces,human-gut,Missing: Not applicable,ERX1757849,SAMEA4506928,USA,North America,USA:CO,"A1/2, B18/57, C6/12, DR7/11, DQ3/3",human,Homo sapiens,0WRD31TT,9606,Missing: Not collected,Missing: Not collected,UCSDMI,University of California San Diego Microbiome Initiative,2016-10-14T17:01:47Z,2016-10-14T01:31:42Z,public,Illumina MiSeq,39.76,10564.0WRD31TT,SINGLE,PCR,METAGENOMIC,-104.88,Missing: Not applicable,Missing: Not applicable,human gut metagenome,Missing: Not applicable,Missing: Not applicable,Missing: Not applicable,Missing: Not applicable,Missing: Not applicable,Missing: Not applicable,Missing: Not applicable,Missing: Not applicable,FWD:GTGCCAGCMGCCGCGGTAA; REV:GGACTACHVGGGTWTCTAAT,"University of Colorado, Anschutz",FALSE,Missing: Not applicable,ILLUMINA,GTGCCAGCMGCCGCGGTAA,Missing: Not collected,Missing: Not applicable,2016-10-18T00:00:00Z,Missing: Not applicable,"Daniel Frank Laboratory, University of Colorado, Anschutz",2015,0WRD31TT-R1,UC-Anschutz,SAMEA4506928,qiita_sid_10564:10564.0WRD31TT,stool,sequencing by synthesis,male,Missing: Not applicable,ERP017899,qiita_sid_10564:10564.0WRD31TT,Missing: Not applicable,16S rRNA,V4,Missing: Not applicable,Missing: Not applicable,Missing: Not applicable,2016-10-18T16:41:00Z,1,Missing: not collected,Missing: Not applicable,Missing: Not collected,300,70607853,Missing: Not applicable
B+,ERR1688233,40,years,negative,None documented,no,yes,OTHER,PRJEB16057,SAMEA4506929,B+,Missing: Not applicable,26,UBERON:feces,UBERON:feces,UBERON:feces,30616002,"Daniel Frank Laboratory, University of Colorado, Anschutz",UNIVERSITY OF CALIFORNIA SAN DIEGO MICROBIOME INIT,Stem cell,Flu/Mel,positive,Missing: Restricted access,Intermediate intensity,public,no,normal,"fastq,run.zq,sra","ena,gs,s3,ncbi","ncbi.public,gs.us-east1,ena,s3.us-east-1",Missing: Not applicable,15,13,0,TCL,remission,TRUE,positive,10/10,female,Missing: Not applicable,Missing: not applicable,Missing: Not applicable,HYEURJVG,Patient,pbsc,related,1564,2016-10-14,2016-10-14,2018-11-16,2016-10-14,urban biome,human-associated habitat,feces,human-gut,Missing: Not applicable,ERX1757850,SAMEA4506929,USA,North America,USA:CO,"A1/24, B35/51, C8/15, DR4/12, DQ3/4",human,Homo sapiens,0XZCQSPH,9606,Missing: Not applicable,no,UCSDMI,University of California San Diego Microbiome Initiative,2016-10-14T17:01:47Z,2016-10-14T01:31:42Z,public,Illumina MiSeq,39.76,10564.0XZCQSPH,SINGLE,PCR,METAGENOMIC,-104.88,yes,no,human gut metagenome,Missing: Not collected,100,Missing: Not collected,100,Missing: Not applicable,100,Missing: Not applicable,100,FWD:GTGCCAGCMGCCGCGGTAA; REV:GGACTACHVGGGTWTCTAAT,"University of Colorado, Anschutz",FALSE,yes,ILLUMINA,GTGCCAGCMGCCGCGGTAA,asian,no,2016-10-18T00:00:00Z,180,"Daniel Frank Laboratory, University of Colorado, Anschutz",2015,0XZCQSPH-R1,UC-Anschutz,SAMEA4506929,qiita_sid_10564:10564.0XZCQSPH,stool,sequencing by synthesis,male,no,ERP017899,qiita_sid_10564:10564.0XZCQSPH,yes,16S rRNA,V4,Missing: Not applicable,Missing: Not applicable,Missing: Not applicable,2016-10-18T16:41:00Z,1,VZV,,partial small bowel resection for obstruction,300,61302413,
O+,ERR1688234,61,years,negative,"skin, oral",Grade II,yes,OTHER,PRJEB16057,SAMEA4506930,O+,Missing: Not applicable,31,UBERON:feces,UBERON:feces,UBERON:feces,39656876,"Daniel Frank Laboratory, University of Colorado, Anschutz",UNIVERSITY OF CALIFORNIA SAN DIEGO MICROBIOME INIT,Stem cell,Flu/Mel,positive,Missing: Restricted access,Intermediate intensity,public,no,normal,"fastq,sra,run.zq","gs,s3,ncbi,ena","s3.us-east-1,ena,gs.us-east1,ncbi.public",Missing: Not applicable,15,11,0,AML,remission,TRUE,positive,10/10,female,Missing: Not applicable,Missing: not applicable,Missing: Not applicable,FIU1JONN,Patient,pbsc,related,1564,2016-10-14,2016-10-14,2018-11-16,2016-10-14,urban biome,human-associated habitat,feces,human-gut,Missing: Not applicable,ERX1757851,SAMEA4506930,USA,North America,USA:CO,"A1/2, B7/8, C7/7, DR1/3, DQ2/5",human,Homo sapiens,1AIL9FDX,9606,Missing: Not applicable,no,UCSDMI,University of California San Diego Microbiome Initiative,2016-10-14T17:01:47Z,2016-10-14T01:31:43Z,public,Illumina MiSeq,39.76,10564.1AIL9FDX,SINGLE,PCR,METAGENOMIC,-104.88,yes,no,human gut metagenome,Missing: Not collected,100,100,100,Missing: Not applicable,100,100,100,FWD:GTGCCAGCMGCCGCGGTAA; REV:GGACTACHVGGGTWTCTAAT,"University of Colorado, Anschutz",FALSE,yes,ILLUMINA,GTGCCAGCMGCCGCGGTAA,white,no,2016-10-18T00:00:00Z,365,"Daniel Frank Laboratory, University of Colorado, Anschutz",2015,1AIL9FDX-R1,UC-Anschutz,SAMEA4506930,qiita_sid_10564:10564.1AIL9FDX,stool,sequencing by synthesis,female,no,ERP017899,qiita_sid_10564:10564.1AIL9FDX,yes,16S rRNA,V4,28,28,Missing: Not applicable,2016-10-18T16:41:00Z,1,"VZV, HSV",,"appendectomy, GERD",300,80507398,Stage 1
A+,ERR1688235,51,years,positive,upper gut,Grade II,yes,OTHER,PRJEB16057,SAMEA4506931,A+,A+,34,UBERON:feces,UBERON:feces,UBERON:feces,43806827,"Daniel Frank Laboratory, University of Colorado, Anschutz",UNIVERSITY OF CALIFORNIA SAN DIEGO MICROBIOME INIT,Stem cell,Flu/Cy/Thio/TBI,positive,Missing: Restricted access,Intermediate intensity,public,yes,normal,"fastq,sra,run.zq","s3,ena,ncbi,gs","ncbi.public,ena,gs.us-east1,s3.us-east-1",Missing: Not applicable,21,27,0,NHL,remission,TRUE,positive,8/10,female,negative,7/8,male,Missing: Not applicable,Patient,cord+cord,cord,1564,2016-10-14,2016-10-14,2018-11-16,2016-10-14,urban biome,human-associated habitat,feces,human-gut,Missing: Not applicable,ERX1757852,SAMEA4506931,USA,North America,USA:CO,"A1/2, B7/7, C7/7, DR8/15, DQ4/6",human,Homo sapiens,1IVD14B5,9606,Missing: Not applicable,no,UCSDMI,University of California San Diego Microbiome Initiative,2016-10-14T17:01:47Z,2016-10-14T01:31:43Z,public,Illumina MiSeq,39.76,10564.1IVD14B5,SINGLE,PCR,METAGENOMIC,-104.88,no,yes,human gut metagenome,Missing: Not collected,100,Missing: Not collected,95,Missing: Not applicable,100,Missing: Not applicable,95,FWD:GTGCCAGCMGCCGCGGTAA; REV:GGACTACHVGGGTWTCTAAT,"University of Colorado, Anschutz",FALSE,yes,ILLUMINA,GTGCCAGCMGCCGCGGTAA,white,no,2016-10-18T00:00:00Z,100,"Daniel Frank Laboratory, University of Colorado, Anschutz",2015,1IVD14B5-R1,UC-Anschutz,SAMEA4506931,qiita_sid_10564:10564.1IVD14B5,stool,sequencing by synthesis,male,no,ERP017899,qiita_sid_10564:10564.1IVD14B5,no,16S rRNA,V4,50,50,Missing: Not applicable,2016-10-18T16:42:00Z,1,VZV,"diverticulitis, neutropenic fever, oral candida","carcinoid tumor sp bowel resection, GERD, diverticulitis, GIB, cholecystectomy, anal wart",300,88820717,
O+,ERR1688236,69,years,negative,None documented,no,yes,OTHER,PRJEB16057,SAMEA4506932,O+,A+,34,UBERON:feces,UBERON:feces,UBERON:feces,46262574,"Daniel Frank Laboratory, University of Colorado, Anschutz",UNIVERSITY OF CALIFORNIA SAN DIEGO MICROBIOME INIT,Stem cell,Flu/Cy/TBI,positive,Missing: Restricted access,Intermediate intensity,public,yes,abnormal,"run.zq,sra,fastq","ncbi,ena,s3,gs","gs.us-east1,s3.us-east-1,ncbi.public,ena",Missing: Not applicable,9,11,0,AML,remission,TRUE,positive,9/10,female,positive,10/10,male,Missing: Not applicable,Patient,cord+cord,cord,1564,2016-10-14,2016-10-14,2018-11-16,2016-10-14,urban biome,human-associated habitat,feces,human-gut,Missing: Not applicable,ERX1757853,SAMEA4506932,USA,North America,USA:CO,"A2/3, B7/44, C5/7, DR13/15, DQ6/6",human,Homo sapiens,341XO3HG,9606,perifacial abscess,yes,UCSDMI,University of California San Diego Microbiome Initiative,2016-10-14T17:01:47Z,2016-10-14T01:31:43Z,public,Illumina MiSeq,39.76,10564.341XO3HG,SINGLE,PCR,METAGENOMIC,-104.88,no,yes,human gut metagenome,Missing: Not collected,100,Missing: Not collected,96,Missing: Not applicable,100,Missing: Not applicable,96,FWD:GTGCCAGCMGCCGCGGTAA; REV:GGACTACHVGGGTWTCTAAT,"University of Colorado, Anschutz",FALSE,yes,ILLUMINA,GTGCCAGCMGCCGCGGTAA,white,no,2016-10-18T00:00:00Z,100,"Daniel Frank Laboratory, University of Colorado, Anschutz",2015,341XO3HG-R1,UC-Anschutz,SAMEA4506932,qiita_sid_10564:10564.341XO3HG,stool,sequencing by synthesis,female,no,ERP017899,qiita_sid_10564:10564.341XO3HG,no,16S rRNA,V4,Missing: Not applicable,Missing: Not applicable,Missing: Not applicable,2016-10-18T16:42:00Z,1,"VZV, HSV","oral candida, VRE","IBS, appendectomy",300,92043355,
B+,ERR1688237,73,years,positive,"skin, gut",Grade III,yes,OTHER,PRJEB16057,SAMEA4506933,B+,Missing: Not applicable,26,UBERON:feces,UBERON:feces,UBERON:feces,32206807,"Daniel Frank Laboratory, University of Colorado, Anschutz",UNIVERSITY OF CALIFORNIA SAN DIEGO MICROBIOME INIT,Stem cell,Flu/TBI,positive,Missing: Restricted access,Low intensity,public,no,normal,"run.zq,sra,fastq","ncbi,s3,ena,gs","ena,ncbi.public,s3.us-east-1,gs.us-east1",Missing: Not applicable,21,16,0,MDS,remission,TRUE,negative,10/10,female,Missing: Not applicable,Missing: not applicable,Missing: Not applicable,YZL1C941,Patient,pbsc,related,1564,2016-10-14,2016-10-14,2018-11-16,2016-10-14,urban biome,human-associated habitat,feces,human-gut,Missing: Not applicable,ERX1757854,SAMEA4506933,USA,North America,USA:CO,"A2/29, B44/52, C12/16, DR7/8, DQ2/3",human,Homo sapiens,3BU9LU2P,9606,Missing: Not applicable,no,UCSDMI,University of California San Diego Microbiome Initiative,2016-10-14T17:01:47Z,2016-10-14T01:31:43Z,public,Illumina MiSeq,39.76,10564.3BU9LU2P,SINGLE,PCR,METAGENOMIC,-104.88,no,yes,human gut metagenome,Missing: Not collected,70,Missing: Not collected,68,Missing: Not applicable,88,Missing: Not applicable,80,FWD:GTGCCAGCMGCCGCGGTAA; REV:GGACTACHVGGGTWTCTAAT,"University of Colorado, Anschutz",FALSE,yes,ILLUMINA,GTGCCAGCMGCCGCGGTAA,white,no,2016-10-18T00:00:00Z,101,"Daniel Frank Laboratory, University of Colorado, Anschutz",2015,3BU9LU2P-R1,UC-Anschutz,SAMEA4506933,qiita_sid_10564:10564.3BU9LU2P,stool,sequencing by synthesis,male,no,ERP017899,qiita_sid_10564:10564.3BU9LU2P,yes,16S rRNA,V4,101,101,Missing: Not applicable,2016-10-29T11:28:00Z,2,"HSV, VZV","neutropenic fever, C difficile colitis, pneumatosis coli, CMV colitis",,,,
A+,ERR1688238,60,years,positive,gut,Grade I,yes,OTHER,PRJEB16057,SAMEA4506934,A+,Missing: Not applicable,33,UBERON:feces,UBERON:feces,UBERON:feces,41939270,"Daniel Frank Laboratory, University of Colorado, Anschutz",UNIVERSITY OF CALIFORNIA SAN DIEGO MICROBIOME INIT,Stem cell,Flu/TBI,positive,Missing: Restricted access,Low intensity,public,no,normal,"run.zq,fastq,sra","ena,gs,s3,ncbi","s3.us-east-1,ena,gs.us-east1,ncbi.public",Missing: Not collected,22,11,1,TCL,remission,TRUE,negative,10/10,female,Missing: Not applicable,Missing: not applicable,Missing: Not applicable,V40XA5EG,Patient,pbsc,related,1564,2016-10-14,2016-10-14,2018-11-16,2016-10-14,urban biome,human-associated habitat,feces,human-gut,Relapse/Resipatory,ERX1757855,SAMEA4506934,USA,North America,USA:CO,"A2/3, B7/15, C4/7, DR1/15, DQ5/6",human,Homo sapiens,3XAL3UBS,9606,EBV,yes,UCSDMI,University of California San Diego Microbiome Initiative,2016-10-14T17:01:47Z,2016-10-14T01:31:43Z,public,Illumina MiSeq,39.76,10564.3XAL3UBS,SINGLE,PCR,METAGENOMIC,-104.88,no,yes,human gut metagenome,Missing: Not applicable,Missing: Not applicable,Missing: Not applicable,71,Missing: Not applicable,91,Missing: Not applicable,Missing: Not collected,FWD:GTGCCAGCMGCCGCGGTAA; REV:GGACTACHVGGGTWTCTAAT,"University of Colorado, Anschutz",FALSE,yes,ILLUMINA,GTGCCAGCMGCCGCGGTAA,white,yes,2016-10-18T00:00:00Z,61,"Daniel Frank Laboratory, University of Colorado, Anschutz",2015,3XAL3UBS-R1,UC-Anschutz,SAMEA4506934,qiita_sid_10564:10564.3XAL3UBS,stool,sequencing by synthesis,female,no,ERP017899,qiita_sid_10564:10564.3XAL3UBS,yes,16S rRNA,V4,37,37,61,2016-10-29T11:28:00Z,2,"HSV, VZV, EBV",Enterococcus UTI,"appendectomy, constipation, polyp, GERD",,,
B+,ERR1688239,76,years,negative,None documented,no,yes,OTHER,PRJEB16057,SAMEA4506935,O+,Missing: Not applicable,25,UBERON:feces,UBERON:feces,UBERON:feces,31948139,"Daniel Frank Laboratory, University of Colorado, Anschutz",UNIVERSITY OF CALIFORNIA SAN DIEGO MICROBIOME INIT,Stem cell,Flu/TBI,positive,Missing: Restricted access,Low intensity,public,no,normal,"fastq,sra,run.zq","gs,s3,ncbi,ena","ncbi.public,s3.us-east-1,gs.us-east1,ena",Missing: Not applicable,21,12,0,AML,remission,TRUE,positive,10/10,male,Missing: Not applicable,Missing: not applicable,Missing: Not applicable,5CM2U7J4,Patient,pbsc,related,1564,2016-10-14,2016-10-14,2018-11-16,2016-10-14,urban biome,human-associated habitat,feces,human-gut,Missing: Not applicable,ERX1757856,SAMEA4506935,USA,North America,USA:CO,"A1/2, B8/40, C3/7, DR3/14, DQ2/5",human,Homo sapiens,42YFD61N,9606,Missing: Not applicable,no,UCSDMI,University of California San Diego Microbiome Initiative,2016-10-14T17:01:47Z,2016-10-14T01:31:43Z,public,Illumina MiSeq,39.76,10564.42YFD61N,SINGLE,PCR,METAGENOMIC,-104.88,no,yes,human gut metagenome,Missing: Not collected,75,Missing: Not collected,66,Missing: Not applicable,90,Missing: Not applicable,82,FWD:GTGCCAGCMGCCGCGGTAA; REV:GGACTACHVGGGTWTCTAAT,"University of Colorado, Anschutz",FALSE,yes,ILLUMINA,GTGCCAGCMGCCGCGGTAA,white,no,2016-10-18T00:00:00Z,100,"Daniel Frank Laboratory, University of Colorado, Anschutz",2015,42YFD61N-R1,UC-Anschutz,SAMEA4506935,qiita_sid_10564:10564.42YFD61N,stool,sequencing by synthesis,male,no,ERP017899,qiita_sid_10564:10564.42YFD61N,yes,16S rRNA,V4,Missing: Not applicable,Missing: Not applicable,Missing: Not applicable,2016-10-18T16:42:00Z,1,VZV,"oral candida, rhinovirus",,300,65227647,Stage 1
A+,ERR1688240,72,years,negative,None documented,no,yes,OTHER,PRJEB16057,SAMEA4506936,O+,Missing: Not applicable,29,UBERON:feces,UBERON:feces,UBERON:feces,36929426,"Daniel Frank Laboratory, University of Colorado, Anschutz",UNIVERSITY OF CALIFORNIA SAN DIEGO MICROBIOME INIT,Stem cell,Flu/TBI,negative,Missing: Restricted access,Low intensity,public,no,abnormal,"run.zq,fastq","s3,gs,ncbi,ena","ncbi.public,ena,gs.us-east1,s3.us-east-1",Missing: Not applicable,9,37,0,MDS,refractory,TRUE,negative,9/10,male,Missing: Not applicable,Missing: not applicable,Missing: Not applicable,Missing: Not applicable,Patient,pbsc,unrelated,1564,2016-10-14,2016-10-14,2018-11-16,2016-10-14,urban biome,human-associated habitat,feces,human-gut,Missing: Not applicable,ERX1757857,SAMEA4506936,USA,North America,USA:CO,"A1/25, B8/18, C7/7, DR3/4, DQ3/4",human,Homo sapiens,4784ZBIO,9606,Missing: Not applicable,no,UCSDMI,University of California San Diego Microbiome Initiative,2016-10-14T17:01:47Z,2016-10-14T01:31:43Z,public,Illumina MiSeq,39.76,10564.4784ZBIO,SINGLE,PCR,METAGENOMIC,-104.88,no,yes,human gut metagenome,Missing: Not collected,95,Missing: Not collected,84,Missing: Not applicable,95,Missing: Not applicable,95,FWD:GTGCCAGCMGCCGCGGTAA; REV:GGACTACHVGGGTWTCTAAT,"University of Colorado, Anschutz",FALSE,yes,ILLUMINA,GTGCCAGCMGCCGCGGTAA,white,no,2016-10-18T00:00:00Z,100,"Daniel Frank Laboratory, University of Colorado, Anschutz",2015,4784ZBIO-R1,UC-Anschutz,SAMEA4506936,qiita_sid_10564:10564.4784ZBIO,stool,sequencing by synthesis,male,no,ERP017899,qiita_sid_10564:10564.4784ZBIO,yes,16S rRNA,V4,Missing: Not applicable,Missing: Not applicable,Missing: Not applicable,,,"EBV, VZV","C difficile, sepsis, Strep pneumonia, VRE UTI",bladder repair with bowel section,300,74950423,Stage 2
O+,ERR1688241,Missing: Not collected,years,Missing: Not applicable,Missing: Not applicable,Missing: Not applicable,Missing: Not applicable,OTHER,PRJEB16057,SAMEA4506937,Missing: Not applicable,Missing: Not applicable,Missing: Not collected,UBERON:feces,UBERON:feces,UBERON:feces,43939190,"Daniel Frank Laboratory, University of Colorado, Anschutz",UNIVERSITY OF CALIFORNIA SAN DIEGO MICROBIOME INIT,Stem cell,Missing: Not applicable,positive,Missing: Restricted access,Missing: Not applicable,public,Missing: Not applicable,Missing: Not applicable,"fastq,run.zq,sra","gs,s3,ena,ncbi","s3.us-east-1,ncbi.public,gs.us-east1,ena",Missing: Not applicable,Missing: Not applicable,Missing: Not applicable,Missing: Not applicable,Missing: Not applicable,Missing: Not applicable,TRUE,Missing: Not applicable,Missing: not applicable,Missing: Not applicable,Missing: Not applicable,Missing: not applicable,Missing: Not applicable,Missing: Not applicable,Donor,Missing: Not applicable,Missing: Not applicable,1564,2016-10-14,2016-10-14,2018-11-16,2016-10-14,urban biome,human-associated habitat,feces,human-gut,Missing: Not applicable,ERX1757858,SAMEA4506937,USA,North America,USA:CO,"A1/2, B8/40, C3/7, DR3/14, DQ2/5",human,Homo sapiens,5CM2U7J4,9606,Missing: Not collected,Missing: Not collected,UCSDMI,University of California San Diego Microbiome Initiative,2016-10-14T17:01:47Z,2016-10-14T01:31:43Z,public,Illumina MiSeq,39.76,10564.5CM2U7J4,SINGLE,PCR,METAGENOMIC,-104.88,Missing: Not applicable,Missing: Not applicable,human gut metagenome,Missing: Not applicable,Missing: Not applicable,Missing: Not applicable,Missing: Not applicable,Missing: Not applicable,Missing: Not applicable,Missing: Not applicable,Missing: Not applicable,FWD:GTGCCAGCMGCCGCGGTAA; REV:GGACTACHVGGGTWTCTAAT,"University of Colorado, Anschutz",FALSE,Missing: Not applicable,ILLUMINA,GTGCCAGCMGCCGCGGTAA,Missing: Not collected,Missing: Not applicable,2016-10-18T00:00:00Z,Missing: Not applicable,"Daniel Frank Laboratory, University of Colorado, Anschutz",2015,5CM2U7J4-R1,UC-Anschutz,SAMEA4506937,qiita_sid_10564:10564.5CM2U7J4,stool,sequencing by synthesis,male,Missing: Not applicable,ERP017899,qiita_sid_10564:10564.5CM2U7J4,Missing: Not applicable,16S rRNA,V4,Missing: Not applicable,Missing: Not applicable,Missing: Not applicable,2016-10-18T16:42:00Z,1,Missing: not collected,Missing: Not applicable,Missing: Not collected,300,88449811,Missing: Not applicable
A+,ERR1688242,Missing: Not collected,years,Missing: Not applicable,Missing: Not applicable,Missing: Not applicable,Missing: Not applicable,OTHER,PRJEB16057,SAMEA4506938,Missing: Not applicable,Missing: Not applicable,Missing: Not collected,UBERON:feces,UBERON:feces,UBERON:feces,39800432,"Daniel Frank Laboratory, University of Colorado, Anschutz",UNIVERSITY OF CALIFORNIA SAN DIEGO MICROBIOME INIT,Stem cell,Missing: Not applicable,negative,Missing: Restricted access,Missing: Not applicable,public,Missing: Not applicable,Missing: Not applicable,"fastq,run.zq,sra","gs,s3,ena,ncbi","ncbi.public,s3.us-east-1,gs.us-east1,ena",Missing: Not applicable,Missing: Not applicable,Missing: Not applicable,Missing: Not applicable,Missing: Not applicable,Missing: Not applicable,TRUE,Missing: Not applicable,Missing: not applicable,Missing: Not applicable,Missing: Not applicable,Missing: not applicable,Missing: Not applicable,Missing: Not applicable,Donor,Missing: Not applicable,Missing: Not applicable,1564,2016-10-14,2016-10-14,2018-11-16,2016-10-14,urban biome,human-associated habitat,feces,human-gut,Missing: Not applicable,ERX1757859,SAMEA4506938,USA,North America,USA:CO,"A24/26, B7/35, C4/7, DR7/13, DQ3/6",human,Homo sapiens,74ZDKQVK,9606,Missing: Not collected,Missing: Not collected,UCSDMI,University of California San Diego Microbiome Initiative,2016-10-14T17:01:47Z,2016-10-14T01:31:43Z,public,Illumina MiSeq,39.76,10564.74ZDKQVK,SINGLE,PCR,METAGENOMIC,-104.88,Missing: Not applicable,Missing: Not applicable,human gut metagenome,Missing: Not applicable,Missing: Not applicable,Missing: Not applicable,Missing: Not applicable,Missing: Not applicable,Missing: Not applicable,Missing: Not applicable,Missing: Not applicable,FWD:GTGCCAGCMGCCGCGGTAA; REV:GGACTACHVGGGTWTCTAAT,"University of Colorado, Anschutz",FALSE,Missing: Not applicable,ILLUMINA,GTGCCAGCMGCCGCGGTAA,Missing: Not collected,Missing: Not applicable,2016-10-18T00:00:00Z,Missing: Not applicable,"Daniel Frank Laboratory, University of Colorado, Anschutz",2015,74ZDKQVK-R1,UC-Anschutz,SAMEA4506938,qiita_sid_10564:10564.74ZDKQVK,stool,sequencing by synthesis,female,Missing: Not applicable,ERP017899,qiita_sid_10564:10564.74ZDKQVK,Missing: Not applicable,16S rRNA,V4,Missing: Not applicable,Missing: Not applicable,Missing: Not applicable,2016-10-18T16:42:00Z,1,Missing: not collected,Missing: Not applicable,Missing: Not collected,300,80112919,Missing: Not applicable
O+,ERR1688243,63,years,positive,gut,Grade III,yes,OTHER,PRJEB16057,SAMEA4506939,O+,Missing: Not applicable,24,UBERON:feces,UBERON:feces,UBERON:feces,50237179,"Daniel Frank Laboratory, University of Colorado, Anschutz",UNIVERSITY OF CALIFORNIA SAN DIEGO MICROBIOME INIT,Stem cell,Flu/Mel,positive,Missing: Restricted access,Intermediate intensity,public,no,normal,"run.zq,sra,fastq","s3,gs,ncbi,ena","gs.us-east1,ncbi.public,s3.us-east-1,ena",Missing: Not applicable,19,12,0,AML,remission,TRUE,negative,10/10,female,Missing: Not applicable,Missing: not applicable,Missing: Not applicable,TPC4DXSR,Patient,pbsc,related,1564,2016-10-14,2016-10-14,2018-11-16,2016-10-14,urban biome,human-associated habitat,feces,human-gut,Missing: Not applicable,ERX1757860,SAMEA4506939,USA,North America,USA:CO,"A1/68, B8/27, C2/7, DR3/11, DQ2/3",human,Homo sapiens,8582NVSS,9606,"Leuconostoc bacteremia, sinusitis",yes,UCSDMI,University of California San Diego Microbiome Initiative,2016-10-14T17:01:47Z,2016-10-14T01:31:43Z,public,Illumina MiSeq,39.76,10564.8582NVSS,SINGLE,PCR,METAGENOMIC,-104.88,yes,no,human gut metagenome,Missing: Not collected,100,Missing: Not collected,95,Missing: Not applicable,100,Missing: Not applicable,95,FWD:GTGCCAGCMGCCGCGGTAA; REV:GGACTACHVGGGTWTCTAAT,"University of Colorado, Anschutz",FALSE,yes,ILLUMINA,GTGCCAGCMGCCGCGGTAA,white,no,2016-10-18T00:00:00Z,100,"Daniel Frank Laboratory, University of Colorado, Anschutz",2015,8582NVSS-R1,UC-Anschutz,SAMEA4506939,qiita_sid_10564:10564.8582NVSS,stool,sequencing by synthesis,male,no,ERP017899,qiita_sid_10564:10564.8582NVSS,yes,16S rRNA,V4,64,64,Missing: Not applicable,2016-10-29T11:28:00Z,1,"VZV, HSV","synovitis, influenza A",,,,
A-,ERR1688244,70,years,negative,None documented,no,yes,OTHER,PRJEB16057,SAMEA4506940,B+,B+,25,UBERON:feces,UBERON:feces,UBERON:feces,26320844,"Daniel Frank Laboratory, University of Colorado, Anschutz",UNIVERSITY OF CALIFORNIA SAN DIEGO MICROBIOME INIT,Stem cell,Flu/TBI,positive,Missing: Restricted access,Low intensity,public,no,normal,"fastq,run.zq,sra","gs,s3,ena,ncbi","ncbi.public,ena,gs.us-east1,s3.us-east-1",Missing: Not applicable,25,39,0,TCL,remission,TRUE,negative,7/10,female,negative,5/10,male,Missing: Not applicable,Patient,cord+cord,cord,1564,2016-10-14,2016-10-14,2018-11-16,2016-10-14,urban biome,human-associated habitat,feces,human-gut,Missing: Not applicable,ERX1757861,SAMEA4506940,USA,North America,USA:CO,"A26/29, B44/44, C14/16, DR4/13, DQ3/3",human,Homo sapiens,88ST4Y55,9606,Missing: Not applicable,no,UCSDMI,University of California San Diego Microbiome Initiative,2016-10-14T17:01:47Z,2016-10-14T01:31:43Z,public,Illumina MiSeq,39.76,10564.88ST4Y55,SINGLE,PCR,METAGENOMIC,-104.88,no,yes,human gut metagenome,100,100,100,95,100,100,100,95,FWD:GTGCCAGCMGCCGCGGTAA; REV:GGACTACHVGGGTWTCTAAT,"University of Colorado, Anschutz",FALSE,yes,ILLUMINA,GTGCCAGCMGCCGCGGTAA,white,no,2016-10-18T00:00:00Z,130,"Daniel Frank Laboratory, University of Colorado, Anschutz",2015,88ST4Y55-R1,UC-Anschutz,SAMEA4506940,qiita_sid_10564:10564.88ST4Y55,stool,sequencing by synthesis,male,no,ERP017899,qiita_sid_10564:10564.88ST4Y55,yes,16S rRNA,V4,Missing: Not applicable,Missing: Not applicable,Missing: Not applicable,2016-10-18T16:42:00Z,1,"HSV, VZV",CMV colitis,,300,53353604,
A-,ERR1688245,74,years,negative,"skin, oral",Grade II,yes,OTHER,PRJEB16057,SAMEA4506941,A-,Missing: Not applicable,24,UBERON:feces,UBERON:feces,UBERON:feces,20096762,"Daniel Frank Laboratory, University of Colorado, Anschutz",UNIVERSITY OF CALIFORNIA SAN DIEGO MICROBIOME INIT,Stem cell,Flu/TBI,positive,Missing: Restricted access,Low intensity,public,no,abnormal,"sra,fastq,run.zq","gs,ena,ncbi,s3","gs.us-east1,ena,s3.us-east-1,ncbi.public",Missing: Not applicable,13,13,0,ALL,remission,TRUE,positive,10/10,male,Missing: Not applicable,Missing: not applicable,Missing: Not applicable,OEUQCYN1,Patient,pbsc,related,1564,2016-10-14,2016-10-14,2018-11-16,2016-10-14,urban biome,human-associated habitat,feces,human-gut,Missing: Not applicable,ERX1757862,SAMEA4506941,USA,North America,USA:CO,"A2/3, B7/15, C3/7, DR1/4, DQ3/5",human,Homo sapiens,8HDXIBAS,9606,"C difficile, recurrence",yes,UCSDMI,University of California San Diego Microbiome Initiative,2016-10-14T17:01:47Z,2016-10-14T01:31:43Z,public,Illumina MiSeq,39.76,10564.8HDXIBAS,SINGLE,PCR,METAGENOMIC,-104.88,no,yes,human gut metagenome,100,95,100,91,100,95,100,95,FWD:GTGCCAGCMGCCGCGGTAA; REV:GGACTACHVGGGTWTCTAAT,"University of Colorado, Anschutz",FALSE,yes,ILLUMINA,GTGCCAGCMGCCGCGGTAA,white,no,2016-10-18T00:00:00Z,364,"Daniel Frank Laboratory, University of Colorado, Anschutz",2015,8HDXIBAS-R1,UC-Anschutz,SAMEA4506941,qiita_sid_10564:10564.8HDXIBAS,stool,sequencing by synthesis,male,no,ERP017899,qiita_sid_10564:10564.8HDXIBAS,yes,16S rRNA,V4,Missing: Not applicable,131,Missing: Not applicable,2016-10-18T16:43:00Z,1,"VZV, EBV, HSV","Pneumonia, infected wound, CMV viremia, human metapneumovirus, C difficile","C difficile, feeding tube",300,40776105,Stage 3
A-,ERR1688246,28,years,negative,None documented,no,yes,OTHER,PRJEB16057,SAMEA4506942,A+,Missing: Not applicable,21,UBERON:feces,UBERON:feces,UBERON:feces,63562336,"Daniel Frank Laboratory, University of Colorado, Anschutz",UNIVERSITY OF CALIFORNIA SAN DIEGO MICROBIOME INIT,Stem cell,Bu/Cy,positive,Missing: Restricted access,High intensity,public,no,normal,"fastq,run.zq,sra","ncbi,ena,gs,s3","ena,gs.us-east1,ncbi.public,s3.us-east-1",367,19,31,1,ALL,refractory,TRUE,positive,10/10,male,Missing: Not applicable,Missing: not applicable,Missing: Not applicable,PE48VFHO,Patient,pbsc,related,1564,2016-10-14,2016-10-14,2018-11-16,2016-10-14,urban biome,human-associated habitat,feces,human-gut,Relapse,ERX1757863,SAMEA4506942,USA,North America,USA:CO,"A2/24, B8/44, C5/7, DR1/1, DQ5/5",human,Homo sapiens,8LK21NXL,9606,aspergillus pneumonia/sinusitis,yes,UCSDMI,University of California San Diego Microbiome Initiative,2016-10-14T17:01:47Z,2016-10-14T01:31:43Z,public,Illumina MiSeq,39.76,10564.8LK21NXL,SINGLE,PCR,METAGENOMIC,-104.88,yes,no,human gut metagenome,100,100,Missing: Not collected,100,Missing: Not collected,Missing: Not collected,Missing: Not collected,Missing: Not collected,FWD:GTGCCAGCMGCCGCGGTAA; REV:GGACTACHVGGGTWTCTAAT,"University of Colorado, Anschutz",FALSE,yes,ILLUMINA,GTGCCAGCMGCCGCGGTAA,white,yes,2016-10-18T00:00:00Z,393,"Daniel Frank Laboratory, University of Colorado, Anschutz",2015,8LK21NXL-R1,UC-Anschutz,SAMEA4506942,qiita_sid_10564:10564.8LK21NXL,stool,sequencing by synthesis,male,no,ERP017899,qiita_sid_10564:10564.8LK21NXL,yes,16S rRNA,V4,Missing: Not applicable,Missing: Not applicable,393,2016-10-18T16:43:00Z,1,"EBV, VZV","CMV pneumonitis, fungal sinusitis, cystitis,",GERD,300,131943235,
O+,ERR1688247,26,years,positive,gut,yes,yes,OTHER,PRJEB16057,SAMEA4506943,O+,Missing: Not applicable,30,UBERON:feces,UBERON:feces,UBERON:feces,43293788,"Daniel Frank Laboratory, University of Colorado, Anschutz",UNIVERSITY OF CALIFORNIA SAN DIEGO MICROBIOME INIT,Stem cell,Cy/TBI (12),positive,Missing: Restricted access,High intensity,public,no,abnormal,"run.zq,fastq,sra","ncbi,ena,gs,s3","ena,gs.us-east1,s3.us-east-1,ncbi.public",Missing: Not applicable,11,10,0,ALL,refractory,TRUE,positive,10/10,female,Missing: Not applicable,Missing: not applicable,Missing: Not applicable,N4CQWP8N,Patient,pbsc,related,1564,2016-10-14,2016-10-14,2018-11-16,2016-10-14,urban biome,human-associated habitat,feces,human-gut,Missing: Not applicable,ERX1757864,SAMEA4506943,USA,North America,USA:CO,"A24/31, B35/39, C4/7, DR4/16, DQ3/3",human,Homo sapiens,97I96IK4,9606,Missing: Not applicable,no,UCSDMI,University of California San Diego Microbiome Initiative,2016-10-14T17:01:47Z,2016-10-14T01:31:43Z,public,Illumina MiSeq,39.76,10564.97I96IK4,SINGLE,PCR,METAGENOMIC,-104.88,yes,no,human gut metagenome,100,100,100,95,100,100,100,95,FWD:GTGCCAGCMGCCGCGGTAA; REV:GGACTACHVGGGTWTCTAAT,"University of Colorado, Anschutz",FALSE,yes,ILLUMINA,GTGCCAGCMGCCGCGGTAA,hispanic,no,2016-10-18T00:00:00Z,100,"Daniel Frank Laboratory, University of Colorado, Anschutz",2015,97I96IK4-R1,UC-Anschutz,SAMEA4506943,qiita_sid_10564:10564.97I96IK4,stool,sequencing by synthesis,male,no,ERP017899,qiita_sid_10564:10564.97I96IK4,yes,16S rRNA,V4,48,48,Missing: Not applicable,2016-10-18T16:43:00Z,1,"HSV, VZV",C difficile,,300,88141781,
A+,ERR1688248,49,years,negative,None documented,no,yes,OTHER,PRJEB16057,SAMEA4506944,O+,Missing: Not applicable,42,UBERON:feces,UBERON:feces,UBERON:feces,62219158,"Daniel Frank Laboratory, University of Colorado, Anschutz",UNIVERSITY OF CALIFORNIA SAN DIEGO MICROBIOME INIT,Stem cell,Bu/Cy,positive,Missing: Restricted access,High intensity,public,no,abnormal,"sra,run.zq,fastq","ncbi,ena,gs,s3","s3.us-east-1,ncbi.public,gs.us-east1,ena",67,14,12,1,AML,remission,TRUE,positive,10/10,male,Missing: Not applicable,Missing: not applicable,Missing: Not applicable,R5UYLI60,Patient,pbsc,related,1564,2016-10-14,2016-10-14,2018-11-16,2016-10-14,urban biome,human-associated habitat,feces,human-gut,Relapse,ERX1757865,SAMEA4506944,USA,North America,USA:CO,"A1/3, B7/8, C7/7, DR13/15, DQ6/6",human,Homo sapiens,9D0DVCHL,9606,VRE bacteremia; cellulitis; Klebsiella UTI,yes,UCSDMI,University of California San Diego Microbiome Initiative,2016-10-14T17:01:47Z,2016-10-14T01:31:43Z,public,Illumina MiSeq,39.76,10564.9D0DVCHL,SINGLE,PCR,METAGENOMIC,-104.88,yes,no,human gut metagenome,Missing: Not applicable,Missing: Not applicable,Missing: Not applicable,95,Missing: Not applicable,Missing: Not applicable,Missing: Not applicable,Missing: Not collected,FWD:GTGCCAGCMGCCGCGGTAA; REV:GGACTACHVGGGTWTCTAAT,"University of Colorado, Anschutz",FALSE,yes,ILLUMINA,GTGCCAGCMGCCGCGGTAA,white,yes,2016-10-18T00:00:00Z,69,"Daniel Frank Laboratory, University of Colorado, Anschutz",2015,9D0DVCHL-R1,UC-Anschutz,SAMEA4506944,qiita_sid_10564:10564.9D0DVCHL,stool,sequencing by synthesis,female,no,ERP017899,qiita_sid_10564:10564.9D0DVCHL,yes,16S rRNA,V4,Missing: Not applicable,Missing: Not applicable,69,2016-10-29T11:28:00Z,1,"HSV, VZV",,"GERD, cholecystectomy",,,
O+,ERR1688249,70,years,negative,None documented,no,yes,OTHER,PRJEB16057,SAMEA4506945,A+,A+,39,UBERON:feces,UBERON:feces,UBERON:feces,99981331,"Daniel Frank Laboratory, University of Colorado, Anschutz",UNIVERSITY OF CALIFORNIA SAN DIEGO MICROBIOME INIT,Stem cell,Flu/Cy/TBI,positive,Missing: Restricted access,Intermediate intensity,public,yes,normal,"sra,run.zq,fastq","ncbi,gs,ena,s3","gs.us-east1,ena,ncbi.public,s3.us-east-1",161,42,45,1,AML,remission,TRUE,negative,8/10,female,positive,7/8,male,Missing: Not applicable,Patient,cord+cord,cord,1564,2016-10-14,2016-10-14,2018-11-16,2016-10-14,urban biome,human-associated habitat,feces,human-gut,Relapse,ERX1757866,SAMEA4506945,USA,North America,USA:CO,"A1/2, B7/40, C3/7, DR7/13, DQ3/6",human,Homo sapiens,9DKW7WYN,9606,UTI,yes,UCSDMI,University of California San Diego Microbiome Initiative,2016-10-14T17:01:47Z,2016-10-14T01:31:43Z,public,Illumina MiSeq,39.76,10564.9DKW7WYN,SINGLE,PCR,METAGENOMIC,-104.88,no,yes,human gut metagenome,Missing: Not applicable,95,Missing: Not collected,94,Missing: Not applicable,Missing: Not collected,Missing: Not collected,Missing: Not collected,FWD:GTGCCAGCMGCCGCGGTAA; REV:GGACTACHVGGGTWTCTAAT,"University of Colorado, Anschutz",FALSE,yes,ILLUMINA,GTGCCAGCMGCCGCGGTAA,white,yes,2016-10-18T00:00:00Z,250,"Daniel Frank Laboratory, University of Colorado, Anschutz",2015,9DKW7WYN-R1,UC-Anschutz,SAMEA4506945,qiita_sid_10564:10564.9DKW7WYN,stool,sequencing by synthesis,female,no,ERP017899,qiita_sid_10564:10564.9DKW7WYN,no,16S rRNA,V4,Missing: Not applicable,Missing: Not applicable,250,2016-10-18T16:43:00Z,1,"HSV, VZV",,"diarrhea, appendectomy, cholecystectomy, gastric bypass",300,210954279,
B+,ERR1688250,66,years,negative,None documented,no,yes,OTHER,PRJEB16057,SAMEA4506946,B+,Missing: Not applicable,35,UBERON:feces,UBERON:feces,UBERON:feces,46718431,"Daniel Frank Laboratory, University of Colorado, Anschutz",UNIVERSITY OF CALIFORNIA SAN DIEGO MICROBIOME INIT,Stem cell,Flu/TBI,positive,Missing: Restricted access,Low intensity,public,no,abnormal,"sra,fastq,run.zq","gs,s3,ena,ncbi","ena,ncbi.public,gs.us-east1,s3.us-east-1",Missing: Not applicable,18,11,0,NHL,refractory,TRUE,positive,10/10,male,Missing: Not applicable,Missing: not applicable,Missing: Not applicable,9XP5HOGY,Patient,pbsc,related,1564,2016-10-14,2016-10-14,2018-11-16,2016-10-14,urban biome,human-associated habitat,feces,human-gut,Missing: Not applicable,ERX1757867,SAMEA4506946,USA,North America,USA:CO,"A2/3, B14/37, C6/8, DR7/13, DQ2/6",human,Homo sapiens,9PY3RYTB,9606,neutropenic fever,yes,UCSDMI,University of California San Diego Microbiome Initiative,2016-10-14T17:01:47Z,2016-10-14T01:31:43Z,public,Illumina MiSeq,39.76,10564.9PY3RYTB,SINGLE,PCR,METAGENOMIC,-104.88,no,yes,human gut metagenome,100,100,100,100,100,100,100,95,FWD:GTGCCAGCMGCCGCGGTAA; REV:GGACTACHVGGGTWTCTAAT,"University of Colorado, Anschutz",FALSE,yes,ILLUMINA,GTGCCAGCMGCCGCGGTAA,white,no,2016-10-18T00:00:00Z,401,"Daniel Frank Laboratory, University of Colorado, Anschutz",2015,9PY3RYTB-R1,UC-Anschutz,SAMEA4506946,qiita_sid_10564:10564.9PY3RYTB,stool,sequencing by synthesis,male,no,ERP017899,qiita_sid_10564:10564.9PY3RYTB,yes,16S rRNA,V4,Missing: Not applicable,Missing: Not applicable,Missing: Not applicable,2016-10-18T16:43:00Z,1,"VZV, HSV, hepatitis B","C difficile, shingles","Hepatitis B, appendectomy",300,94848048,
A+,ERR1688251,64,years,negative,skin,Grade I,yes,OTHER,PRJEB16057,SAMEA4506947,A+,Missing: Not applicable,24,UBERON:feces,UBERON:feces,UBERON:feces,58423921,"Daniel Frank Laboratory, University of Colorado, Anschutz",UNIVERSITY OF CALIFORNIA SAN DIEGO MICROBIOME INIT,Stem cell,Flu/TBI,negative,Missing: Restricted access,Low intensity,public,no,abnormal,"run.zq,sra,fastq","s3,ncbi,ena,gs","ncbi.public,s3.us-east-1,ena,gs.us-east1",Missing: Not applicable,21,14,0,MDS,refractory,TRUE,negative,10/10,female,Missing: Not applicable,Missing: not applicable,Missing: Not applicable,74ZDKQVK,Patient,pbsc,related,1564,2016-10-14,2016-10-14,2018-11-16,2016-10-14,urban biome,human-associated habitat,feces,human-gut,Missing: Not applicable,ERX1757868,SAMEA4506947,USA,North America,USA:CO,"A24/26, B7/35, C4/7, DR7/13, DQ3/6",human,Homo sapiens,9RZAET2D,9606,Missing: Not applicable,no,UCSDMI,University of California San Diego Microbiome Initiative,2016-10-14T17:01:47Z,2016-10-14T01:31:43Z,public,Illumina MiSeq,39.76,10564.9RZAET2D,SINGLE,PCR,METAGENOMIC,-104.88,no,yes,human gut metagenome,Missing: Not collected,22,13,25,Missing: Not applicable,90,92,91,FWD:GTGCCAGCMGCCGCGGTAA; REV:GGACTACHVGGGTWTCTAAT,"University of Colorado, Anschutz",FALSE,yes,ILLUMINA,GTGCCAGCMGCCGCGGTAA,white,no,2016-10-18T00:00:00Z,359,"Daniel Frank Laboratory, University of Colorado, Anschutz",2015,9RZAET2D-R1,UC-Anschutz,SAMEA4506947,qiita_sid_10564:10564.9RZAET2D,stool,sequencing by synthesis,male,no,ERP017899,qiita_sid_10564:10564.9RZAET2D,yes,16S rRNA,V4,63,63,Missing: Not applicable,2016-10-18T16:43:00Z,1,VZV,,,300,118101636,
B+,ERR1688252,Missing: Not collected,years,Missing: Not applicable,Missing: Not applicable,Missing: Not applicable,Missing: Not applicable,OTHER,PRJEB16057,SAMEA4506948,Missing: Not applicable,Missing: Not applicable,Missing: Not collected,UBERON:feces,UBERON:feces,UBERON:feces,42651901,"Daniel Frank Laboratory, University of Colorado, Anschutz",UNIVERSITY OF CALIFORNIA SAN DIEGO MICROBIOME INIT,Stem cell,Missing: Not applicable,positive,Missing: Restricted access,Missing: Not applicable,public,Missing: Not applicable,Missing: Not applicable,"run.zq,sra,fastq","ena,s3,ncbi,gs","gs.us-east1,ncbi.public,s3.us-east-1,ena",Missing: Not applicable,Missing: Not applicable,Missing: Not applicable,Missing: Not applicable,Missing: Not applicable,Missing: Not applicable,TRUE,Missing: Not applicable,Missing: not applicable,Missing: Not applicable,Missing: Not applicable,Missing: not applicable,Missing: Not applicable,Missing: Not applicable,Donor,Missing: Not applicable,Missing: Not applicable,1564,2016-10-14,2016-10-14,2018-11-16,2016-10-14,urban biome,human-associated habitat,feces,human-gut,Missing: Not applicable,ERX1757869,SAMEA4506948,USA,North America,USA:CO,"A2/3, B14/37, C6/8, DR7/13, DQ2/6",human,Homo sapiens,9XP5HOGY,9606,Missing: Not collected,Missing: Not collected,UCSDMI,University of California San Diego Microbiome Initiative,2016-10-14T17:01:47Z,2016-10-14T01:31:43Z,public,Illumina MiSeq,39.76,10564.9XP5HOGY,SINGLE,PCR,METAGENOMIC,-104.88,Missing: Not applicable,Missing: Not applicable,human gut metagenome,Missing: Not applicable,Missing: Not applicable,Missing: Not applicable,Missing: Not applicable,Missing: Not applicable,Missing: Not applicable,Missing: Not applicable,Missing: Not applicable,FWD:GTGCCAGCMGCCGCGGTAA; REV:GGACTACHVGGGTWTCTAAT,"University of Colorado, Anschutz",FALSE,Missing: Not applicable,ILLUMINA,GTGCCAGCMGCCGCGGTAA,Missing: Not collected,Missing: Not applicable,2016-10-18T00:00:00Z,Missing: Not applicable,"Daniel Frank Laboratory, University of Colorado, Anschutz",2015,9XP5HOGY-R1,UC-Anschutz,SAMEA4506948,qiita_sid_10564:10564.9XP5HOGY,stool,sequencing by synthesis,male,Missing: Not applicable,ERP017899,qiita_sid_10564:10564.9XP5HOGY,Missing: Not applicable,16S rRNA,V4,Missing: Not applicable,Missing: Not applicable,Missing: Not applicable,2016-10-18T16:43:00Z,1,Missing: not collected,Missing: Not applicable,Missing: Not collected,300,90081733,Missing: Not applicable
O+,ERR1688253,66,years,positive,"skin, gut",yes,yes,OTHER,PRJEB16057,SAMEA4506949,AB+,Missing: Not applicable,37,UBERON:feces,UBERON:feces,UBERON:feces,56786385,"Daniel Frank Laboratory, University of Colorado, Anschutz",UNIVERSITY OF CALIFORNIA SAN DIEGO MICROBIOME INIT,Stem cell,Flu/TBI,positive,Missing: Restricted access,Low intensity,public,no,abnormal,"fastq,sra,run.zq","ncbi,ena,s3,gs","gs.us-east1,ena,s3.us-east-1,ncbi.public",Missing: Not applicable,19,14,0,CLL,refractory,TRUE,positive,10/10,male,Missing: Not applicable,Missing: not applicable,Missing: Not applicable,Missing: Not applicable,Patient,pbsc,unrelated,1564,2016-10-14,2016-10-14,2018-11-16,2016-10-14,urban biome,human-associated habitat,feces,human-gut,Missing: Not applicable,ERX1757870,SAMEA4506949,USA,North America,USA:CO,"A2/25/, B7/44, C5/7, DR1/14, DQ5/5",human,Homo sapiens,AWGSVE2C,9606,Missing: Not applicable,no,UCSDMI,University of California San Diego Microbiome Initiative,2016-10-14T17:01:47Z,2016-10-14T01:31:43Z,public,Illumina MiSeq,39.76,10564.AWGSVE2C,SINGLE,PCR,METAGENOMIC,-104.88,no,yes,human gut metagenome,100,89,91,61,100,90,95,80,FWD:GTGCCAGCMGCCGCGGTAA; REV:GGACTACHVGGGTWTCTAAT,"University of Colorado, Anschutz",FALSE,yes,ILLUMINA,GTGCCAGCMGCCGCGGTAA,white,no,2016-10-18T00:00:00Z,126,"Daniel Frank Laboratory, University of Colorado, Anschutz",2015,AWGSVE2C-R1,UC-Anschutz,SAMEA4506949,qiita_sid_10564:10564.AWGSVE2C,stool,sequencing by synthesis,male,no,ERP017899,qiita_sid_10564:10564.AWGSVE2C,yes,16S rRNA,V4,68,68,Missing: Not applicable,2016-10-18T16:43:00Z,1,"EBV, HSV, VZV, Hepatitis A, Hepatitis B",C difficile recurrence,GERD,300,121020763,
O-,ERR1688254,Missing: Not collected,years,Missing: Not applicable,Missing: Not applicable,Missing: Not applicable,Missing: Not applicable,OTHER,PRJEB16057,SAMEA4506950,Missing: Not applicable,Missing: Not applicable,Missing: Not collected,UBERON:feces,UBERON:feces,UBERON:feces,45178535,"Daniel Frank Laboratory, University of Colorado, Anschutz",UNIVERSITY OF CALIFORNIA SAN DIEGO MICROBIOME INIT,Stem cell,Missing: Not applicable,negative,Missing: Restricted access,Missing: Not applicable,public,Missing: Not applicable,Missing: Not applicable,"run.zq,sra,fastq","s3,gs,ena,ncbi","gs.us-east1,ncbi.public,s3.us-east-1,ena",Missing: Not applicable,Missing: Not applicable,Missing: Not applicable,Missing: Not applicable,Missing: Not applicable,Missing: Not applicable,TRUE,Missing: Not applicable,Missing: not applicable,Missing: Not applicable,Missing: Not applicable,Missing: not applicable,Missing: Not applicable,Missing: Not applicable,Donor,Missing: Not applicable,Missing: Not applicable,1564,2016-10-14,2016-10-14,2018-11-16,2016-10-14,urban biome,human-associated habitat,feces,human-gut,Missing: Not applicable,ERX1757871,SAMEA4506950,USA,North America,USA:CO,"A31/31, B39/57, C6/12, DR12/13, DQ3/6",human,Homo sapiens,AY5F93TI,9606,Missing: Not collected,Missing: Not collected,UCSDMI,University of California San Diego Microbiome Initiative,2016-10-14T17:01:47Z,2016-10-14T01:31:43Z,public,Illumina MiSeq,39.76,10564.AY5F93TI,SINGLE,PCR,METAGENOMIC,-104.88,Missing: Not applicable,Missing: Not applicable,human gut metagenome,Missing: Not applicable,Missing: Not applicable,Missing: Not applicable,Missing: Not applicable,Missing: Not applicable,Missing: Not applicable,Missing: Not applicable,Missing: Not applicable,FWD:GTGCCAGCMGCCGCGGTAA; REV:GGACTACHVGGGTWTCTAAT,"University of Colorado, Anschutz",FALSE,Missing: Not applicable,ILLUMINA,GTGCCAGCMGCCGCGGTAA,Missing: Not collected,Missing: Not applicable,2016-10-18T00:00:00Z,Missing: Not applicable,"Daniel Frank Laboratory, University of Colorado, Anschutz",2015,AY5F93TI-R1,UC-Anschutz,SAMEA4506950,qiita_sid_10564:10564.AY5F93TI,stool,sequencing by synthesis,male,Missing: Not applicable,ERP017899,qiita_sid_10564:10564.AY5F93TI,Missing: Not applicable,16S rRNA,V4,Missing: Not applicable,Missing: Not applicable,Missing: Not applicable,2016-10-18T16:43:00Z,1,Missing: not collected,Missing: Not applicable,Missing: Not collected,300,91657324,Missing: Not applicable
A+,ERR1688255,48,years,positive,gut,yes,yes,OTHER,PRJEB16057,SAMEA4506951,A+,Missing: Not applicable,34,UBERON:feces,UBERON:feces,UBERON:feces,50553799,"Daniel Frank Laboratory, University of Colorado, Anschutz",UNIVERSITY OF CALIFORNIA SAN DIEGO MICROBIOME INIT,Stem cell,Bu/Cy,negative,Missing: Restricted access,High intensity,public,no,abnormal,"run.zq,fastq,sra","gs,ncbi,ena,s3","ena,ncbi.public,gs.us-east1,s3.us-east-1",Missing: Not applicable,14,11,1,MDS,refractory,TRUE,negative,10/10,female,Missing: Not applicable,Missing: not applicable,Missing: Not applicable,DC6MEYNB,Patient,pbsc,related,1564,2016-10-14,2016-10-14,2018-11-16,2016-10-14,urban biome,human-associated habitat,feces,human-gut,Sepsis/ARDS/GVHD,ERX1757872,SAMEA4506951,USA,North America,USA:CO,"A29/32, B44/44, C4/16, DR1/7, DQ2/5",human,Homo sapiens,BGI6J297,9606,Missing: Not applicable,no,UCSDMI,University of California San Diego Microbiome Initiative,2016-10-14T17:01:47Z,2016-10-14T01:31:43Z,public,Illumina MiSeq,39.76,10564.BGI6J297,SINGLE,PCR,METAGENOMIC,-104.88,yes,no,human gut metagenome,Missing: Not applicable,95,Missing: Not applicable,81,Missing: Not applicable,Missing: Not collected,Missing: Not applicable,Missing: Not collected,FWD:GTGCCAGCMGCCGCGGTAA; REV:GGACTACHVGGGTWTCTAAT,"University of Colorado, Anschutz",FALSE,yes,ILLUMINA,GTGCCAGCMGCCGCGGTAA,white,no,2016-10-18T00:00:00Z,116,"Daniel Frank Laboratory, University of Colorado, Anschutz",2015,BGI6J297-R1,UC-Anschutz,SAMEA4506951,qiita_sid_10564:10564.BGI6J297,stool,sequencing by synthesis,female,no,ERP017899,qiita_sid_10564:10564.BGI6J297,yes,16S rRNA,V4,75,75,116,2016-10-18T16:43:00Z,1,"HSV1, VZV","sepsis, VRE bacteremia",,300,106394533,
A+,ERR1688256,59,years,negative,None documented,no,yes,OTHER,PRJEB16057,SAMEA4506952,O+,B+,24,UBERON:feces,UBERON:feces,UBERON:feces,54795146,"Daniel Frank Laboratory, University of Colorado, Anschutz",UNIVERSITY OF CALIFORNIA SAN DIEGO MICROBIOME INIT,Stem cell,Flu/Cy/TBI,positive,Missing: Restricted access,Intermediate intensity,public,yes,normal,"fastq,sra,run.zq","ena,ncbi,gs,s3","gs.us-east1,s3.us-east-1,ncbi.public,ena",Missing: Not applicable,9,20,0,AML,refractory,TRUE,negative,8/10,female,negative,7/10,female,Missing: Not applicable,Patient,cord+cord,cord,1564,2016-10-14,2016-10-14,2018-11-16,2016-10-14,urban biome,human-associated habitat,feces,human-gut,Missing: Not applicable,ERX1757873,SAMEA4506952,USA,North America,USA:CO,"A2/24, B7/18, C7/12, DR1/4, DQ3/5",human,Homo sapiens,BINEWAGB,9606,hepatosplenic candidiasis,yes,UCSDMI,University of California San Diego Microbiome Initiative,2016-10-14T17:01:47Z,2016-10-14T01:31:43Z,public,Illumina MiSeq,39.76,10564.BINEWAGB,SINGLE,PCR,METAGENOMIC,-104.88,no,yes,human gut metagenome,Missing: Not collected,100,Missing: Not collected,100,Missing: Not applicable,100,Missing: Not applicable,95,FWD:GTGCCAGCMGCCGCGGTAA; REV:GGACTACHVGGGTWTCTAAT,"University of Colorado, Anschutz",FALSE,yes,ILLUMINA,GTGCCAGCMGCCGCGGTAA,white,no,2016-10-18T00:00:00Z,100,"Daniel Frank Laboratory, University of Colorado, Anschutz",2015,BINEWAGB-R1,UC-Anschutz,SAMEA4506952,qiita_sid_10564:10564.BINEWAGB,stool,sequencing by synthesis,male,no,ERP017899,qiita_sid_10564:10564.BINEWAGB,no,16S rRNA,V4,Missing: Not applicable,Missing: Not applicable,Missing: Not applicable,2016-10-18T16:43:00Z,1,"VZV, HSV",,cholecystectomy,300,114059511,
O+,ERR1688257,58,years,negative,None documented,no,yes,OTHER,PRJEB16057,SAMEA4506953,O+,Missing: Not applicable,23,UBERON:feces,UBERON:feces,UBERON:feces,41009863,"Daniel Frank Laboratory, University of Colorado, Anschutz",UNIVERSITY OF CALIFORNIA SAN DIEGO MICROBIOME INIT,Stem cell,Flu/TBI,negative,Missing: Restricted access,Low intensity,public,no,abnormal,"sra,fastq,run.zq","ncbi,gs,ena,s3","ncbi.public,s3.us-east-1,gs.us-east1,ena",Missing: Not applicable,23,14,0,NHL,remission,TRUE,negative,10/10,male,Missing: Not applicable,Missing: not applicable,Missing: Not applicable,BM9MHXUD,Patient,pbsc,related,1564,2016-10-14,2016-10-14,2018-11-16,2016-10-14,urban biome,human-associated habitat,feces,human-gut,Missing: Not applicable,ERX1757874,SAMEA4506953,USA,North America,USA:CO,"A3/29, B35/44, C4/16, DR4/7, DQ2/3",human,Homo sapiens,BKW5E7F4,9606,Missing: Not applicable,no,UCSDMI,University of California San Diego Microbiome Initiative,2016-10-14T17:01:47Z,2016-10-14T01:31:43Z,public,Illumina MiSeq,39.76,10564.BKW5E7F4,SINGLE,PCR,METAGENOMIC,-104.88,no,yes,human gut metagenome,100,34,70,28,100,94,95,93,FWD:GTGCCAGCMGCCGCGGTAA; REV:GGACTACHVGGGTWTCTAAT,"University of Colorado, Anschutz",FALSE,yes,ILLUMINA,GTGCCAGCMGCCGCGGTAA,white,no,2016-10-18T00:00:00Z,356,"Daniel Frank Laboratory, University of Colorado, Anschutz",2015,BKW5E7F4-R1,UC-Anschutz,SAMEA4506953,qiita_sid_10564:10564.BKW5E7F4,stool,sequencing by synthesis,female,no,ERP017899,qiita_sid_10564:10564.BKW5E7F4,yes,16S rRNA,V4,Missing: Not applicable,Missing: Not applicable,Missing: Not applicable,2016-10-18T16:43:00Z,1,"EBV, HSV, VZV",influenza,"GERD, polyp, diarrhea (Africa)",300,83062375,Stage 3
O+,ERR1688258,Missing: Not collected,years,Missing: Not applicable,Missing: Not applicable,Missing: Not applicable,Missing: Not applicable,OTHER,PRJEB16057,SAMEA4506954,Missing: Not applicable,Missing: Not applicable,Missing: Not collected,UBERON:feces,UBERON:feces,UBERON:feces,39045801,"Daniel Frank Laboratory, University of Colorado, Anschutz",UNIVERSITY OF CALIFORNIA SAN DIEGO MICROBIOME INIT,Stem cell,Missing: Not applicable,negative,Missing: Restricted access,Missing: Not applicable,public,Missing: Not applicable,Missing: Not applicable,"sra,run.zq,fastq","ncbi,s3,gs,ena","gs.us-east1,ena,ncbi.public,s3.us-east-1",Missing: Not applicable,Missing: Not applicable,Missing: Not applicable,Missing: Not applicable,Missing: Not applicable,Missing: Not applicable,TRUE,Missing: Not applicable,Missing: not applicable,Missing: Not applicable,Missing: Not applicable,Missing: not applicable,Missing: Not applicable,Missing: Not applicable,Donor,Missing: Not applicable,Missing: Not applicable,1564,2016-10-14,2016-10-14,2018-11-16,2016-10-14,urban biome,human-associated habitat,feces,human-gut,Missing: Not applicable,ERX1757875,SAMEA4506954,USA,North America,USA:CO,"A3/29, B35/44, C4/16, DR4/7, DQ2/3",human,Homo sapiens,BM9MHXUD,9606,Missing: Not collected,Missing: Not collected,UCSDMI,University of California San Diego Microbiome Initiative,2016-10-14T17:01:47Z,2016-10-14T01:31:43Z,public,Illumina MiSeq,39.76,10564.BM9MHXUD,SINGLE,PCR,METAGENOMIC,-104.88,Missing: Not applicable,Missing: Not applicable,human gut metagenome,Missing: Not applicable,Missing: Not applicable,Missing: Not applicable,Missing: Not applicable,Missing: Not applicable,Missing: Not applicable,Missing: Not applicable,Missing: Not applicable,FWD:GTGCCAGCMGCCGCGGTAA; REV:GGACTACHVGGGTWTCTAAT,"University of Colorado, Anschutz",FALSE,Missing: Not applicable,ILLUMINA,GTGCCAGCMGCCGCGGTAA,Missing: Not collected,Missing: Not applicable,2016-10-18T00:00:00Z,Missing: Not applicable,"Daniel Frank Laboratory, University of Colorado, Anschutz",2015,BM9MHXUD-R1,UC-Anschutz,SAMEA4506954,qiita_sid_10564:10564.BM9MHXUD,stool,sequencing by synthesis,male,Missing: Not applicable,ERP017899,qiita_sid_10564:10564.BM9MHXUD,Missing: Not applicable,16S rRNA,V4,Missing: Not applicable,Missing: Not applicable,Missing: Not applicable,2016-10-18T16:43:00Z,1,Missing: not collected,Missing: Not applicable,Missing: Not collected,300,78764468,Missing: Not applicable
O+,ERR1688259,49,years,positive,gut,yes,yes,OTHER,PRJEB16057,SAMEA4506955,O+,O+,21,UBERON:feces,UBERON:feces,UBERON:feces,66888408,"Daniel Frank Laboratory, University of Colorado, Anschutz",UNIVERSITY OF CALIFORNIA SAN DIEGO MICROBIOME INIT,Stem cell,Flu/Cy/TBI,positive,Missing: Restricted access,Intermediate intensity,public,yes,normal,"run.zq,fastq,sra","ena,gs,ncbi,s3","ncbi.public,ena,s3.us-east-1,gs.us-east1",Missing: Not applicable,27,38,1,TCL,refractory,TRUE,positive,7/10,male,positive,6/10,female,Missing: Not applicable,Patient,cord+cord,cord,1564,2016-10-14,2016-10-14,2018-11-16,2016-10-14,urban biome,human-associated habitat,feces,human-gut,Missing: Not collected,ERX1757876,SAMEA4506955,USA,North America,USA:CO,"A2/2, B39/45, C5/7, DR7/15, DQ3/6",human,Homo sapiens,CCHWVERY,9606,C difficile,yes,UCSDMI,University of California San Diego Microbiome Initiative,2016-10-14T17:01:47Z,2016-10-14T01:31:43Z,public,Illumina MiSeq,39.76,10564.CCHWVERY,SINGLE,PCR,METAGENOMIC,-104.88,no,yes,human gut metagenome,Missing: Not collected,100,100,100,Missing: Not applicable,100,100,100,FWD:GTGCCAGCMGCCGCGGTAA; REV:GGACTACHVGGGTWTCTAAT,"University of Colorado, Anschutz",FALSE,yes,ILLUMINA,GTGCCAGCMGCCGCGGTAA,white,no,2016-10-18T00:00:00Z,100,"Daniel Frank Laboratory, University of Colorado, Anschutz",2015,CCHWVERY-R1,UC-Anschutz,SAMEA4506955,qiita_sid_10564:10564.CCHWVERY,stool,sequencing by synthesis,female,no,ERP017899,qiita_sid_10564:10564.CCHWVERY,no,16S rRNA,V4,27,27,Missing: Not collected,2016-10-18T16:43:00Z,1,"EBV, HSV, VZV","C difficile, pneunomia, VRE, proteus mirabilis UTI",GERD,300,137473781,
O+,ERR1688260,45,years,positive,gut,Grade II,yes,OTHER,PRJEB16057,SAMEA4506956,O+,Missing: Not applicable,23,UBERON:feces,UBERON:feces,UBERON:feces,21291853,"Daniel Frank Laboratory, University of Colorado, Anschutz",UNIVERSITY OF CALIFORNIA SAN DIEGO MICROBIOME INIT,Stem cell,Flu/TBI,positive,Missing: Restricted access,Low intensity,public,no,normal,"run.zq,fastq,sra","s3,ena,gs,ncbi","gs.us-east1,ena,s3.us-east-1,ncbi.public",159,22,13,0,HD,refractory,TRUE,negative,10/10,female,Missing: Not applicable,Missing: not applicable,Missing: Not applicable,LE2JYPJ8,Patient,pbsc,related,1564,2016-10-14,2016-10-14,2018-11-16,2016-10-14,urban biome,human-associated habitat,feces,human-gut,Missing: Not applicable,ERX1757877,SAMEA4506956,USA,North America,USA:CO,"A2/2, B8/39, C7/7, DR3/8, DQ2/4",human,Homo sapiens,CE3XUVX2,9606,ear abscesses,yes,UCSDMI,University of California San Diego Microbiome Initiative,2016-10-14T17:01:47Z,2016-10-14T01:31:43Z,public,Illumina MiSeq,39.76,10564.CE3XUVX2,SINGLE,PCR,METAGENOMIC,-104.88,no,yes,human gut metagenome,Missing: Not collected,77,Missing: Not collected,68,Missing: Not applicable,95,Missing: Not applicable,90,FWD:GTGCCAGCMGCCGCGGTAA; REV:GGACTACHVGGGTWTCTAAT,"University of Colorado, Anschutz",FALSE,yes,ILLUMINA,GTGCCAGCMGCCGCGGTAA,white,yes,2016-10-18T00:00:00Z,180,"Daniel Frank Laboratory, University of Colorado, Anschutz",2015,CE3XUVX2-R1,UC-Anschutz,SAMEA4506956,qiita_sid_10564:10564.CE3XUVX2,stool,sequencing by synthesis,male,no,ERP017899,qiita_sid_10564:10564.CE3XUVX2,yes,16S rRNA,V4,112,112,Missing: Not applicable,2016-10-29T11:28:00Z,1,"VZV, hepatitis B, hepatitis C","pneumonia, strep viridans bacteremia","hepatitis C, hepatitis B, hemosiderosis",,,Stage 1
A+,ERR1688261,51,years,negative,"liver, skin",Grade I,yes,OTHER,PRJEB16057,SAMEA4506957,B-,Missing: Not applicable,33,UBERON:feces,UBERON:feces,UBERON:feces,34339915,"Daniel Frank Laboratory, University of Colorado, Anschutz",UNIVERSITY OF CALIFORNIA SAN DIEGO MICROBIOME INIT,Stem cell,Flu/TBI,positive,Missing: Restricted access,Low intensity,public,no,abnormal,"run.zq,sra,fastq","ena,ncbi,gs,s3","s3.us-east-1,ena,gs.us-east1,ncbi.public",Missing: Not collected,16,10,0,NHL,refractory,TRUE,positive,10/10,male,Missing: Not applicable,Missing: not applicable,Missing: Not applicable,Missing: Not applicable,Patient,pbsc,related,1564,2016-10-14,2016-10-14,2018-11-16,2016-10-14,urban biome,human-associated habitat,feces,human-gut,Missing: Not applicable,ERX1757878,SAMEA4506957,USA,North America,USA:CO,"A2/3, B7/27, C5/7, DR3/12, DQ2/3",human,Homo sapiens,CF50P3GN,9606,Missing: Not applicable,no,UCSDMI,University of California San Diego Microbiome Initiative,2016-10-14T17:01:47Z,2016-10-14T01:31:43Z,public,Illumina MiSeq,39.76,10564.CF50P3GN,SINGLE,PCR,METAGENOMIC,-104.88,no,yes,human gut metagenome,Missing: Not applicable,Missing: Not applicable,Missing: Not applicable,88,100,95,100,Missing: Not collected,FWD:GTGCCAGCMGCCGCGGTAA; REV:GGACTACHVGGGTWTCTAAT,"University of Colorado, Anschutz",FALSE,yes,ILLUMINA,GTGCCAGCMGCCGCGGTAA,white,yes,2016-10-18T00:00:00Z,365,"Daniel Frank Laboratory, University of Colorado, Anschutz",2015,CF50P3GN-R1,UC-Anschutz,SAMEA4506957,qiita_sid_10564:10564.CF50P3GN,stool,sequencing by synthesis,male,no,ERP017899,qiita_sid_10564:10564.CF50P3GN,yes,16S rRNA,V4,54,54,Missing: Not applicable,2016-10-29T11:28:00Z,2,"EBV, HSV, VZV",,"diverticulosis, polyp",,,Stage 1
O+,ERR1688262,71,years,negative,None documented,no,yes,OTHER,PRJEB16057,SAMEA4506958,O+,Missing: Not applicable,29,UBERON:feces,UBERON:feces,UBERON:feces,25661145,"Daniel Frank Laboratory, University of Colorado, Anschutz",UNIVERSITY OF CALIFORNIA SAN DIEGO MICROBIOME INIT,Stem cell,Flu/TBI,positive,Missing: Restricted access,Low intensity,public,no,abnormal,"sra,run.zq,fastq","s3,ncbi,gs,ena","gs.us-east1,ena,ncbi.public,s3.us-east-1",61,14,14,1,AML,remission,TRUE,negative,10/10,male,Missing: Not applicable,Missing: not applicable,Missing: Not applicable,TX5QZZCE,Patient,pbsc,related,1564,2016-10-14,2016-10-14,2018-11-16,2016-10-14,urban biome,human-associated habitat,feces,human-gut,Relapse,ERX1757879,SAMEA4506958,USA,North America,USA:CO,"A2/2, B15/41, C3/17, DR4/13, DQ3/6",human,Homo sapiens,CV6HFKNZ,9606,Missing: Not applicable,no,UCSDMI,University of California San Diego Microbiome Initiative,2016-10-14T17:01:47Z,2016-10-14T01:31:44Z,public,Illumina MiSeq,39.76,10564.CV6HFKNZ,SINGLE,PCR,METAGENOMIC,-104.88,no,yes,human gut metagenome,Missing: Not applicable,Missing: Not collected,Missing: Not applicable,29,Missing: Not applicable,Missing: Not collected,Missing: Not applicable,Missing: Not collected,FWD:GTGCCAGCMGCCGCGGTAA; REV:GGACTACHVGGGTWTCTAAT,"University of Colorado, Anschutz",FALSE,yes,ILLUMINA,GTGCCAGCMGCCGCGGTAA,white,yes,2016-10-18T00:00:00Z,151,"Daniel Frank Laboratory, University of Colorado, Anschutz",2015,CV6HFKNZ-R1,UC-Anschutz,SAMEA4506958,qiita_sid_10564:10564.CV6HFKNZ,stool,sequencing by synthesis,female,no,ERP017899,qiita_sid_10564:10564.CV6HFKNZ,yes,16S rRNA,V4,Missing: Not applicable,Missing: Not applicable,151,2016-10-18T16:44:00Z,1,"HSV, VZV","neutropenic fever, septic knee, CNS bacteremia, cellulitis","bowel rupture/resection, diverticulitis, cholecystectomy",300,51461580,
O+,ERR1688263,59,years,negative,skin,yes,yes,OTHER,PRJEB16057,SAMEA4506959,O-,Missing: Not applicable,22,UBERON:feces,UBERON:feces,UBERON:feces,27838111,"Daniel Frank Laboratory, University of Colorado, Anschutz",UNIVERSITY OF CALIFORNIA SAN DIEGO MICROBIOME INIT,Stem cell,Bu/Cy,positive,Missing: Restricted access,High intensity,public,no,normal,"run.zq,fastq,sra","ncbi,gs,ena,s3","gs.us-east1,ncbi.public,s3.us-east-1,ena",Missing: Not applicable,17,13,0,ALL,refractory,TRUE,negative,10/10,male,Missing: Not applicable,Missing: not applicable,Missing: Not applicable,AY5F93TI,Patient,pbsc,related,1564,2016-10-14,2016-10-14,2018-11-16,2016-10-14,urban biome,human-associated habitat,feces,human-gut,Missing: Not applicable,ERX1757880,SAMEA4506959,USA,North America,USA:CO,"A31/31, B39/57, C6/12, DR12/13, DQ3/6",human,Homo sapiens,D6A696HR,9606,Missing: Not applicable,no,UCSDMI,University of California San Diego Microbiome Initiative,2016-10-14T17:01:47Z,2016-10-14T01:31:44Z,public,Illumina MiSeq,39.76,10564.D6A696HR,SINGLE,PCR,METAGENOMIC,-104.88,yes,no,human gut metagenome,100,100,100,95,100,100,100,95,FWD:GTGCCAGCMGCCGCGGTAA; REV:GGACTACHVGGGTWTCTAAT,"University of Colorado, Anschutz",FALSE,yes,ILLUMINA,GTGCCAGCMGCCGCGGTAA,white,no,2016-10-18T00:00:00Z,123,"Daniel Frank Laboratory, University of Colorado, Anschutz",2015,D6A696HR-R1,UC-Anschutz,SAMEA4506959,qiita_sid_10564:10564.D6A696HR,stool,sequencing by synthesis,female,no,ERP017899,qiita_sid_10564:10564.D6A696HR,yes,16S rRNA,V4,123,123,Missing: Not applicable,2016-10-29T11:28:00Z,1,VZV,"C difficile, mold in sinus",,,,Stage 3
A+,ERR1688264,Missing: Not collected,years,Missing: Not applicable,Missing: Not applicable,Missing: Not applicable,Missing: Not applicable,OTHER,PRJEB16057,SAMEA4506960,Missing: Not applicable,Missing: Not applicable,Missing: Not collected,UBERON:feces,UBERON:feces,UBERON:feces,38582423,"Daniel Frank Laboratory, University of Colorado, Anschutz",UNIVERSITY OF CALIFORNIA SAN DIEGO MICROBIOME INIT,Stem cell,Missing: Not applicable,negative,Missing: Restricted access,Missing: Not applicable,public,Missing: Not applicable,Missing: Not applicable,"sra,run.zq,fastq","ncbi,gs,s3,ena","ncbi.public,s3.us-east-1,gs.us-east1,ena",Missing: Not applicable,Missing: Not applicable,Missing: Not applicable,Missing: Not applicable,Missing: Not applicable,Missing: Not applicable,TRUE,Missing: Not applicable,Missing: not applicable,Missing: Not applicable,Missing: Not applicable,Missing: not applicable,Missing: Not applicable,Missing: Not applicable,Donor,Missing: Not applicable,Missing: Not applicable,1564,2016-10-14,2016-10-14,2018-11-16,2016-10-14,urban biome,human-associated habitat,feces,human-gut,Missing: Not applicable,ERX1757881,SAMEA4506960,USA,North America,USA:CO,"A29/32, B44/44, C4/16, DR1/7, DQ2/5",human,Homo sapiens,DC6MEYNB,9606,Missing: Not collected,Missing: Not collected,UCSDMI,University of California San Diego Microbiome Initiative,2016-10-14T17:01:47Z,2016-10-14T01:31:44Z,public,Illumina MiSeq,39.76,10564.DC6MEYNB,SINGLE,PCR,METAGENOMIC,-104.88,Missing: Not applicable,Missing: Not applicable,human gut metagenome,Missing: Not applicable,Missing: Not applicable,Missing: Not applicable,Missing: Not applicable,Missing: Not applicable,Missing: Not applicable,Missing: Not applicable,Missing: Not applicable,FWD:GTGCCAGCMGCCGCGGTAA; REV:GGACTACHVGGGTWTCTAAT,"University of Colorado, Anschutz",FALSE,Missing: Not applicable,ILLUMINA,GTGCCAGCMGCCGCGGTAA,Missing: Not collected,Missing: Not applicable,2016-10-18T00:00:00Z,Missing: Not applicable,"Daniel Frank Laboratory, University of Colorado, Anschutz",2015,DC6MEYNB-R1,UC-Anschutz,SAMEA4506960,qiita_sid_10564:10564.DC6MEYNB,stool,sequencing by synthesis,female,Missing: Not applicable,ERP017899,qiita_sid_10564:10564.DC6MEYNB,Missing: Not applicable,16S rRNA,V4,Missing: Not applicable,Missing: Not applicable,Missing: Not applicable,2016-10-18T16:44:00Z,1,Missing: not collected,Missing: Not applicable,Missing: Not collected,300,79155672,Missing: Not applicable
O+,ERR1688265,72,years,negative,None documented,no,yes,OTHER,PRJEB16057,SAMEA4506961,O+,O+,28,UBERON:feces,UBERON:feces,UBERON:feces,39744023,"Daniel Frank Laboratory, University of Colorado, Anschutz",UNIVERSITY OF CALIFORNIA SAN DIEGO MICROBIOME INIT,Stem cell,Flu/Cy/TBI,positive,Missing: Restricted access,Intermediate intensity,public,yes,abnormal,"fastq,sra,run.zq","s3,ena,ncbi,gs","ncbi.public,gs.us-east1,ena,s3.us-east-1",183,13,20,1,AML,refractory,TRUE,negative,10/10,male,negative,8/10,female,Missing: Not applicable,Patient,cord+cord,cord,1564,2016-10-14,2016-10-14,2018-11-16,2016-10-14,urban biome,human-associated habitat,feces,human-gut,Relapse,ERX1757882,SAMEA4506961,USA,North America,USA:CO,"A3/24, B7/40, C3/7, DR4/15, DQ3/6",human,Homo sapiens,DJ3SQ1HX,9606,Missing: Not applicable,no,UCSDMI,University of California San Diego Microbiome Initiative,2016-10-14T17:01:47Z,2016-10-14T01:31:44Z,public,Illumina MiSeq,39.76,10564.DJ3SQ1HX,SINGLE,PCR,METAGENOMIC,-104.88,no,yes,human gut metagenome,Missing: Not applicable,78,Missing: Not collected,92,Missing: Not applicable,Missing: Not collected,Missing: Not collected,Missing: Not collected,FWD:GTGCCAGCMGCCGCGGTAA; REV:GGACTACHVGGGTWTCTAAT,"University of Colorado, Anschutz",FALSE,yes,ILLUMINA,GTGCCAGCMGCCGCGGTAA,white,yes,2016-10-18T00:00:00Z,278,"Daniel Frank Laboratory, University of Colorado, Anschutz",2015,DJ3SQ1HX-R1,UC-Anschutz,SAMEA4506961,qiita_sid_10564:10564.DJ3SQ1HX,stool,sequencing by synthesis,male,no,ERP017899,qiita_sid_10564:10564.DJ3SQ1HX,no,16S rRNA,V4,Missing: Not applicable,Missing: Not applicable,278,2016-10-29T11:28:00Z,2,"HSV, VZV","RSV, fungal pneumonia, neutropenic fever","GERD, Barretts esophagus",,,
A-,ERR1688266,65,years,negative,None documented,no,yes,OTHER,PRJEB16057,SAMEA4506962,B+,O+,26,UBERON:feces,UBERON:feces,UBERON:feces,19567642,"Daniel Frank Laboratory, University of Colorado, Anschutz",UNIVERSITY OF CALIFORNIA SAN DIEGO MICROBIOME INIT,Stem cell,Flu/Cy/TBI,positive,Missing: Restricted access,Intermediate intensity,public,yes,abnormal,"sra,fastq,run.zq","ena,gs,ncbi,s3","ena,ncbi.public,gs.us-east1,s3.us-east-1",31,32,41,1,AML,refractory,TRUE,negative,7/10,female,positive,7/10,male,Missing: Not applicable,Patient,cord+cord,cord,1564,2016-10-14,2016-10-14,2018-11-16,2016-10-14,urban biome,human-associated habitat,feces,human-gut,Missing: Not collected,ERX1757883,SAMEA4506962,USA,North America,USA:CO,"A2/2, B7/44, C2/7, DR15/15, DQ5/6",human,Homo sapiens,DMEOOJFG,9606,Missing: Not applicable,no,UCSDMI,University of California San Diego Microbiome Initiative,2016-10-14T17:01:47Z,2016-10-14T01:31:44Z,public,Illumina MiSeq,39.76,10564.DMEOOJFG,SINGLE,PCR,METAGENOMIC,-104.88,no,yes,human gut metagenome,95,Missing: Not collected,Missing: Not collected,5,Missing: Not collected,Missing: Not collected,Missing: Not collected,Missing: Not collected,FWD:GTGCCAGCMGCCGCGGTAA; REV:GGACTACHVGGGTWTCTAAT,"University of Colorado, Anschutz",FALSE,yes,ILLUMINA,GTGCCAGCMGCCGCGGTAA,white,yes,2016-10-18T00:00:00Z,476,"Daniel Frank Laboratory, University of Colorado, Anschutz",2015,DMEOOJFG-R1,UC-Anschutz,SAMEA4506962,qiita_sid_10564:10564.DMEOOJFG,stool,sequencing by synthesis,male,no,ERP017899,qiita_sid_10564:10564.DMEOOJFG,no,16S rRNA,V4,Missing: Not applicable,Missing: Not applicable,476,2016-10-18T16:44:00Z,1,"EBV, HSV, VZV",knee 9/2013,GERD,300,39625944,
B-,ERR1688267,67,years,negative,None documented,no,yes,OTHER,PRJEB16057,SAMEA4506963,O+,Missing: Not applicable,34,UBERON:feces,UBERON:feces,UBERON:feces,34052352,"Daniel Frank Laboratory, University of Colorado, Anschutz",UNIVERSITY OF CALIFORNIA SAN DIEGO MICROBIOME INIT,Stem cell,Flu/TBI,positive,Missing: Restricted access,Low intensity,public,no,abnormal,"run.zq,sra,fastq","s3,ncbi,ena,gs","ena,ncbi.public,gs.us-east1,s3.us-east-1",Missing: Not applicable,16,13,0,CLL,refractory,TRUE,positive,10/10,male,Missing: Not applicable,Missing: not applicable,Missing: Not applicable,Missing: Not applicable,Patient,pbsc,unrelated,1564,2016-10-14,2016-10-14,2018-11-16,2016-10-14,urban biome,human-associated habitat,feces,human-gut,Missing: Not applicable,ERX1757884,SAMEA4506963,USA,North America,USA:CO,"A2/25, B7/18, C7/12, DR3/13, DQ2/6",human,Homo sapiens,DZ6T2E56,9606,Missing: Not applicable,no,UCSDMI,University of California San Diego Microbiome Initiative,2016-10-14T17:01:47Z,2016-10-14T01:31:44Z,public,Illumina MiSeq,39.76,10564.DZ6T2E56,SINGLE,PCR,METAGENOMIC,-104.88,no,yes,human gut metagenome,Missing: Not collected,89,Missing: Not collected,83,Missing: Not applicable,96,Missing: Not applicable,95,FWD:GTGCCAGCMGCCGCGGTAA; REV:GGACTACHVGGGTWTCTAAT,"University of Colorado, Anschutz",FALSE,yes,ILLUMINA,GTGCCAGCMGCCGCGGTAA,white,no,2016-10-18T00:00:00Z,185,"Daniel Frank Laboratory, University of Colorado, Anschutz",2015,DZ6T2E56-R1,UC-Anschutz,SAMEA4506963,qiita_sid_10564:10564.DZ6T2E56,stool,sequencing by synthesis,male,no,ERP017899,qiita_sid_10564:10564.DZ6T2E56,yes,16S rRNA,V4,Missing: Not applicable,Missing: Not applicable,Missing: Not applicable,2016-10-29T11:28:00Z,1,"VZV, HSV","human metapneumovirus, PCP pneumonia, oral candida, CMV pneumonia, rhinovirus",,,,Stage 2
O+,ERR1688268,64,years,positive,gut,Grade II,yes,OTHER,PRJEB16057,SAMEA4506964,B+,A+,27,UBERON:feces,UBERON:feces,UBERON:feces,37416630,"Daniel Frank Laboratory, University of Colorado, Anschutz",UNIVERSITY OF CALIFORNIA SAN DIEGO MICROBIOME INIT,Stem cell,Flu/Treo/TBI,positive,Missing: Restricted access,Intermediate intensity,public,yes,normal,"fastq,sra,run.zq","gs,ncbi,ena,s3","ncbi.public,gs.us-east1,s3.us-east-1,ena",Missing: Not applicable,27,30,0,AML,remission,TRUE,negative,8/10,female,positive,5/10,female,Missing: Not applicable,Patient,cord+cord,cord,1564,2016-10-14,2016-10-14,2018-11-16,2016-10-14,urban biome,human-associated habitat,feces,human-gut,Missing: Not applicable,ERX1757885,SAMEA4506964,USA,North America,USA:CO,"A11/29, B44/51, C3/16, DR4/15, DQ3/6",human,Homo sapiens,F5KYZ6JD,9606,"HSV oral, tinea cruris",yes,UCSDMI,University of California San Diego Microbiome Initiative,2016-10-14T17:01:47Z,2016-10-14T01:31:44Z,public,Illumina MiSeq,39.76,10564.F5KYZ6JD,SINGLE,PCR,METAGENOMIC,-104.88,no,yes,human gut metagenome,100,100,100,95,100,100,100,95,FWD:GTGCCAGCMGCCGCGGTAA; REV:GGACTACHVGGGTWTCTAAT,"University of Colorado, Anschutz",FALSE,yes,ILLUMINA,GTGCCAGCMGCCGCGGTAA,white,no,2016-10-18T00:00:00Z,100,"Daniel Frank Laboratory, University of Colorado, Anschutz",2015,F5KYZ6JD-R1,UC-Anschutz,SAMEA4506964,qiita_sid_10564:10564.F5KYZ6JD,stool,sequencing by synthesis,male,no,ERP017899,qiita_sid_10564:10564.F5KYZ6JD,no,16S rRNA,V4,94,94,Missing: Not applicable,2016-10-18T16:44:00Z,1,"EBV, HSV, VZV","bipolaris mold, neutropenic fever",GERD,300,74904128,Stage 1
O+,ERR1688269,Missing: Not collected,years,Missing: Not applicable,Missing: Not applicable,Missing: Not applicable,Missing: Not applicable,OTHER,PRJEB16057,SAMEA4506965,Missing: Not applicable,Missing: Not applicable,Missing: Not collected,UBERON:feces,UBERON:feces,UBERON:feces,57434472,"Daniel Frank Laboratory, University of Colorado, Anschutz",UNIVERSITY OF CALIFORNIA SAN DIEGO MICROBIOME INIT,Stem cell,Missing: Not applicable,positive,Missing: Restricted access,Missing: Not applicable,public,Missing: Not applicable,Missing: Not applicable,"fastq,sra,run.zq","gs,s3,ncbi,ena","s3.us-east-1,gs.us-east1,ena,ncbi.public",Missing: Not applicable,Missing: Not applicable,Missing: Not applicable,Missing: Not applicable,Missing: Not applicable,Missing: Not applicable,TRUE,Missing: Not applicable,Missing: not applicable,Missing: Not applicable,Missing: Not applicable,Missing: not applicable,Missing: Not applicable,Missing: Not applicable,Donor,Missing: Not applicable,Missing: Not applicable,1564,2016-10-14,2016-10-14,2018-11-16,2016-10-14,urban biome,human-associated habitat,feces,human-gut,Missing: Not applicable,ERX1757886,SAMEA4506965,USA,North America,USA:CO,"A1/2, B7/8, C7/7, DR1/3, DQ2/5",human,Homo sapiens,FIU1JONN,9606,Missing: Not collected,Missing: Not collected,UCSDMI,University of California San Diego Microbiome Initiative,2016-10-14T17:01:47Z,2016-10-14T01:31:44Z,public,Illumina MiSeq,39.76,10564.FIU1JONN,SINGLE,PCR,METAGENOMIC,-104.88,Missing: Not applicable,Missing: Not applicable,human gut metagenome,Missing: Not applicable,Missing: Not applicable,Missing: Not applicable,Missing: Not applicable,Missing: Not applicable,Missing: Not applicable,Missing: Not applicable,Missing: Not applicable,FWD:GTGCCAGCMGCCGCGGTAA; REV:GGACTACHVGGGTWTCTAAT,"University of Colorado, Anschutz",FALSE,Missing: Not applicable,ILLUMINA,GTGCCAGCMGCCGCGGTAA,Missing: Not collected,Missing: Not applicable,2016-10-18T00:00:00Z,Missing: Not applicable,"Daniel Frank Laboratory, University of Colorado, Anschutz",2015,FIU1JONN-R1,UC-Anschutz,SAMEA4506965,qiita_sid_10564:10564.FIU1JONN,stool,sequencing by synthesis,female,Missing: Not applicable,ERP017899,qiita_sid_10564:10564.FIU1JONN,Missing: Not applicable,16S rRNA,V4,Missing: Not applicable,Missing: Not applicable,Missing: Not applicable,2016-10-18T16:44:00Z,1,Missing: not collected,Missing: Not applicable,Missing: Not collected,300,120987823,Missing: Not applicable
AB+,ERR1688270,33,years,positive,gut,yes,yes,OTHER,PRJEB16057,SAMEA4506966,A-,A+,21,UBERON:feces,UBERON:feces,UBERON:feces,52429295,"Daniel Frank Laboratory, University of Colorado, Anschutz",UNIVERSITY OF CALIFORNIA SAN DIEGO MICROBIOME INIT,Stem cell,Flu/Treo/TBI,negative,Missing: Restricted access,Intermediate intensity,public,yes,abnormal,"run.zq,fastq,sra","ncbi,ena,s3,gs","ena,ncbi.public,s3.us-east-1,gs.us-east1",Missing: Not applicable,14,16,0,AML,remission,TRUE,positive,8/10,male,positive,5/10,male,Missing: Not applicable,Patient,cord+cord,cord,1564,2016-10-14,2016-10-14,2018-11-16,2016-10-14,urban biome,human-associated habitat,feces,human-gut,Missing: Not applicable,ERX1757887,SAMEA4506966,USA,North America,USA:CO,"A2/26, B15/51, C3/4, DR4/15, DQ3/6",human,Homo sapiens,FPEBR7P4,9606,bacteremia,yes,UCSDMI,University of California San Diego Microbiome Initiative,2016-10-14T17:01:47Z,2016-10-14T01:31:44Z,public,Illumina MiSeq,39.76,10564.FPEBR7P4,SINGLE,PCR,METAGENOMIC,-104.88,no,yes,human gut metagenome,100,100,100,100,100,100,100,100,FWD:GTGCCAGCMGCCGCGGTAA; REV:GGACTACHVGGGTWTCTAAT,"University of Colorado, Anschutz",FALSE,yes,ILLUMINA,GTGCCAGCMGCCGCGGTAA,white,no,2016-10-18T00:00:00Z,100,"Daniel Frank Laboratory, University of Colorado, Anschutz",2015,FPEBR7P4-R1,UC-Anschutz,SAMEA4506966,qiita_sid_10564:10564.FPEBR7P4,stool,sequencing by synthesis,female,no,ERP017899,qiita_sid_10564:10564.FPEBR7P4,no,16S rRNA,V4,51,51,Missing: Not applicable,2016-10-18T16:44:00Z,1,"HSV, VZV",,IBD,300,108085301,Stage 3
AB+,ERR1688271,70,years,negative,None documented,no,yes,OTHER,PRJEB16057,SAMEA4506967,A-,Missing: Not applicable,23,UBERON:feces,UBERON:feces,UBERON:feces,43416568,"Daniel Frank Laboratory, University of Colorado, Anschutz",UNIVERSITY OF CALIFORNIA SAN DIEGO MICROBIOME INIT,Stem cell,Flu/TBI,positive,Missing: Restricted access,Low intensity,public,no,abnormal,"fastq,sra,run.zq","s3,gs,ena,ncbi","s3.us-east-1,ncbi.public,ena,gs.us-east1",Missing: Not applicable,20,14,0,ALL,remission,TRUE,negative,10/10,male,Missing: Not applicable,Missing: not applicable,Missing: Not applicable,Missing: Not applicable,Patient,pbsc,unrelated,1564,2016-10-14,2016-10-14,2018-11-16,2016-10-14,urban biome,human-associated habitat,feces,human-gut,Missing: Not applicable,ERX1757888,SAMEA4506967,USA,North America,USA:CO,"A2/3, B7/44, C5/7, DR1/15, DQ5/6",human,Homo sapiens,GETLNC9Z,9606,Missing: Not applicable,no,UCSDMI,University of California San Diego Microbiome Initiative,2016-10-14T17:01:47Z,2016-10-14T01:31:44Z,public,Illumina MiSeq,39.76,10564.GETLNC9Z,SINGLE,PCR,METAGENOMIC,-104.88,no,yes,human gut metagenome,95,45,70,46,95,50,70,50,FWD:GTGCCAGCMGCCGCGGTAA; REV:GGACTACHVGGGTWTCTAAT,"University of Colorado, Anschutz",FALSE,yes,ILLUMINA,GTGCCAGCMGCCGCGGTAA,white,no,2016-10-18T00:00:00Z,180,"Daniel Frank Laboratory, University of Colorado, Anschutz",2015,GETLNC9Z-R1,UC-Anschutz,SAMEA4506967,qiita_sid_10564:10564.GETLNC9Z,stool,sequencing by synthesis,male,no,ERP017899,qiita_sid_10564:10564.GETLNC9Z,yes,16S rRNA,V4,Missing: Not applicable,Missing: Not applicable,Missing: Not applicable,2016-10-18T16:44:00Z,1,VZV,neutropenic fever 7/2013; rhinovirus 8/2013; E coli bacteremia 12/2013,"Crohn, ileum resection, cholecystectomy, appendectomy, GERD, chronic pancreatitis",300,86838400,Stage 2
O+,ERR1688272,73,years,negative,None documented,no,yes,OTHER,PRJEB16057,SAMEA4506968,A+,Missing: Not applicable,28,UBERON:feces,UBERON:feces,UBERON:feces,23706978,"Daniel Frank Laboratory, University of Colorado, Anschutz",UNIVERSITY OF CALIFORNIA SAN DIEGO MICROBIOME INIT,Stem cell,Flu/TBI,positive,Missing: Restricted access,Low intensity,public,no,abnormal,"sra,fastq,run.zq","ncbi,gs,s3,ena","ncbi.public,ena,gs.us-east1,s3.us-east-1",76,19,9,0,AML,refractory,TRUE,negative,10/10,male,Missing: Not applicable,Missing: not applicable,Missing: Not applicable,0QP6NJCM,Patient,pbsc,related,1564,2016-10-14,2016-10-14,2018-11-16,2016-10-14,urban biome,human-associated habitat,feces,human-gut,Missing: Not applicable,ERX1757889,SAMEA4506968,USA,North America,USA:CO,"A3/29, B44/44, C2/16, DR1/7, DQ2/5",human,Homo sapiens,GXRXGLH3,9606,Missing: Not applicable,no,UCSDMI,University of California San Diego Microbiome Initiative,2016-10-14T17:01:47Z,2016-10-14T01:31:44Z,public,Illumina MiSeq,39.76,10564.GXRXGLH3,SINGLE,PCR,METAGENOMIC,-104.88,no,yes,human gut metagenome,Missing: Not collected,64,Missing: Not collected,66,Missing: Not applicable,48,Missing: Not applicable,95,FWD:GTGCCAGCMGCCGCGGTAA; REV:GGACTACHVGGGTWTCTAAT,"University of Colorado, Anschutz",FALSE,yes,ILLUMINA,GTGCCAGCMGCCGCGGTAA,white,yes,2016-10-18T00:00:00Z,100,"Daniel Frank Laboratory, University of Colorado, Anschutz",2015,GXRXGLH3-R1,UC-Anschutz,SAMEA4506968,qiita_sid_10564:10564.GXRXGLH3,stool,sequencing by synthesis,male,no,ERP017899,qiita_sid_10564:10564.GXRXGLH3,yes,16S rRNA,V4,Missing: Not applicable,Missing: Not applicable,Missing: Not applicable,2016-10-18T16:44:00Z,1,HSV,,GIB,300,48008992,
O+,ERR1688273,27,years,positive,"skin, upper gut",Grade II,yes,OTHER,PRJEB16057,SAMEA4506969,A+,A-,31,UBERON:feces,UBERON:feces,UBERON:feces,48814065,"Daniel Frank Laboratory, University of Colorado, Anschutz",UNIVERSITY OF CALIFORNIA SAN DIEGO MICROBIOME INIT,Stem cell,Flu/Cy/TBI (13G),positive,Missing: Restricted access,High intensity,public,yes,abnormal,"sra,fastq,run.zq","ena,ncbi,gs,s3","s3.us-east-1,ncbi.public,ena,gs.us-east1",Missing: Not applicable,27,35,0,ALL,remission,TRUE,positive,7/10,female,negative,6/8,male,Missing: Not applicable,Patient,cord+cord,unrelated,1564,2016-10-14,2016-10-14,2018-11-16,2016-10-14,urban biome,human-associated habitat,feces,human-gut,Missing: Not applicable,ERX1757890,SAMEA4506969,USA,North America,USA:CO,"A2/3, B44/44, C5/7, DR4/15, DQ3/6",human,Homo sapiens,H6TOS3QE,9606,port infection,yes,UCSDMI,University of California San Diego Microbiome Initiative,2016-10-14T17:01:47Z,2016-10-14T01:31:44Z,public,Illumina MiSeq,39.76,10564.H6TOS3QE,SINGLE,PCR,METAGENOMIC,-104.88,no,yes,human gut metagenome,100,95,100,95,100,95,100,92,FWD:GTGCCAGCMGCCGCGGTAA; REV:GGACTACHVGGGTWTCTAAT,"University of Colorado, Anschutz",FALSE,yes,ILLUMINA,GTGCCAGCMGCCGCGGTAA,hispanic,no,2016-10-18T00:00:00Z,180,"Daniel Frank Laboratory, University of Colorado, Anschutz",2015,H6TOS3QE-R1,UC-Anschutz,SAMEA4506969,qiita_sid_10564:10564.H6TOS3QE,stool,sequencing by synthesis,male,no,ERP017899,qiita_sid_10564:10564.H6TOS3QE,no,16S rRNA,V4,50,50,Missing: Not applicable,2016-10-18T16:44:00Z,1,"VZV, Rhinovirus",Rhinovirus,appendectomy,300,100142163,Stage 1
A+,ERR1688274,22,years,negative,None documented,no,yes,OTHER,PRJEB16057,SAMEA4506970,A+,Missing: Not applicable,24,UBERON:feces,UBERON:feces,UBERON:feces,31978129,"Daniel Frank Laboratory, University of Colorado, Anschutz",UNIVERSITY OF CALIFORNIA SAN DIEGO MICROBIOME INIT,Stem cell,Cy/ATG,positive,Missing: Restricted access,Low intensity,public,yes,normal,"run.zq,sra,fastq","gs,s3,ncbi,ena","gs.us-east1,s3.us-east-1,ena,ncbi.public",Missing: Not applicable,17,10,0,AA,refractory,TRUE,positive,10/10,female,Missing: Not applicable,Missing: not applicable,Missing: Not applicable,KZL25H0F,Patient,marrow,related,1564,2016-10-14,2016-10-14,2018-11-16,2016-10-14,urban biome,human-associated habitat,feces,human-gut,Missing: Not applicable,ERX1757891,SAMEA4506970,USA,North America,USA:CO,"A1/2, B8/44, C7/16, DR4/7, DQ2/3",human,Homo sapiens,HBPTFIN5,9606,unclear,yes,UCSDMI,University of California San Diego Microbiome Initiative,2016-10-14T17:01:47Z,2016-10-14T01:31:44Z,public,Illumina MiSeq,39.76,10564.HBPTFIN5,SINGLE,PCR,METAGENOMIC,-104.88,yes,no,human gut metagenome,Missing: Not collected,Missing: Not collected,Missing: Not collected,100,Missing: Not applicable,Missing: Not applicable,Missing: Not applicable,100,FWD:GTGCCAGCMGCCGCGGTAA; REV:GGACTACHVGGGTWTCTAAT,"University of Colorado, Anschutz",FALSE,yes,ILLUMINA,GTGCCAGCMGCCGCGGTAA,white,no,2016-10-18T00:00:00Z,100,"Daniel Frank Laboratory, University of Colorado, Anschutz",2015,HBPTFIN5-R1,UC-Anschutz,SAMEA4506970,qiita_sid_10564:10564.HBPTFIN5,stool,sequencing by synthesis,male,no,ERP017899,qiita_sid_10564:10564.HBPTFIN5,no,16S rRNA,V4,Missing: Not applicable,Missing: Not applicable,Missing: Not applicable,2016-10-18T16:44:00Z,1,"EBV, HSV, VZV","RSV, folliculitis",,300,64018142,
B+,ERR1688275,Missing: Not collected,years,Missing: Not applicable,Missing: Not applicable,Missing: Not applicable,Missing: Not applicable,OTHER,PRJEB16057,SAMEA4506971,Missing: Not applicable,Missing: Not applicable,Missing: Not collected,UBERON:feces,UBERON:feces,UBERON:feces,49007562,"Daniel Frank Laboratory, University of Colorado, Anschutz",UNIVERSITY OF CALIFORNIA SAN DIEGO MICROBIOME INIT,Stem cell,Missing: Not applicable,positive,Missing: Restricted access,Missing: Not applicable,public,Missing: Not applicable,Missing: Not applicable,"fastq,run.zq,sra","ena,gs,s3,ncbi","gs.us-east1,s3.us-east-1,ncbi.public,ena",Missing: Not applicable,Missing: Not applicable,Missing: Not applicable,Missing: Not applicable,Missing: Not applicable,Missing: Not applicable,TRUE,Missing: Not applicable,Missing: not applicable,Missing: Not applicable,Missing: Not applicable,Missing: not applicable,Missing: Not applicable,Missing: Not applicable,Donor,Missing: Not applicable,Missing: Not applicable,1564,2016-10-14,2016-10-14,2018-11-16,2016-10-14,urban biome,human-associated habitat,feces,human-gut,Missing: Not applicable,ERX1757892,SAMEA4506971,USA,North America,USA:CO,"A1/24, B35/51, C8/15, DR4/12, DQ3/4",human,Homo sapiens,HYEURJVG,9606,Missing: Not collected,Missing: Not collected,UCSDMI,University of California San Diego Microbiome Initiative,2016-10-14T17:01:47Z,2016-10-14T01:31:44Z,public,Illumina MiSeq,39.76,10564.HYEURJVG,SINGLE,PCR,METAGENOMIC,-104.88,Missing: Not applicable,Missing: Not applicable,human gut metagenome,Missing: Not applicable,Missing: Not applicable,Missing: Not applicable,Missing: Not applicable,Missing: Not applicable,Missing: Not applicable,Missing: Not applicable,Missing: Not applicable,FWD:GTGCCAGCMGCCGCGGTAA; REV:GGACTACHVGGGTWTCTAAT,"University of Colorado, Anschutz",FALSE,Missing: Not applicable,ILLUMINA,GTGCCAGCMGCCGCGGTAA,Missing: Not collected,Missing: Not applicable,2016-10-18T00:00:00Z,Missing: Not applicable,"Daniel Frank Laboratory, University of Colorado, Anschutz",2015,HYEURJVG-R1,UC-Anschutz,SAMEA4506971,qiita_sid_10564:10564.HYEURJVG,stool,sequencing by synthesis,female,Missing: Not applicable,ERP017899,qiita_sid_10564:10564.HYEURJVG,Missing: Not applicable,16S rRNA,V4,Missing: Not applicable,Missing: Not applicable,Missing: Not applicable,2016-10-18T16:44:00Z,1,Missing: not collected,Missing: Not applicable,Missing: Not collected,300,101872075,Missing: Not applicable
A-,ERR1688276,54,years,negative,skin,Grade II,yes,OTHER,PRJEB16057,SAMEA4506972,O-,Missing: Not applicable,30,UBERON:feces,UBERON:feces,UBERON:feces,34902628,"Daniel Frank Laboratory, University of Colorado, Anschutz",UNIVERSITY OF CALIFORNIA SAN DIEGO MICROBIOME INIT,Stem cell,Bu/Cy,negative,Missing: Restricted access,High intensity,public,no,abnormal,"sra,run.zq,fastq","gs,s3,ena,ncbi","ena,gs.us-east1,s3.us-east-1,ncbi.public",78,11,12,0,CML,refractory,TRUE,negative,10/10,male,Missing: Not applicable,Missing: not applicable,Missing: Not applicable,Missing: Not applicable,Patient,pbsc,unrelated,1564,2016-10-14,2016-10-14,2018-11-16,2016-10-14,urban biome,human-associated habitat,feces,human-gut,Missing: Not applicable,ERX1757893,SAMEA4506972,USA,North America,USA:CO,"A2/31, B7/51, C7/15, DR4/11, DQ3/3",human,Homo sapiens,KIZIOL89,9606,Missing: Not applicable,no,UCSDMI,University of California San Diego Microbiome Initiative,2016-10-14T17:01:47Z,2016-10-14T01:31:44Z,public,Illumina MiSeq,39.76,10564.KIZIOL89,SINGLE,PCR,METAGENOMIC,-104.88,yes,no,human gut metagenome,100,100,100,100,100,100,100,100,FWD:GTGCCAGCMGCCGCGGTAA; REV:GGACTACHVGGGTWTCTAAT,"University of Colorado, Anschutz",FALSE,yes,ILLUMINA,GTGCCAGCMGCCGCGGTAA,white,yes,2016-10-18T00:00:00Z,180,"Daniel Frank Laboratory, University of Colorado, Anschutz",2015,KIZIOL89-R1,UC-Anschutz,SAMEA4506972,qiita_sid_10564:10564.KIZIOL89,stool,sequencing by synthesis,male,no,ERP017899,qiita_sid_10564:10564.KIZIOL89,yes,16S rRNA,V4,39,39,Missing: Not applicable,2016-10-18T16:44:00Z,1,,"bacteremia, C difficile, cholecystitis","GERD, esophageal tear",300,72962611,Stage 2
A+,ERR1688277,Missing: Not collected,years,Missing: Not applicable,Missing: Not applicable,Missing: Not applicable,Missing: Not applicable,OTHER,PRJEB16057,SAMEA4506973,Missing: Not applicable,Missing: Not applicable,Missing: Not collected,UBERON:feces,UBERON:feces,UBERON:feces,49638382,"Daniel Frank Laboratory, University of Colorado, Anschutz",UNIVERSITY OF CALIFORNIA SAN DIEGO MICROBIOME INIT,Stem cell,Missing: Not applicable,positive,Missing: Restricted access,Missing: Not applicable,public,Missing: Not applicable,Missing: Not applicable,"run.zq,sra,fastq","ena,gs,s3,ncbi","ncbi.public,gs.us-east1,ena,s3.us-east-1",Missing: Not applicable,Missing: Not applicable,Missing: Not applicable,Missing: Not applicable,Missing: Not applicable,Missing: Not applicable,TRUE,Missing: Not applicable,Missing: not applicable,Missing: Not applicable,Missing: Not applicable,Missing: not applicable,Missing: Not applicable,Missing: Not applicable,Donor,Missing: Not applicable,Missing: Not applicable,1564,2016-10-14,2016-10-14,2018-11-16,2016-10-14,urban biome,human-associated habitat,feces,human-gut,Missing: Not applicable,ERX1757894,SAMEA4506973,USA,North America,USA:CO,"A1/2, B8/44, C7/16, DR4/7, DQ2/3",human,Homo sapiens,KZL25H0F,9606,Missing: Not collected,Missing: Not collected,UCSDMI,University of California San Diego Microbiome Initiative,2016-10-14T17:01:47Z,2016-10-14T01:31:44Z,public,Illumina MiSeq,39.76,10564.KZL25H0F,SINGLE,PCR,METAGENOMIC,-104.88,Missing: Not applicable,Missing: Not applicable,human gut metagenome,Missing: Not applicable,Missing: Not applicable,Missing: Not applicable,Missing: Not applicable,Missing: Not applicable,Missing: Not applicable,Missing: Not applicable,Missing: Not applicable,FWD:GTGCCAGCMGCCGCGGTAA; REV:GGACTACHVGGGTWTCTAAT,"University of Colorado, Anschutz",FALSE,Missing: Not applicable,ILLUMINA,GTGCCAGCMGCCGCGGTAA,Missing: Not collected,Missing: Not applicable,2016-10-18T00:00:00Z,Missing: Not applicable,"Daniel Frank Laboratory, University of Colorado, Anschutz",2015,KZL25H0F-R1,UC-Anschutz,SAMEA4506973,qiita_sid_10564:10564.KZL25H0F,stool,sequencing by synthesis,female,Missing: Not applicable,ERP017899,qiita_sid_10564:10564.KZL25H0F,Missing: Not applicable,16S rRNA,V4,Missing: Not applicable,Missing: Not applicable,Missing: Not applicable,2016-10-18T16:44:00Z,1,Missing: not collected,Missing: Not applicable,Missing: Not collected,300,102897335,Missing: Not applicable
O+,ERR1688278,Missing: Not collected,years,Missing: Not applicable,Missing: Not applicable,Missing: Not applicable,Missing: Not applicable,OTHER,PRJEB16057,SAMEA4506974,Missing: Not applicable,Missing: Not applicable,Missing: Not collected,UBERON:feces,UBERON:feces,UBERON:feces,27545428,"Daniel Frank Laboratory, University of Colorado, Anschutz",UNIVERSITY OF CALIFORNIA SAN DIEGO MICROBIOME INIT,Stem cell,Missing: Not applicable,negative,Missing: Restricted access,Missing: Not applicable,public,Missing: Not applicable,Missing: Not applicable,"run.zq,fastq,sra","ncbi,gs,ena,s3","s3.us-east-1,ncbi.public,gs.us-east1,ena",Missing: Not applicable,Missing: Not applicable,Missing: Not applicable,Missing: Not applicable,Missing: Not applicable,Missing: Not applicable,TRUE,Missing: Not applicable,Missing: not applicable,Missing: Not applicable,Missing: Not applicable,Missing: not applicable,Missing: Not applicable,Missing: Not applicable,Donor,Missing: Not applicable,Missing: Not applicable,1564,2016-10-14,2016-10-14,2018-11-16,2016-10-14,urban biome,human-associated habitat,feces,human-gut,Missing: Not applicable,ERX1757895,SAMEA4506974,USA,North America,USA:CO,"A2/2, B8/39, C7/7, DR3/8, DQ2/4",human,Homo sapiens,LE2JYPJ8,9606,Missing: Not collected,Missing: Not collected,UCSDMI,University of California San Diego Microbiome Initiative,2016-10-14T17:01:47Z,2016-10-14T01:31:44Z,public,Illumina MiSeq,39.76,10564.LE2JYPJ8,SINGLE,PCR,METAGENOMIC,-104.88,Missing: Not applicable,Missing: Not applicable,human gut metagenome,Missing: Not applicable,Missing: Not applicable,Missing: Not applicable,Missing: Not applicable,Missing: Not applicable,Missing: Not applicable,Missing: Not applicable,Missing: Not applicable,FWD:GTGCCAGCMGCCGCGGTAA; REV:GGACTACHVGGGTWTCTAAT,"University of Colorado, Anschutz",FALSE,Missing: Not applicable,ILLUMINA,GTGCCAGCMGCCGCGGTAA,Missing: Not collected,Missing: Not applicable,2016-10-18T00:00:00Z,Missing: Not applicable,"Daniel Frank Laboratory, University of Colorado, Anschutz",2015,LE2JYPJ8-R1,UC-Anschutz,SAMEA4506974,qiita_sid_10564:10564.LE2JYPJ8,stool,sequencing by synthesis,female,Missing: Not applicable,ERP017899,qiita_sid_10564:10564.LE2JYPJ8,Missing: Not applicable,16S rRNA,V4,Missing: Not applicable,Missing: Not applicable,Missing: Not applicable,2016-10-29T11:29:00Z,1,Missing: not collected,Missing: Not applicable,Missing: Not collected,,,Missing: Not applicable
O+,ERR1688279,71,years,positive,gut,Grade IV,yes,OTHER,PRJEB16057,SAMEA4506975,O-,O+,29,UBERON:feces,UBERON:feces,UBERON:feces,68936967,"Daniel Frank Laboratory, University of Colorado, Anschutz",UNIVERSITY OF CALIFORNIA SAN DIEGO MICROBIOME INIT,Stem cell,Flu/Cy/TBI,positive,Missing: Restricted access,Intermediate intensity,public,yes,normal,"run.zq,sra,fastq","ena,ncbi,s3,gs","s3.us-east-1,gs.us-east1,ena,ncbi.public",Missing: Not applicable,22,34,1,AML,refractory,TRUE,positive,8/10,female,positive,6/8,female,Missing: Not applicable,Patient,cord+cord,cord,1564,2016-10-14,2016-10-14,2018-11-16,2016-10-14,urban biome,human-associated habitat,feces,human-gut,aGVHD/Infection,ERX1757896,SAMEA4506975,USA,North America,USA:CO,"A1/3, B8/40, C3/7, DR3/13, DQ2/6",human,Homo sapiens,M276ODRH,9606,"cellulitis, bacteremia",yes,UCSDMI,University of California San Diego Microbiome Initiative,2016-10-14T17:01:47Z,2016-10-14T01:31:44Z,public,Illumina MiSeq,39.76,10564.M276ODRH,SINGLE,PCR,METAGENOMIC,-104.88,no,yes,human gut metagenome,Missing: Not applicable,100,Missing: Not applicable,100,Missing: Not applicable,Missing: Not collected,Missing: Not applicable,Missing: Not collected,FWD:GTGCCAGCMGCCGCGGTAA; REV:GGACTACHVGGGTWTCTAAT,"University of Colorado, Anschutz",FALSE,yes,ILLUMINA,GTGCCAGCMGCCGCGGTAA,white,no,2016-10-18T00:00:00Z,128,"Daniel Frank Laboratory, University of Colorado, Anschutz",2015,M276ODRH-R1,UC-Anschutz,SAMEA4506975,qiita_sid_10564:10564.M276ODRH,stool,sequencing by synthesis,male,no,ERP017899,qiita_sid_10564:10564.M276ODRH,no,16S rRNA,V4,83,83,128,2016-10-18T16:44:00Z,1,"HSV, VZV","CMV viremia, peritonitis, septic shock","GERD, ileus",300,146449342,
A+,ERR1688280,57,years,negative,liver,yes,yes,OTHER,PRJEB16057,SAMEA4506976,O+,Missing: Not applicable,24,UBERON:feces,UBERON:feces,UBERON:feces,37788490,"Daniel Frank Laboratory, University of Colorado, Anschutz",UNIVERSITY OF CALIFORNIA SAN DIEGO MICROBIOME INIT,Stem cell,Flu/TBI,positive,Missing: Restricted access,Low intensity,public,no,normal,"fastq,sra,run.zq","ncbi,s3,gs,ena","ena,ncbi.public,s3.us-east-1,gs.us-east1",Missing: Not collected,17,10,1,MDS,refractory,TRUE,positive,10/10,male,Missing: Not applicable,Missing: not applicable,Missing: Not applicable,0WRD31TT,Patient,pbsc,related,1564,2016-10-14,2016-10-14,2018-11-16,2016-10-14,urban biome,human-associated habitat,feces,human-gut,Relapse,ERX1757897,SAMEA4506976,USA,North America,USA:CO,"A1/2, B18/57, C6/12, DR7/11, DQ3/3",human,Homo sapiens,M74HXLZQ,9606,hepatitis C,yes,UCSDMI,University of California San Diego Microbiome Initiative,2016-10-14T17:01:47Z,2016-10-14T01:31:44Z,public,Illumina MiSeq,39.76,10564.M74HXLZQ,SINGLE,PCR,METAGENOMIC,-104.88,no,yes,human gut metagenome,Missing: Not collected,94,95,74,Missing: Not collected,Missing: Not collected,Missing: Not collected,Missing: Not collected,FWD:GTGCCAGCMGCCGCGGTAA; REV:GGACTACHVGGGTWTCTAAT,"University of Colorado, Anschutz",FALSE,yes,ILLUMINA,GTGCCAGCMGCCGCGGTAA,white,yes,2016-10-18T00:00:00Z,389,"Daniel Frank Laboratory, University of Colorado, Anschutz",2015,M74HXLZQ-R1,UC-Anschutz,SAMEA4506976,qiita_sid_10564:10564.M74HXLZQ,stool,sequencing by synthesis,male,no,ERP017899,qiita_sid_10564:10564.M74HXLZQ,yes,16S rRNA,V4,51,51,389,2016-10-18T16:44:00Z,1,"VZV, HSV, Hepatitis C",chronic hepatitis C on INF; thigh cellulitis 8/2013,"Hepatitis C, liver transplant, chronic diarrhea- malabsorption, splenectomy",300,79192691,
O+,ERR1688281,Missing: Not collected,years,Missing: Not applicable,Missing: Not applicable,Missing: Not applicable,Missing: Not applicable,OTHER,PRJEB16057,SAMEA4506977,Missing: Not applicable,Missing: Not applicable,Missing: Not collected,UBERON:feces,UBERON:feces,UBERON:feces,34259095,"Daniel Frank Laboratory, University of Colorado, Anschutz",UNIVERSITY OF CALIFORNIA SAN DIEGO MICROBIOME INIT,Stem cell,Missing: Not applicable,positive,Missing: Restricted access,Missing: Not applicable,public,Missing: Not applicable,Missing: Not applicable,"fastq,sra,run.zq","s3,ncbi,ena,gs","ena,gs.us-east1,s3.us-east-1,ncbi.public",Missing: Not applicable,Missing: Not applicable,Missing: Not applicable,Missing: Not applicable,Missing: Not applicable,Missing: Not applicable,TRUE,Missing: Not applicable,Missing: not applicable,Missing: Not applicable,Missing: Not applicable,Missing: not applicable,Missing: Not applicable,Missing: Not applicable,Donor,Missing: Not applicable,Missing: Not applicable,1564,2016-10-14,2016-10-14,2018-11-16,2016-10-14,urban biome,human-associated habitat,feces,human-gut,Missing: Not applicable,ERX1757898,SAMEA4506977,USA,North America,USA:CO,"A24/31, B35/39, C4/7, DR4/6, DQ3/3",human,Homo sapiens,N4CQWP8N,9606,Missing: Not collected,Missing: Not collected,UCSDMI,University of California San Diego Microbiome Initiative,2016-10-14T17:01:47Z,2016-10-14T01:31:44Z,public,Illumina MiSeq,39.76,10564.N4CQWP8N,SINGLE,PCR,METAGENOMIC,-104.88,Missing: Not applicable,Missing: Not applicable,human gut metagenome,Missing: Not applicable,Missing: Not applicable,Missing: Not applicable,Missing: Not applicable,Missing: Not applicable,Missing: Not applicable,Missing: Not applicable,Missing: Not applicable,FWD:GTGCCAGCMGCCGCGGTAA; REV:GGACTACHVGGGTWTCTAAT,"University of Colorado, Anschutz",FALSE,Missing: Not applicable,ILLUMINA,GTGCCAGCMGCCGCGGTAA,Missing: Not collected,Missing: Not applicable,2016-10-18T00:00:00Z,Missing: Not applicable,"Daniel Frank Laboratory, University of Colorado, Anschutz",2015,N4CQWP8N-R1,UC-Anschutz,SAMEA4506977,qiita_sid_10564:10564.N4CQWP8N,stool,sequencing by synthesis,female,Missing: Not applicable,ERP017899,qiita_sid_10564:10564.N4CQWP8N,Missing: Not applicable,16S rRNA,V4,Missing: Not applicable,Missing: Not applicable,Missing: Not applicable,2016-10-18T16:45:00Z,1,Missing: not collected,Missing: Not applicable,Missing: Not collected,300,69809856,Missing: Not applicable
A+,ERR1688282,48,years,negative,None documented,no,yes,OTHER,PRJEB16057,SAMEA4506978,O+,A+,31,UBERON:feces,UBERON:feces,UBERON:feces,15325098,"Daniel Frank Laboratory, University of Colorado, Anschutz",UNIVERSITY OF CALIFORNIA SAN DIEGO MICROBIOME INIT,Stem cell,Flu/Cy/Thio/TBI,positive,Missing: Restricted access,Intermediate intensity,public,yes,abnormal,"sra,fastq,run.zq","gs,ncbi,ena,s3","gs.us-east1,ncbi.public,ena,s3.us-east-1",Missing: Not applicable,32,29,0,AML,remission,TRUE,negative,5/6,female,negative,5/6,female,Missing: Not applicable,Patient,cord+cord,unrelated,1564,2016-10-14,2016-10-14,2018-11-16,2016-10-14,urban biome,human-associated habitat,feces,human-gut,Missing: Not applicable,ERX1757899,SAMEA4506978,USA,North America,USA:CO,"A24/25, B18/52, C12/12, DR15/15, DQ6/6",human,Homo sapiens,N6YWXQDS,9606,"diarrhea, fever",yes,UCSDMI,University of California San Diego Microbiome Initiative,2016-10-14T17:01:47Z,2016-10-14T01:31:44Z,public,Illumina MiSeq,39.76,10564.N6YWXQDS,SINGLE,PCR,METAGENOMIC,-104.88,no,yes,human gut metagenome,100,100,100,100,100,100,100,100,FWD:GTGCCAGCMGCCGCGGTAA; REV:GGACTACHVGGGTWTCTAAT,"University of Colorado, Anschutz",FALSE,yes,ILLUMINA,GTGCCAGCMGCCGCGGTAA,asian,no,2016-10-18T00:00:00Z,100,"Daniel Frank Laboratory, University of Colorado, Anschutz",2015,N6YWXQDS-R1,UC-Anschutz,SAMEA4506978,qiita_sid_10564:10564.N6YWXQDS,stool,sequencing by synthesis,male,no,ERP017899,qiita_sid_10564:10564.N6YWXQDS,no,16S rRNA,V4,Missing: Not applicable,Missing: Not applicable,Missing: Not applicable,2016-10-18T16:45:00Z,1,VZV,"C difficile, rhinovirus",Perirectal abscess,300,30697660,Stage 1
O-,ERR1688283,60,years,positive,gut,Grade II,yes,OTHER,PRJEB16057,SAMEA4506979,O+,O+,23,UBERON:feces,UBERON:feces,UBERON:feces,66586384,"Daniel Frank Laboratory, University of Colorado, Anschutz",UNIVERSITY OF CALIFORNIA SAN DIEGO MICROBIOME INIT,Stem cell,Flu/Cy/Thio/TBI,positive,Missing: Restricted access,Intermediate intensity,public,yes,normal,"sra,run.zq,fastq","gs,ena,ncbi,s3","ena,s3.us-east-1,ncbi.public,gs.us-east1",Missing: Not applicable,18,26,1,AML,remission,TRUE,negative,10/10,female,negative,10/10,male,Missing: Not applicable,Patient,cord+cord,cord,1564,2016-10-14,2016-10-14,2018-11-16,2016-10-14,urban biome,human-associated habitat,feces,human-gut,Respiratory failure,ERX1757900,SAMEA4506979,USA,North America,USA:CO,"A1/2,B8/44, C5/7, DR1/3, DQ2/5",human,Homo sapiens,N9HR3VCU,9606,"Fungal pneumonia, parainfluenza virus",yes,UCSDMI,University of California San Diego Microbiome Initiative,2016-10-14T17:01:47Z,2016-10-14T01:31:44Z,public,Illumina MiSeq,39.76,10564.N9HR3VCU,SINGLE,PCR,METAGENOMIC,-104.88,no,yes,human gut metagenome,Missing: Not applicable,100,Missing: Not applicable,100,Missing: Not applicable,Missing: Not collected,100,Missing: Not collected,FWD:GTGCCAGCMGCCGCGGTAA; REV:GGACTACHVGGGTWTCTAAT,"University of Colorado, Anschutz",FALSE,yes,ILLUMINA,GTGCCAGCMGCCGCGGTAA,white,no,2016-10-18T00:00:00Z,169,"Daniel Frank Laboratory, University of Colorado, Anschutz",2015,N9HR3VCU-R1,UC-Anschutz,SAMEA4506979,qiita_sid_10564:10564.N9HR3VCU,stool,sequencing by synthesis,male,no,ERP017899,qiita_sid_10564:10564.N9HR3VCU,no,16S rRNA,V4,61,61,169,2016-10-18T16:45:00Z,1,"HSV, VZV",pneumonia,"GERD, appendectomy",300,137985728,
O+,ERR1688284,49,years,negative,None documented,no,yes,OTHER,PRJEB16057,SAMEA4506980,O+,A+,37,UBERON:feces,UBERON:feces,UBERON:feces,33774172,"Daniel Frank Laboratory, University of Colorado, Anschutz",UNIVERSITY OF CALIFORNIA SAN DIEGO MICROBIOME INIT,Stem cell,Flu/Treo/TBI,positive,Missing: Restricted access,Intermediate intensity,public,yes,normal,"sra,fastq,run.zq","s3,ncbi,gs,ena","ncbi.public,ena,s3.us-east-1,gs.us-east1",Missing: Not applicable,29,40,0,ALL,refractory,TRUE,positive,5/8,female,positive,5/10,female,Missing: Not applicable,Patient,cord+cord,cord,1564,2016-10-14,2016-10-14,2018-11-16,2016-10-14,urban biome,human-associated habitat,feces,human-gut,Missing: Not applicable,ERX1757901,SAMEA4506980,USA,North America,USA:CO,"A30/31, B40/58, C3/7, DR4/13, DQ3/6",human,Homo sapiens,NBEZUYTS,9606,Missing: Not applicable,no,UCSDMI,University of California San Diego Microbiome Initiative,2016-10-14T17:01:47Z,2016-10-14T01:31:44Z,public,Illumina MiSeq,39.76,10564.NBEZUYTS,SINGLE,PCR,METAGENOMIC,-104.88,no,yes,human gut metagenome,Missing: Not collected,100,100,100,Missing: Not applicable,100,100,100,FWD:GTGCCAGCMGCCGCGGTAA; REV:GGACTACHVGGGTWTCTAAT,"University of Colorado, Anschutz",FALSE,yes,ILLUMINA,GTGCCAGCMGCCGCGGTAA,white,no,2016-10-18T00:00:00Z,180,"Daniel Frank Laboratory, University of Colorado, Anschutz",2015,NBEZUYTS-R1,UC-Anschutz,SAMEA4506980,qiita_sid_10564:10564.NBEZUYTS,stool,sequencing by synthesis,male,no,ERP017899,qiita_sid_10564:10564.NBEZUYTS,no,16S rRNA,V4,Missing: Not applicable,Missing: Not applicable,Missing: Not applicable,2016-10-18T16:45:00Z,1,"EBV, VZV","neck abscess, shingles, dental caries","diverticulitis, E coli diarrhea",300,68381796,
B+,ERR1688285,44,years,positive,gut,yes,yes,OTHER,PRJEB16057,SAMEA4506981,B+,Missing: Not applicable,18,UBERON:feces,UBERON:feces,UBERON:feces,36869191,"Daniel Frank Laboratory, University of Colorado, Anschutz",UNIVERSITY OF CALIFORNIA SAN DIEGO MICROBIOME INIT,Stem cell,Flu/TBI,positive,Missing: Restricted access,Low intensity,public,no,normal,"fastq,sra,run.zq","s3,ncbi,ena,gs","gs.us-east1,s3.us-east-1,ncbi.public,ena",Missing: Not applicable,18,9,1,AML,remission,TRUE,positive,10/10,male,Missing: Not applicable,Missing: not applicable,Missing: Not applicable,Missing: Not applicable,Patient,pbsc,related,1564,2016-10-14,2016-10-14,2018-11-16,2016-10-14,urban biome,human-associated habitat,feces,human-gut,Respiratory failure,ERX1757902,SAMEA4506981,USA,North America,USA:CO,"A11/24, B15/55, C1/4, DR8/11, DQ3/6",human,Homo sapiens,NQLWA6VI,9606,Missing: Not applicable,no,UCSDMI,University of California San Diego Microbiome Initiative,2016-10-14T17:01:47Z,2016-10-14T01:31:44Z,public,Illumina MiSeq,39.76,10564.NQLWA6VI,SINGLE,PCR,METAGENOMIC,-104.88,no,yes,human gut metagenome,Missing: Not applicable,64,Missing: Not applicable,65,Missing: Not applicable,Missing: Not collected,Missing: Not applicable,Missing: Not collected,FWD:GTGCCAGCMGCCGCGGTAA; REV:GGACTACHVGGGTWTCTAAT,"University of Colorado, Anschutz",FALSE,yes,ILLUMINA,GTGCCAGCMGCCGCGGTAA,asian,no,2016-10-18T00:00:00Z,177,"Daniel Frank Laboratory, University of Colorado, Anschutz",2015,NQLWA6VI-R1,UC-Anschutz,SAMEA4506981,qiita_sid_10564:10564.NQLWA6VI,stool,sequencing by synthesis,female,no,ERP017899,qiita_sid_10564:10564.NQLWA6VI,yes,16S rRNA,V4,46,46,177,2016-10-18T16:45:00Z,1,VZV,"VRE, fungal pneumonia, C difficile, bowel pneumatosis, CMV viremia","Celiac, gluten intolerance, gastroparesis, gastritis, GERD",300,75335901,
AB+,ERR1688286,48,years,negative,"skin, liver",Grade I,yes,OTHER,PRJEB16057,SAMEA4506982,AB+,Missing: Not applicable,27,UBERON:feces,UBERON:feces,UBERON:feces,34698563,"Daniel Frank Laboratory, University of Colorado, Anschutz",UNIVERSITY OF CALIFORNIA SAN DIEGO MICROBIOME INIT,Stem cell,Bu/Cy,positive,Missing: Restricted access,High intensity,public,no,abnormal,"sra,fastq,run.zq","ncbi,gs,ena,s3","ena,ncbi.public,s3.us-east-1,gs.us-east1",Missing: Not applicable,15,10,1,CML,refractory,TRUE,positive,10/10,female,Missing: Not applicable,Missing: not applicable,Missing: Not applicable,Missing: Not applicable,Patient,pbsc,related,1564,2016-10-14,2016-10-14,2018-11-16,2016-10-14,urban biome,human-associated habitat,feces,human-gut,ARDS/Respiratory failure,ERX1757903,SAMEA4506982,USA,North America,USA:CO,"A23/32, B7/39, C7/12, DR3/16, DQ2/5",human,Homo sapiens,NYYC95BI,9606,propionibacterium acnes,yes,UCSDMI,University of California San Diego Microbiome Initiative,2016-10-14T17:01:47Z,2016-10-14T01:31:44Z,public,Illumina MiSeq,39.76,10564.NYYC95BI,SINGLE,PCR,METAGENOMIC,-104.88,yes,no,human gut metagenome,Missing: Not applicable,100,Missing: Not collected,95,Missing: Not applicable,Missing: Not collected,Missing: Not collected,Missing: Not collected,FWD:GTGCCAGCMGCCGCGGTAA; REV:GGACTACHVGGGTWTCTAAT,"University of Colorado, Anschutz",FALSE,yes,ILLUMINA,GTGCCAGCMGCCGCGGTAA,white,no,2016-10-18T00:00:00Z,365,"Daniel Frank Laboratory, University of Colorado, Anschutz",2015,NYYC95BI-R1,UC-Anschutz,SAMEA4506982,qiita_sid_10564:10564.NYYC95BI,stool,sequencing by synthesis,male,no,ERP017899,qiita_sid_10564:10564.NYYC95BI,yes,16S rRNA,V4,28,28,345,2016-10-18T16:45:00Z,1,"EBV, HSV, VZV, BK","pneumonia, oral candida, CNS, rhinovirus",GERD,300,68410298,Stage 1
A+,ERR1688287,59,years,negative,None documented,no,yes,OTHER,PRJEB16057,SAMEA4506983,A+,A+,26,UBERON:feces,UBERON:feces,UBERON:feces,13341836,"Daniel Frank Laboratory, University of Colorado, Anschutz",UNIVERSITY OF CALIFORNIA SAN DIEGO MICROBIOME INIT,Stem cell,Flu/Cy/TBI,negative,Missing: Restricted access,Intermediate intensity,public,yes,normal,"sra,fastq,run.zq","ena,ncbi,s3,gs","ncbi.public,ena,gs.us-east1,s3.us-east-1",Missing: Not applicable,32,41,0,NHL,refractory,TRUE,positive,10/10,female,negative,10/10,male,Missing: Not applicable,Patient,cord+cord,cord,1564,2016-10-14,2016-10-14,2018-11-16,2016-10-14,urban biome,human-associated habitat,feces,human-gut,Missing: Not applicable,ERX1757904,SAMEA4506983,USA,North America,USA:CO,"A2/2, B8/50, C6/7, DR3/3, DQ2/2",human,Homo sapiens,O9G6DQH2,9606,pneumonia,yes,UCSDMI,University of California San Diego Microbiome Initiative,2016-10-14T17:01:47Z,2016-10-14T01:31:44Z,public,Illumina MiSeq,39.76,10564.O9G6DQH2,SINGLE,PCR,METAGENOMIC,-104.88,no,yes,human gut metagenome,Missing: Not collected,100,Missing: Not collected,96,Missing: Not applicable,96,Missing: Not applicable,71,FWD:GTGCCAGCMGCCGCGGTAA; REV:GGACTACHVGGGTWTCTAAT,"University of Colorado, Anschutz",FALSE,yes,ILLUMINA,GTGCCAGCMGCCGCGGTAA,white,no,2016-10-18T00:00:00Z,100,"Daniel Frank Laboratory, University of Colorado, Anschutz",2015,O9G6DQH2-R1,UC-Anschutz,SAMEA4506983,qiita_sid_10564:10564.O9G6DQH2,stool,sequencing by synthesis,female,no,ERP017899,qiita_sid_10564:10564.O9G6DQH2,no,16S rRNA,V4,Missing: Not applicable,Missing: Not applicable,Missing: Not applicable,2016-10-18T16:45:00Z,1,"EBV, HSV",,"GERD, cholecystectomy",300,27712312,Stage 1
A-,ERR1688288,Missing: Not collected,years,Missing: Not applicable,Missing: Not applicable,Missing: Not applicable,Missing: Not applicable,OTHER,PRJEB16057,SAMEA4506984,Missing: Not applicable,Missing: Not applicable,Missing: Not collected,UBERON:feces,UBERON:feces,UBERON:feces,39237764,"Daniel Frank Laboratory, University of Colorado, Anschutz",UNIVERSITY OF CALIFORNIA SAN DIEGO MICROBIOME INIT,Stem cell,Missing: Not applicable,positive,Missing: Restricted access,Missing: Not applicable,public,Missing: Not applicable,Missing: Not applicable,"run.zq,fastq,sra","ena,s3,ncbi,gs","s3.us-east-1,ncbi.public,ena,gs.us-east1",Missing: Not applicable,Missing: Not applicable,Missing: Not applicable,Missing: Not applicable,Missing: Not applicable,Missing: Not applicable,TRUE,Missing: Not applicable,Missing: not applicable,Missing: Not applicable,Missing: Not applicable,Missing: not applicable,Missing: Not applicable,Missing: Not applicable,Donor,Missing: Not applicable,Missing: Not applicable,1564,2016-10-14,2016-10-14,2018-11-16,2016-10-14,urban biome,human-associated habitat,feces,human-gut,Missing: Not applicable,ERX1757905,SAMEA4506984,USA,North America,USA:CO,"A2/3, B7/15, C3/7, DR1/4, DQ3/5",human,Homo sapiens,OEUQCYN1,9606,Missing: Not collected,Missing: Not collected,UCSDMI,University of California San Diego Microbiome Initiative,2016-10-14T17:01:47Z,2016-10-14T01:31:44Z,public,Illumina MiSeq,39.76,10564.OEUQCYN1,SINGLE,PCR,METAGENOMIC,-104.88,Missing: Not applicable,Missing: Not applicable,human gut metagenome,Missing: Not applicable,Missing: Not applicable,Missing: Not applicable,Missing: Not applicable,Missing: Not applicable,Missing: Not applicable,Missing: Not applicable,Missing: Not applicable,FWD:GTGCCAGCMGCCGCGGTAA; REV:GGACTACHVGGGTWTCTAAT,"University of Colorado, Anschutz",FALSE,Missing: Not applicable,ILLUMINA,GTGCCAGCMGCCGCGGTAA,Missing: Not collected,Missing: Not applicable,2016-10-18T00:00:00Z,Missing: Not applicable,"Daniel Frank Laboratory, University of Colorado, Anschutz",2015,OEUQCYN1-R1,UC-Anschutz,SAMEA4506984,qiita_sid_10564:10564.OEUQCYN1,stool,sequencing by synthesis,male,Missing: Not applicable,ERP017899,qiita_sid_10564:10564.OEUQCYN1,Missing: Not applicable,16S rRNA,V4,Missing: Not applicable,Missing: Not applicable,Missing: Not applicable,2016-10-18T16:45:00Z,1,Missing: not collected,Missing: Not applicable,Missing: Not collected,300,79238284,Missing: Not applicable
A+,ERR1688289,64,years,negative,None documented,no,yes,OTHER,PRJEB16057,SAMEA4506985,A-,A-,19,UBERON:feces,UBERON:feces,UBERON:feces,34210618,"Daniel Frank Laboratory, University of Colorado, Anschutz",UNIVERSITY OF CALIFORNIA SAN DIEGO MICROBIOME INIT,Stem cell,Flu/Cy/Thio/TBI,positive,Missing: Restricted access,Intermediate intensity,public,yes,normal,"sra,run.zq,fastq","gs,ncbi,ena,s3","ncbi.public,ena,s3.us-east-1,gs.us-east1",Missing: Not applicable,19,27,0,AML,remission,TRUE,positive,8/10,female,negative,8/10,male,Missing: Not applicable,Patient,cord+cord,cord,1564,2016-10-14,2016-10-14,2018-11-16,2016-10-14,urban biome,human-associated habitat,feces,human-gut,Missing: Not applicable,ERX1757906,SAMEA4506985,USA,North America,USA:CO,"A1/1, B8/15, C3/7, DR3/4, DQ2/3",human,Homo sapiens,P52RM623,9606,Missing: Not applicable,no,UCSDMI,University of California San Diego Microbiome Initiative,2016-10-14T17:01:47Z,2016-10-14T01:31:44Z,public,Illumina MiSeq,39.76,10564.P52RM623,SINGLE,PCR,METAGENOMIC,-104.88,no,yes,human gut metagenome,Missing: Not collected,95,Missing: Not collected,95,Missing: Not applicable,95,Missing: Not applicable,95,FWD:GTGCCAGCMGCCGCGGTAA; REV:GGACTACHVGGGTWTCTAAT,"University of Colorado, Anschutz",FALSE,yes,ILLUMINA,GTGCCAGCMGCCGCGGTAA,white,no,2016-10-18T00:00:00Z,100,"Daniel Frank Laboratory, University of Colorado, Anschutz",2015,P52RM623-R1,UC-Anschutz,SAMEA4506985,qiita_sid_10564:10564.P52RM623,stool,sequencing by synthesis,female,no,ERP017899,qiita_sid_10564:10564.P52RM623,no,16S rRNA,V4,Missing: Not applicable,Missing: Not applicable,Missing: Not applicable,2016-10-18T16:45:00Z,1,"HSV, VZV","Citrobacter UTI, otitis external, entercoccus UTI, aspergillus sinus infection 8/2014",appendectomy,300,69738280,
A+,ERR1688290,Missing: Not collected,years,Missing: Not applicable,Missing: Not applicable,Missing: Not applicable,Missing: Not applicable,OTHER,PRJEB16057,SAMEA4506986,Missing: Not applicable,Missing: Not applicable,Missing: Not collected,UBERON:feces,UBERON:feces,UBERON:feces,52641889,"Daniel Frank Laboratory, University of Colorado, Anschutz",UNIVERSITY OF CALIFORNIA SAN DIEGO MICROBIOME INIT,Stem cell,Missing: Not applicable,positive,Missing: Restricted access,Missing: Not applicable,public,Missing: Not applicable,Missing: Not applicable,"fastq,run.zq,sra","ena,ncbi,gs,s3","gs.us-east1,ena,s3.us-east-1,ncbi.public",Missing: Not applicable,Missing: Not applicable,Missing: Not applicable,Missing: Not applicable,Missing: Not applicable,Missing: Not applicable,TRUE,Missing: Not applicable,Missing: not applicable,Missing: Not applicable,Missing: Not applicable,Missing: not applicable,Missing: Not applicable,Missing: Not applicable,Donor,Missing: Not applicable,Missing: Not applicable,1564,2016-10-14,2016-10-14,2018-11-16,2016-10-14,urban biome,human-associated habitat,feces,human-gut,Missing: Not applicable,ERX1757907,SAMEA4506986,USA,North America,USA:CO,"A2/24, B8/44, C5/7, DR1/1, DQ5/5",human,Homo sapiens,PE48VFHO,9606,Missing: Not collected,Missing: Not collected,UCSDMI,University of California San Diego Microbiome Initiative,2016-10-14T17:01:47Z,2016-10-14T01:31:45Z,public,Illumina MiSeq,39.76,10564.PE48VFHO,SINGLE,PCR,METAGENOMIC,-104.88,Missing: Not applicable,Missing: Not applicable,human gut metagenome,Missing: Not applicable,Missing: Not applicable,Missing: Not applicable,Missing: Not applicable,Missing: Not applicable,Missing: Not applicable,Missing: Not applicable,Missing: Not applicable,FWD:GTGCCAGCMGCCGCGGTAA; REV:GGACTACHVGGGTWTCTAAT,"University of Colorado, Anschutz",FALSE,Missing: Not applicable,ILLUMINA,GTGCCAGCMGCCGCGGTAA,Missing: Not collected,Missing: Not applicable,2016-10-18T00:00:00Z,Missing: Not applicable,"Daniel Frank Laboratory, University of Colorado, Anschutz",2015,PE48VFHO-R1,UC-Anschutz,SAMEA4506986,qiita_sid_10564:10564.PE48VFHO,stool,sequencing by synthesis,male,Missing: Not applicable,ERP017899,qiita_sid_10564:10564.PE48VFHO,Missing: Not applicable,16S rRNA,V4,Missing: Not applicable,Missing: Not applicable,Missing: Not applicable,2016-10-18T16:45:00Z,1,Missing: not collected,Missing: Not applicable,Missing: Not collected,300,110618495,Missing: Not applicable
A+,ERR1688291,70,years,negative,skin,Grade II,yes,OTHER,PRJEB16057,SAMEA4506987,B+,A+,22,UBERON:feces,UBERON:feces,UBERON:feces,13682778,"Daniel Frank Laboratory, University of Colorado, Anschutz",UNIVERSITY OF CALIFORNIA SAN DIEGO MICROBIOME INIT,Stem cell,Flu/Cy/TBI,positive,Missing: Restricted access,Intermediate intensity,public,yes,abnormal,"sra,fastq,run.zq","s3,gs,ena,ncbi","ena,s3.us-east-1,ncbi.public,gs.us-east1",Missing: Not applicable,16,23,0,AML,remission,TRUE,negative,8/10,male,negative,6/8,female,Missing: Not applicable,Patient,cord+cord,cord,1564,2016-10-14,2016-10-14,2018-11-16,2016-10-14,urban biome,human-associated habitat,feces,human-gut,Missing: Not applicable,ERX1757908,SAMEA4506987,USA,North America,USA:CO,"A24/24, B15/40, C3/3, DR7/13, DQ3/6",human,Homo sapiens,PGFKX87F,9606,"neutropenic fever, Abiotopia/strep viridans",yes,UCSDMI,University of California San Diego Microbiome Initiative,2016-10-14T17:01:47Z,2016-10-14T01:31:45Z,public,Illumina MiSeq,39.76,10564.PGFKX87F,SINGLE,PCR,METAGENOMIC,-104.88,no,yes,human gut metagenome,Missing: Not collected,96,Missing: Not collected,93,Missing: Not applicable,96,Missing: Not applicable,55,FWD:GTGCCAGCMGCCGCGGTAA; REV:GGACTACHVGGGTWTCTAAT,"University of Colorado, Anschutz",FALSE,yes,ILLUMINA,GTGCCAGCMGCCGCGGTAA,white,no,2016-10-18T00:00:00Z,180,"Daniel Frank Laboratory, University of Colorado, Anschutz",2015,PGFKX87F-R1,UC-Anschutz,SAMEA4506987,qiita_sid_10564:10564.PGFKX87F,stool,sequencing by synthesis,male,no,ERP017899,qiita_sid_10564:10564.PGFKX87F,no,16S rRNA,V4,22,22,Missing: Not applicable,2016-10-29T11:29:00Z,2,"HSV, VZV",facial cellulitis,diverticulitis,,,
O+,ERR1688292,44,years,negative,skin,Grade II,yes,OTHER,PRJEB16057,SAMEA4506988,O+,Missing: Not applicable,32,UBERON:feces,UBERON:feces,UBERON:feces,51810588,"Daniel Frank Laboratory, University of Colorado, Anschutz",UNIVERSITY OF CALIFORNIA SAN DIEGO MICROBIOME INIT,Stem cell,Cy/ATG,positive,Missing: Restricted access,Low intensity,public,yes,normal,"sra,run.zq,fastq","gs,ncbi,s3,ena","gs.us-east1,ena,ncbi.public,s3.us-east-1",Missing: Not applicable,24,13,0,AA,refractory,TRUE,positive,10/10,male,Missing: Not applicable,Missing: not applicable,Missing: Not applicable,Missing: Not applicable,Patient,marrow,related,1564,2016-10-14,2016-10-14,2018-11-16,2016-10-14,urban biome,human-associated habitat,feces,human-gut,Missing: Not applicable,ERX1757909,SAMEA4506988,USA,North America,USA:CO,"A1/2, B14/57, C7/8, DR1/7, DQ3/5",human,Homo sapiens,PZDRX7N4,9606,herpes,yes,UCSDMI,University of California San Diego Microbiome Initiative,2016-10-14T17:01:47Z,2016-10-14T01:31:45Z,public,Illumina MiSeq,39.76,10564.PZDRX7N4,SINGLE,PCR,METAGENOMIC,-104.88,yes,no,human gut metagenome,100,Missing: Not collected,Missing: Not collected,95,100,Missing: Not applicable,Missing: Not applicable,95,FWD:GTGCCAGCMGCCGCGGTAA; REV:GGACTACHVGGGTWTCTAAT,"University of Colorado, Anschutz",FALSE,yes,ILLUMINA,GTGCCAGCMGCCGCGGTAA,hispanic,no,2016-10-18T00:00:00Z,330,"Daniel Frank Laboratory, University of Colorado, Anschutz",2015,PZDRX7N4-R1,UC-Anschutz,SAMEA4506988,qiita_sid_10564:10564.PZDRX7N4,stool,sequencing by synthesis,male,no,ERP017899,qiita_sid_10564:10564.PZDRX7N4,no,16S rRNA,V4,36,36,Missing: Not applicable,2016-10-18T16:45:00Z,1,"HSV, VZV",adenovirus in urine; VZV/shingles,,300,108198718,
O-,ERR1688293,68,years,negative,skin,Grade II,yes,OTHER,PRJEB16057,SAMEA4506989,O+,Missing: Not applicable,32,UBERON:feces,UBERON:feces,UBERON:feces,42200557,"Daniel Frank Laboratory, University of Colorado, Anschutz",UNIVERSITY OF CALIFORNIA SAN DIEGO MICROBIOME INIT,Stem cell,Flu/Mel,positive,Missing: Restricted access,Intermediate intensity,public,no,abnormal,"sra,fastq,run.zq","ena,ncbi,s3,gs","s3.us-east-1,gs.us-east1,ena,ncbi.public",Missing: Not applicable,20,15,0,MDS,remission,TRUE,negative,10/10,male,Missing: Not applicable,Missing: not applicable,Missing: Not applicable,Missing: Not applicable,Patient,pbsc,unrelated,1564,2016-10-14,2016-10-14,2018-11-16,2016-10-14,urban biome,human-associated habitat,feces,human-gut,Missing: Not applicable,ERX1757910,SAMEA4506989,USA,North America,USA:CO,"A2/24, B35/51, C12/15, DR4/7, DQ2/4",human,Homo sapiens,QCMUUEDW,9606,HSV,yes,UCSDMI,University of California San Diego Microbiome Initiative,2016-10-14T17:01:47Z,2016-10-14T01:31:45Z,public,Illumina MiSeq,39.76,10564.QCMUUEDW,SINGLE,PCR,METAGENOMIC,-104.88,yes,no,human gut metagenome,Missing: Not collected,100,100,100,Missing: Not applicable,100,100,100,FWD:GTGCCAGCMGCCGCGGTAA; REV:GGACTACHVGGGTWTCTAAT,"University of Colorado, Anschutz",FALSE,yes,ILLUMINA,GTGCCAGCMGCCGCGGTAA,white,no,2016-10-18T00:00:00Z,180,"Daniel Frank Laboratory, University of Colorado, Anschutz",2015,QCMUUEDW-R1,UC-Anschutz,SAMEA4506989,qiita_sid_10564:10564.QCMUUEDW,stool,sequencing by synthesis,male,no,ERP017899,qiita_sid_10564:10564.QCMUUEDW,yes,16S rRNA,V4,33,33,Missing: Not applicable,2016-10-18T16:45:00Z,1,HSV,"CMV, CNS, rhinovirus","GERD, C difficile, appendectomy",300,85872913,Stage 3
A+,ERR1688294,58,years,negative,None documented,no,yes,OTHER,PRJEB16057,SAMEA4506990,A+,Missing: Not applicable,26,UBERON:feces,UBERON:feces,UBERON:feces,53567861,"Daniel Frank Laboratory, University of Colorado, Anschutz",UNIVERSITY OF CALIFORNIA SAN DIEGO MICROBIOME INIT,Stem cell,Flu/Mel,positive,Missing: Restricted access,Intermediate intensity,public,no,abnormal,"fastq,run.zq,sra","gs,s3,ena,ncbi","s3.us-east-1,ncbi.public,gs.us-east1,ena",30,13,10,1,CLL,refractory,TRUE,negative,10/10,male,Missing: Not applicable,Missing: not applicable,Missing: Not applicable,Y3XCJJPE,Patient,pbsc,related,1564,2016-10-14,2016-10-14,2018-11-16,2016-10-14,urban biome,human-associated habitat,feces,human-gut,Sepsis,ERX1757911,SAMEA4506990,USA,North America,USA:CO,"A11/32, B14/35, C4/8, DR4/7, DQ2/3",human,Homo sapiens,QG6Q3VMK,9606,oral hsv; hepatitis B,yes,UCSDMI,University of California San Diego Microbiome Initiative,2016-10-14T17:01:47Z,2016-10-14T01:31:45Z,public,Illumina MiSeq,39.76,10564.QG6Q3VMK,SINGLE,PCR,METAGENOMIC,-104.88,yes,no,human gut metagenome,Missing: Not applicable,Missing: Not applicable,Missing: Not applicable,95,Missing: Not applicable,5,Missing: Not applicable,Missing: Not collected,FWD:GTGCCAGCMGCCGCGGTAA; REV:GGACTACHVGGGTWTCTAAT,"University of Colorado, Anschutz",FALSE,yes,ILLUMINA,GTGCCAGCMGCCGCGGTAA,white,yes,2016-10-18T00:00:00Z,87,"Daniel Frank Laboratory, University of Colorado, Anschutz",2015,QG6Q3VMK-R1,UC-Anschutz,SAMEA4506990,qiita_sid_10564:10564.QG6Q3VMK,stool,sequencing by synthesis,male,no,ERP017899,qiita_sid_10564:10564.QG6Q3VMK,yes,16S rRNA,V4,Missing: Not applicable,Missing: Not applicable,87,2016-10-18T16:45:00Z,1,"HSV1, VZV","bacteremia: pseudomonas, E coli, VRE",,300,112487803,
O+,ERR1688295,61,years,negative,None documented,no,no,OTHER,PRJEB16057,SAMEA4506991,A+,Missing: Not applicable,28,UBERON:feces,UBERON:feces,UBERON:feces,31799255,"Daniel Frank Laboratory, University of Colorado, Anschutz",UNIVERSITY OF CALIFORNIA SAN DIEGO MICROBIOME INIT,Stem cell,Flu/TBI,negative,Missing: Restricted access,Low intensity,public,no,abnormal,"run.zq,fastq,sra","ncbi,gs,s3,ena","s3.us-east-1,ena,gs.us-east1,ncbi.public",37,Missing: Not applicable,Missing: Not applicable,1,TCL,refractory,TRUE,negative,10/10,male,Missing: Not applicable,Missing: not applicable,Missing: Not applicable,Missing: Not applicable,Patient,pbsc,unrelated,1564,2016-10-14,2016-10-14,2018-11-16,2016-10-14,urban biome,human-associated habitat,feces,human-gut,septic shock,ERX1757912,SAMEA4506991,USA,North America,USA:CO,"A1/3, B8/40, C3/7, DR3/13, DQ2/6",human,Homo sapiens,QOHVF823,9606,Missing: Not applicable,no,UCSDMI,University of California San Diego Microbiome Initiative,2016-10-14T17:01:47Z,2016-10-14T01:31:45Z,public,Illumina MiSeq,39.76,10564.QOHVF823,SINGLE,PCR,METAGENOMIC,-104.88,no,yes,human gut metagenome,Missing: Not collected,0,0,0,Missing: Not collected,Missing: Not collected,Missing: Not collected,Missing: Not collected,FWD:GTGCCAGCMGCCGCGGTAA; REV:GGACTACHVGGGTWTCTAAT,"University of Colorado, Anschutz",FALSE,no,ILLUMINA,GTGCCAGCMGCCGCGGTAA,white,yes,2016-10-18T00:00:00Z,723,"Daniel Frank Laboratory, University of Colorado, Anschutz",2015,QOHVF823-R1,UC-Anschutz,SAMEA4506991,qiita_sid_10564:10564.QOHVF823,stool,sequencing by synthesis,female,no,ERP017899,qiita_sid_10564:10564.QOHVF823,yes,16S rRNA,V4,Missing: Not applicable,Missing: Not applicable,723,2016-10-18T16:45:00Z,1,"EBV, VZV","bacteremia, EBV viremia, C difficile",,300,66540673,
O+,ERR1688296,Missing: Not collected,years,Missing: Not applicable,Missing: Not applicable,Missing: Not applicable,Missing: Not applicable,OTHER,PRJEB16057,SAMEA4506992,Missing: Not applicable,Missing: Not applicable,Missing: Not collected,UBERON:feces,UBERON:feces,UBERON:feces,90655133,"Daniel Frank Laboratory, University of Colorado, Anschutz",UNIVERSITY OF CALIFORNIA SAN DIEGO MICROBIOME INIT,Stem cell,Missing: Not applicable,positive,Missing: Restricted access,Missing: Not applicable,public,Missing: Not applicable,Missing: Not applicable,"sra,run.zq,fastq","gs,s3,ncbi,ena","gs.us-east1,ena,s3.us-east-1,ncbi.public",Missing: Not applicable,Missing: Not applicable,Missing: Not applicable,Missing: Not applicable,Missing: Not applicable,Missing: Not applicable,TRUE,Missing: Not applicable,Missing: not applicable,Missing: Not applicable,Missing: Not applicable,Missing: not applicable,Missing: Not applicable,Missing: Not applicable,Donor,Missing: Not applicable,Missing: Not applicable,1564,2016-10-14,2016-10-14,2018-11-16,2016-10-14,urban biome,human-associated habitat,feces,human-gut,Missing: Not applicable,ERX1757913,SAMEA4506992,USA,North America,USA:CO,"A1/3, B7/8, C7/7, DR13/15, DQ6/6",human,Homo sapiens,R5UYLI60,9606,Missing: Not collected,Missing: Not collected,UCSDMI,University of California San Diego Microbiome Initiative,2016-10-14T17:01:47Z,2016-10-14T01:31:45Z,public,Illumina MiSeq,39.76,10564.R5UYLI60,SINGLE,PCR,METAGENOMIC,-104.88,Missing: Not applicable,Missing: Not applicable,human gut metagenome,Missing: Not applicable,Missing: Not applicable,Missing: Not applicable,Missing: Not applicable,Missing: Not applicable,Missing: Not applicable,Missing: Not applicable,Missing: Not applicable,FWD:GTGCCAGCMGCCGCGGTAA; REV:GGACTACHVGGGTWTCTAAT,"University of Colorado, Anschutz",FALSE,Missing: Not applicable,ILLUMINA,GTGCCAGCMGCCGCGGTAA,Missing: Not collected,Missing: Not applicable,2016-10-18T00:00:00Z,Missing: Not applicable,"Daniel Frank Laboratory, University of Colorado, Anschutz",2015,R5UYLI60-R1,UC-Anschutz,SAMEA4506992,qiita_sid_10564:10564.R5UYLI60,stool,sequencing by synthesis,male,Missing: Not applicable,ERP017899,qiita_sid_10564:10564.R5UYLI60,Missing: Not applicable,16S rRNA,V4,Missing: Not applicable,Missing: Not applicable,Missing: Not applicable,2016-10-29T11:29:00Z,2,Missing: not collected,Missing: Not applicable,Missing: Not collected,,,Missing: Not applicable
A+,ERR1688297,74,years,negative,None documented,no,yes,OTHER,PRJEB16057,SAMEA4506993,A+,Missing: Not applicable,29,UBERON:feces,UBERON:feces,UBERON:feces,27724275,"Daniel Frank Laboratory, University of Colorado, Anschutz",UNIVERSITY OF CALIFORNIA SAN DIEGO MICROBIOME INIT,Stem cell,Flu/TBI,positive,Missing: Restricted access,Low intensity,public,no,abnormal,"sra,run.zq,fastq","ncbi,ena,s3,gs","s3.us-east-1,ena,ncbi.public,gs.us-east1",Missing: Not applicable,43,14,0,CLL,refractory,TRUE,positive,10/10,female,Missing: Not applicable,Missing: not applicable,Missing: Not applicable,SNTNHHDG,Patient,pbsc,related,1564,2016-10-14,2016-10-14,2018-11-16,2016-10-14,urban biome,human-associated habitat,feces,human-gut,Missing: Not applicable,ERX1757914,SAMEA4506993,USA,North America,USA:CO,"A1/23, B49/49, C7/7, DR4/7, DQ2/3",human,Homo sapiens,SFZAU2VG,9606,neutropenic fever,yes,UCSDMI,University of California San Diego Microbiome Initiative,2016-10-14T17:01:47Z,2016-10-14T01:31:45Z,public,Illumina MiSeq,39.76,10564.SFZAU2VG,SINGLE,PCR,METAGENOMIC,-104.88,no,yes,human gut metagenome,Missing: Not collected,100,Missing: Not collected,96,Missing: Not applicable,100,Missing: Not applicable,96,FWD:GTGCCAGCMGCCGCGGTAA; REV:GGACTACHVGGGTWTCTAAT,"University of Colorado, Anschutz",FALSE,yes,ILLUMINA,GTGCCAGCMGCCGCGGTAA,white,no,2016-10-18T00:00:00Z,100,"Daniel Frank Laboratory, University of Colorado, Anschutz",2015,SFZAU2VG-R1,UC-Anschutz,SAMEA4506993,qiita_sid_10564:10564.SFZAU2VG,stool,sequencing by synthesis,male,no,ERP017899,qiita_sid_10564:10564.SFZAU2VG,yes,16S rRNA,V4,Missing: Not applicable,Missing: Not applicable,Missing: Not applicable,2016-10-18T16:46:00Z,1,HSV,"CMV viremia, rhinovirus, influenza, candida glabrata","Barrett's esophagus, cholecystectomy, appendectomy",300,54669901,Stage 2
A+,ERR1688298,Missing: Not collected,years,Missing: Not applicable,Missing: Not applicable,Missing: Not applicable,Missing: Not applicable,OTHER,PRJEB16057,SAMEA4506994,Missing: Not applicable,Missing: Not applicable,Missing: Not collected,UBERON:feces,UBERON:feces,UBERON:feces,72683962,"Daniel Frank Laboratory, University of Colorado, Anschutz",UNIVERSITY OF CALIFORNIA SAN DIEGO MICROBIOME INIT,Stem cell,Missing: Not applicable,positive,Missing: Restricted access,Missing: Not applicable,public,Missing: Not applicable,Missing: Not applicable,"run.zq,fastq,sra","ena,gs,s3,ncbi","ncbi.public,ena,gs.us-east1,s3.us-east-1",Missing: Not applicable,Missing: Not applicable,Missing: Not applicable,Missing: Not applicable,Missing: Not applicable,Missing: Not applicable,TRUE,Missing: Not applicable,Missing: not applicable,Missing: Not applicable,Missing: Not applicable,Missing: not applicable,Missing: Not applicable,Missing: Not applicable,Donor,Missing: Not applicable,Missing: Not applicable,1564,2016-10-14,2016-10-14,2018-11-16,2016-10-14,urban biome,human-associated habitat,feces,human-gut,Missing: Not applicable,ERX1757915,SAMEA4506994,USA,North America,USA:CO,"A1/23, B49/49, C7/7, DR4/7, DQ2/3",human,Homo sapiens,SNTNHHDG,9606,Missing: Not collected,Missing: Not collected,UCSDMI,University of California San Diego Microbiome Initiative,2016-10-14T17:01:47Z,2016-10-14T01:31:45Z,public,Illumina MiSeq,39.76,10564.SNTNHHDG,SINGLE,PCR,METAGENOMIC,-104.88,Missing: Not applicable,Missing: Not applicable,human gut metagenome,Missing: Not applicable,Missing: Not applicable,Missing: Not applicable,Missing: Not applicable,Missing: Not applicable,Missing: Not applicable,Missing: Not applicable,Missing: Not applicable,FWD:GTGCCAGCMGCCGCGGTAA; REV:GGACTACHVGGGTWTCTAAT,"University of Colorado, Anschutz",FALSE,Missing: Not applicable,ILLUMINA,GTGCCAGCMGCCGCGGTAA,Missing: Not collected,Missing: Not applicable,2016-10-18T00:00:00Z,Missing: Not applicable,"Daniel Frank Laboratory, University of Colorado, Anschutz",2015,SNTNHHDG-R1,UC-Anschutz,SAMEA4506994,qiita_sid_10564:10564.SNTNHHDG,stool,sequencing by synthesis,female,Missing: Not applicable,ERP017899,qiita_sid_10564:10564.SNTNHHDG,Missing: Not applicable,16S rRNA,V4,Missing: Not applicable,Missing: Not applicable,Missing: Not applicable,2016-10-18T16:46:00Z,1,Missing: not collected,Missing: Not applicable,Missing: Not collected,300,148106003,Missing: Not applicable
A+,ERR1688299,53,years,positive,gut,Grade II,yes,OTHER,PRJEB16057,SAMEA4506995,O+,A+,27,UBERON:feces,UBERON:feces,UBERON:feces,47622733,"Daniel Frank Laboratory, University of Colorado, Anschutz",UNIVERSITY OF CALIFORNIA SAN DIEGO MICROBIOME INIT,Stem cell,Flu/Cy/Thio/TBI,positive,Missing: Restricted access,Intermediate intensity,public,yes,normal,"fastq,sra,run.zq","ncbi,ena,gs,s3","ena,s3.us-east-1,ncbi.public,gs.us-east1",Missing: Not applicable,21,27,0,AML,remission,TRUE,positive,7/10,male,positive,5/10,female,Missing: Not applicable,Patient,cord+cord,cord,1564,2016-10-14,2016-10-14,2018-11-16,2016-10-14,urban biome,human-associated habitat,feces,human-gut,Missing: Not applicable,ERX1757916,SAMEA4506995,USA,North America,USA:CO,"A2/31, B18/50, C6/7, DR4/7, DQ2/3",human,Homo sapiens,TNSJJS0H,9606,"colitis, bacteremia",yes,UCSDMI,University of California San Diego Microbiome Initiative,2016-10-14T17:01:47Z,2016-10-14T01:31:45Z,public,Illumina MiSeq,39.76,10564.TNSJJS0H,SINGLE,PCR,METAGENOMIC,-104.88,no,yes,human gut metagenome,Missing: Not collected,100,Missing: Not collected,100,Missing: Not applicable,100,Missing: Not applicable,100,FWD:GTGCCAGCMGCCGCGGTAA; REV:GGACTACHVGGGTWTCTAAT,"University of Colorado, Anschutz",FALSE,yes,ILLUMINA,GTGCCAGCMGCCGCGGTAA,white,no,2016-10-18T00:00:00Z,180,"Daniel Frank Laboratory, University of Colorado, Anschutz",2015,TNSJJS0H-R1,UC-Anschutz,SAMEA4506995,qiita_sid_10564:10564.TNSJJS0H,stool,sequencing by synthesis,male,no,ERP017899,qiita_sid_10564:10564.TNSJJS0H,no,16S rRNA,V4,54,54,Missing: Not applicable,2016-10-18T16:46:00Z,1,"EBV, HSV, VZV",pneumonia,"perianal abscess, typhlitis/colitis, hemorrhoids",300,100267647,
O+,ERR1688300,Missing: Not collected,years,Missing: Not applicable,Missing: Not applicable,Missing: Not applicable,Missing: Not applicable,OTHER,PRJEB16057,SAMEA4506996,Missing: Not applicable,Missing: Not applicable,Missing: Not collected,UBERON:feces,UBERON:feces,UBERON:feces,46942850,"Daniel Frank Laboratory, University of Colorado, Anschutz",UNIVERSITY OF CALIFORNIA SAN DIEGO MICROBIOME INIT,Stem cell,Missing: Not applicable,negative,Missing: Restricted access,Missing: Not applicable,public,Missing: Not applicable,Missing: Not applicable,"run.zq,fastq,sra","ncbi,gs,s3,ena","ena,gs.us-east1,s3.us-east-1,ncbi.public",Missing: Not applicable,Missing: Not applicable,Missing: Not applicable,Missing: Not applicable,Missing: Not applicable,Missing: Not applicable,TRUE,Missing: Not applicable,Missing: not applicable,Missing: Not applicable,Missing: Not applicable,Missing: not applicable,Missing: Not applicable,Missing: Not applicable,Donor,Missing: Not applicable,Missing: Not applicable,1564,2016-10-14,2016-10-14,2018-11-16,2016-10-14,urban biome,human-associated habitat,feces,human-gut,Missing: Not applicable,ERX1757917,SAMEA4506996,USA,North America,USA:CO,"A1/68, B8/27, C2/7, DR3/11, DQ2/3",human,Homo sapiens,TPC4DXSR,9606,Missing: Not collected,Missing: Not collected,UCSDMI,University of California San Diego Microbiome Initiative,2016-10-14T17:01:47Z,2016-10-14T01:31:45Z,public,Illumina MiSeq,39.76,10564.TPC4DXSR,SINGLE,PCR,METAGENOMIC,-104.88,Missing: Not applicable,Missing: Not applicable,human gut metagenome,Missing: Not applicable,Missing: Not applicable,Missing: Not applicable,Missing: Not applicable,Missing: Not applicable,Missing: Not applicable,Missing: Not applicable,Missing: Not applicable,FWD:GTGCCAGCMGCCGCGGTAA; REV:GGACTACHVGGGTWTCTAAT,"University of Colorado, Anschutz",FALSE,Missing: Not applicable,ILLUMINA,GTGCCAGCMGCCGCGGTAA,Missing: Not collected,Missing: Not applicable,2016-10-18T00:00:00Z,Missing: Not applicable,"Daniel Frank Laboratory, University of Colorado, Anschutz",2015,TPC4DXSR-R1,UC-Anschutz,SAMEA4506996,qiita_sid_10564:10564.TPC4DXSR,stool,sequencing by synthesis,female,Missing: Not applicable,ERP017899,qiita_sid_10564:10564.TPC4DXSR,Missing: Not applicable,16S rRNA,V4,Missing: Not applicable,Missing: Not applicable,Missing: Not applicable,2016-10-29T11:29:00Z,2,Missing: not collected,Missing: Not applicable,Missing: Not collected,,,Missing: Not applicable
O+,ERR1688301,Missing: Not collected,years,Missing: Not applicable,Missing: Not applicable,Missing: Not applicable,Missing: Not applicable,OTHER,PRJEB16057,SAMEA4506997,Missing: Not applicable,Missing: Not applicable,Missing: Not collected,UBERON:feces,UBERON:feces,UBERON:feces,30363451,"Daniel Frank Laboratory, University of Colorado, Anschutz",UNIVERSITY OF CALIFORNIA SAN DIEGO MICROBIOME INIT,Stem cell,Missing: Not applicable,negative,Missing: Restricted access,Missing: Not applicable,public,Missing: Not applicable,Missing: Not applicable,"sra,fastq,run.zq","gs,ena,ncbi,s3","ncbi.public,ena,s3.us-east-1,gs.us-east1",Missing: Not applicable,Missing: Not applicable,Missing: Not applicable,Missing: Not applicable,Missing: Not applicable,Missing: Not applicable,TRUE,Missing: Not applicable,Missing: not applicable,Missing: Not applicable,Missing: Not applicable,Missing: not applicable,Missing: Not applicable,Missing: Not applicable,Donor,Missing: Not applicable,Missing: Not applicable,1564,2016-10-14,2016-10-14,2018-11-16,2016-10-14,urban biome,human-associated habitat,feces,human-gut,Missing: Not applicable,ERX1757918,SAMEA4506997,USA,North America,USA:CO,"A2/2, B15/41, C3/17, DR4/13, DQ3/6",human,Homo sapiens,TX5QZZCE,9606,Missing: Not collected,Missing: Not collected,UCSDMI,University of California San Diego Microbiome Initiative,2016-10-14T17:01:47Z,2016-10-14T01:31:45Z,public,Illumina MiSeq,39.76,10564.TX5QZZCE,SINGLE,PCR,METAGENOMIC,-104.88,Missing: Not applicable,Missing: Not applicable,human gut metagenome,Missing: Not applicable,Missing: Not applicable,Missing: Not applicable,Missing: Not applicable,Missing: Not applicable,Missing: Not applicable,Missing: Not applicable,Missing: Not applicable,FWD:GTGCCAGCMGCCGCGGTAA; REV:GGACTACHVGGGTWTCTAAT,"University of Colorado, Anschutz",FALSE,Missing: Not applicable,ILLUMINA,GTGCCAGCMGCCGCGGTAA,Missing: Not collected,Missing: Not applicable,2016-10-18T00:00:00Z,Missing: Not applicable,"Daniel Frank Laboratory, University of Colorado, Anschutz",2015,TX5QZZCE-R1,UC-Anschutz,SAMEA4506997,qiita_sid_10564:10564.TX5QZZCE,stool,sequencing by synthesis,male,Missing: Not applicable,ERP017899,qiita_sid_10564:10564.TX5QZZCE,Missing: Not applicable,16S rRNA,V4,Missing: Not applicable,Missing: Not applicable,Missing: Not applicable,2016-10-18T16:46:00Z,1,Missing: not collected,Missing: Not applicable,Missing: Not collected,300,61432339,Missing: Not applicable
O+,ERR1688302,55,years,positive,gut,Grade II,yes,OTHER,PRJEB16057,SAMEA4506998,B-,A+,23,UBERON:feces,UBERON:feces,UBERON:feces,31826774,"Daniel Frank Laboratory, University of Colorado, Anschutz",UNIVERSITY OF CALIFORNIA SAN DIEGO MICROBIOME INIT,Stem cell,Flu/Cy/Thio/TBI,positive,Missing: Restricted access,Intermediate intensity,public,yes,abnormal,"sra,run.zq,fastq","gs,ena,ncbi,s3","gs.us-east1,ena,s3.us-east-1,ncbi.public",Missing: Not applicable,21,26,0,CML,refractory,TRUE,positive,8/10,male,negative,6/10,male,Missing: Not applicable,Patient,cord+cord,cord,1564,2016-10-14,2016-10-14,2018-11-16,2016-10-14,urban biome,human-associated habitat,feces,human-gut,Missing: Not applicable,ERX1757919,SAMEA4506998,USA,North America,USA:CO,"A1/2, B44/51, C1/5, DR7/11, DQ2/3",human,Homo sapiens,UP9H2CYM,9606,appendicitis,yes,UCSDMI,University of California San Diego Microbiome Initiative,2016-10-14T17:01:47Z,2016-10-14T01:31:45Z,public,Illumina MiSeq,39.76,10564.UP9H2CYM,SINGLE,PCR,METAGENOMIC,-104.88,no,yes,human gut metagenome,Missing: Not collected,100,Missing: Not collected,96,Missing: Not applicable,100,Missing: Not applicable,96,FWD:GTGCCAGCMGCCGCGGTAA; REV:GGACTACHVGGGTWTCTAAT,"University of Colorado, Anschutz",FALSE,yes,ILLUMINA,GTGCCAGCMGCCGCGGTAA,white,no,2016-10-18T00:00:00Z,180,"Daniel Frank Laboratory, University of Colorado, Anschutz",2015,UP9H2CYM-R1,UC-Anschutz,SAMEA4506998,qiita_sid_10564:10564.UP9H2CYM,stool,sequencing by synthesis,female,no,ERP017899,qiita_sid_10564:10564.UP9H2CYM,no,16S rRNA,V4,43,43,Missing: Not applicable,2016-10-18T16:46:00Z,1,VZV,"oral candida, pneumonia",appendectomy,300,64503839,
A+,ERR1688303,Missing: Not collected,years,Missing: Not applicable,Missing: Not applicable,Missing: Not applicable,Missing: Not applicable,OTHER,PRJEB16057,SAMEA4506999,Missing: Not applicable,Missing: Not applicable,Missing: Not collected,UBERON:feces,UBERON:feces,UBERON:feces,44326711,"Daniel Frank Laboratory, University of Colorado, Anschutz",UNIVERSITY OF CALIFORNIA SAN DIEGO MICROBIOME INIT,Stem cell,Missing: Not applicable,negative,Missing: Restricted access,Missing: Not applicable,public,Missing: Not applicable,Missing: Not applicable,"run.zq,sra,fastq","ncbi,s3,gs,ena","gs.us-east1,s3.us-east-1,ena,ncbi.public",Missing: Not applicable,Missing: Not applicable,Missing: Not applicable,Missing: Not applicable,Missing: Not applicable,Missing: Not applicable,TRUE,Missing: Not applicable,Missing: not applicable,Missing: Not applicable,Missing: Not applicable,Missing: not applicable,Missing: Not applicable,Missing: Not applicable,Donor,Missing: Not applicable,Missing: Not applicable,1564,2016-10-14,2016-10-14,2018-11-16,2016-10-14,urban biome,human-associated habitat,feces,human-gut,Missing: Not applicable,ERX1757920,SAMEA4506999,USA,North America,USA:CO,"A2/3, B7/15, C4/7, DR1/15, DQ5/6",human,Homo sapiens,V40XA5EG,9606,Missing: Not collected,Missing: Not collected,UCSDMI,University of California San Diego Microbiome Initiative,2016-10-14T17:01:47Z,2016-10-14T01:31:45Z,public,Illumina MiSeq,39.76,10564.V40XA5EG,SINGLE,PCR,METAGENOMIC,-104.88,Missing: Not applicable,Missing: Not applicable,human gut metagenome,Missing: Not applicable,Missing: Not applicable,Missing: Not applicable,Missing: Not applicable,Missing: Not applicable,Missing: Not applicable,Missing: Not applicable,Missing: Not applicable,FWD:GTGCCAGCMGCCGCGGTAA; REV:GGACTACHVGGGTWTCTAAT,"University of Colorado, Anschutz",FALSE,Missing: Not applicable,ILLUMINA,GTGCCAGCMGCCGCGGTAA,Missing: Not collected,Missing: Not applicable,2016-10-18T00:00:00Z,Missing: Not applicable,"Daniel Frank Laboratory, University of Colorado, Anschutz",2015,V40XA5EG-R1,UC-Anschutz,SAMEA4506999,qiita_sid_10564:10564.V40XA5EG,stool,sequencing by synthesis,female,Missing: Not applicable,ERP017899,qiita_sid_10564:10564.V40XA5EG,Missing: Not applicable,16S rRNA,V4,Missing: Not applicable,Missing: Not applicable,Missing: Not applicable,2016-10-18T16:46:00Z,1,Missing: not collected,Missing: Not applicable,Missing: Not collected,300,94146123,Missing: Not applicable
O-,ERR1688304,53,years,positive,gut,Grade I,yes,OTHER,PRJEB16057,SAMEA4507000,O+,B+,28,UBERON:feces,UBERON:feces,UBERON:feces,32114284,"Daniel Frank Laboratory, University of Colorado, Anschutz",UNIVERSITY OF CALIFORNIA SAN DIEGO MICROBIOME INIT,Stem cell,Flu/Cy/Thio/TBI,positive,Missing: Restricted access,Intermediate intensity,public,yes,normal,"fastq,run.zq,sra","s3,gs,ncbi,ena","ena,ncbi.public,s3.us-east-1,gs.us-east1",Missing: Not applicable,29,46,0,AML,remission,TRUE,negative,9/10,female,negative,8/10,male,Missing: Not applicable,Patient,cord+cord,cord,1564,2016-10-14,2016-10-14,2018-11-16,2016-10-14,urban biome,human-associated habitat,feces,human-gut,Missing: Not applicable,ERX1757921,SAMEA4507000,USA,North America,USA:CO,"A2/2, B14/53, C4/8, DR1/7, DQ2/5",human,Homo sapiens,V6RQXJPE,9606,hepatitis C,yes,UCSDMI,University of California San Diego Microbiome Initiative,2016-10-14T17:01:47Z,2016-10-14T01:31:45Z,public,Illumina MiSeq,39.76,10564.V6RQXJPE,SINGLE,PCR,METAGENOMIC,-104.88,no,yes,human gut metagenome,Missing: Not collected,100,100,100,Missing: Not applicable,100,100,100,FWD:GTGCCAGCMGCCGCGGTAA; REV:GGACTACHVGGGTWTCTAAT,"University of Colorado, Anschutz",FALSE,yes,ILLUMINA,GTGCCAGCMGCCGCGGTAA,black,no,2016-10-18T00:00:00Z,100,"Daniel Frank Laboratory, University of Colorado, Anschutz",2015,V6RQXJPE-R1,UC-Anschutz,SAMEA4507000,qiita_sid_10564:10564.V6RQXJPE,stool,sequencing by synthesis,male,no,ERP017899,qiita_sid_10564:10564.V6RQXJPE,no,16S rRNA,V4,64,64,Missing: Not applicable,2016-10-29T11:29:00Z,2,Hepatitis C,"VRE, C difficile, CMV viremia, BK virus, adenovirus","appendectomy, rectal surgery",,,
A+,ERR1688305,69,years,positive,gut,suspected,yes,OTHER,PRJEB16057,SAMEA4507001,A+,Missing: Not applicable,23,UBERON:feces,UBERON:feces,UBERON:feces,33236910,"Daniel Frank Laboratory, University of Colorado, Anschutz",UNIVERSITY OF CALIFORNIA SAN DIEGO MICROBIOME INIT,Stem cell,Flu/TBI,positive,Missing: Restricted access,Low intensity,public,no,abnormal,"sra,run.zq,fastq","gs,s3,ncbi,ena","s3.us-east-1,ncbi.public,ena,gs.us-east1",49,31,23,1,AML,refractory,TRUE,negative,10/10,male,Missing: Not applicable,Missing: not applicable,Missing: Not applicable,Missing: Not applicable,Patient,pbsc,unrelated,1564,2016-10-14,2016-10-14,2018-11-16,2016-10-14,urban biome,human-associated habitat,feces,human-gut,Relapse,ERX1757922,SAMEA4507001,USA,North America,USA:CO,"A1/2, B7/8, C3/7, DR3/15, DQ2/6",human,Homo sapiens,XI5CNBC5,9606,Missing: Not applicable,no,UCSDMI,University of California San Diego Microbiome Initiative,2016-10-14T17:01:47Z,2016-10-14T01:31:45Z,public,Illumina MiSeq,39.76,10564.XI5CNBC5,SINGLE,PCR,METAGENOMIC,-104.88,no,yes,human gut metagenome,Missing: Not applicable,88,Missing: Not applicable,83,Missing: Not applicable,Missing: Not collected,Missing: Not applicable,Missing: Not collected,FWD:GTGCCAGCMGCCGCGGTAA; REV:GGACTACHVGGGTWTCTAAT,"University of Colorado, Anschutz",FALSE,yes,ILLUMINA,GTGCCAGCMGCCGCGGTAA,white,yes,2016-10-18T00:00:00Z,118,"Daniel Frank Laboratory, University of Colorado, Anschutz",2015,XI5CNBC5-R1,UC-Anschutz,SAMEA4507001,qiita_sid_10564:10564.XI5CNBC5,stool,sequencing by synthesis,female,no,ERP017899,qiita_sid_10564:10564.XI5CNBC5,yes,16S rRNA,V4,41,41,118,2016-10-18T16:46:00Z,1,"HSV, VZV",UTI,,300,67517656,
A-,ERR1688306,65,years,negative,None documented,no,no,OTHER,PRJEB16057,SAMEA4507002,O+,Missing: Not applicable,28,UBERON:feces,UBERON:feces,UBERON:feces,33331300,"Daniel Frank Laboratory, University of Colorado, Anschutz",UNIVERSITY OF CALIFORNIA SAN DIEGO MICROBIOME INIT,Stem cell,Flu/TBI,positive,Missing: Restricted access,Low intensity,public,yes,abnormal,"fastq,run.zq,sra","s3,gs,ncbi,ena","ena,s3.us-east-1,ncbi.public,gs.us-east1",148,Missing: Not applicable,Missing: Not applicable,1,AML,remission,TRUE,negative,10/10,female,Missing: Not applicable,Missing: not applicable,Missing: Not applicable,Missing: Not applicable,Patient,pbsc,unrelated,1564,2016-10-14,2016-10-14,2018-11-16,2016-10-14,urban biome,human-associated habitat,feces,human-gut,Missing: Not collected,ERX1757923,SAMEA4507002,USA,North America,USA:CO,"A2/2, B7/44, C2/7, DR15/15, DQ5/6",human,Homo sapiens,XI91FUC4,9606,Missing: Not applicable,no,UCSDMI,University of California San Diego Microbiome Initiative,2016-10-14T17:01:47Z,2016-10-14T01:31:45Z,public,Illumina MiSeq,39.76,10564.XI91FUC4,SINGLE,PCR,METAGENOMIC,-104.88,no,yes,human gut metagenome,Missing: Not collected,32,0,27,Missing: Not collected,Missing: Not collected,Missing: Not collected,Missing: Not collected,FWD:GTGCCAGCMGCCGCGGTAA; REV:GGACTACHVGGGTWTCTAAT,"University of Colorado, Anschutz",FALSE,no,ILLUMINA,GTGCCAGCMGCCGCGGTAA,white,yes,2016-10-18T00:00:00Z,694,"Daniel Frank Laboratory, University of Colorado, Anschutz",2015,XI91FUC4-R1,UC-Anschutz,SAMEA4507002,qiita_sid_10564:10564.XI91FUC4,stool,sequencing by synthesis,male,no,ERP017899,qiita_sid_10564:10564.XI91FUC4,no,16S rRNA,V4,Missing: Not applicable,Missing: Not applicable,694,2016-10-18T16:46:00Z,1,"EBV, HSV, VZV",,GERD,300,67467700,
A+,ERR1688307,Missing: Not collected,years,Missing: Not applicable,Missing: Not applicable,Missing: Not applicable,Missing: Not applicable,OTHER,PRJEB16057,SAMEA4507003,Missing: Not applicable,Missing: Not applicable,Missing: Not collected,UBERON:feces,UBERON:feces,UBERON:feces,30445084,"Daniel Frank Laboratory, University of Colorado, Anschutz",UNIVERSITY OF CALIFORNIA SAN DIEGO MICROBIOME INIT,Stem cell,Missing: Not applicable,negative,Missing: Restricted access,Missing: Not applicable,public,Missing: Not applicable,Missing: Not applicable,"fastq,sra,run.zq","ena,s3,ncbi,gs","ena,s3.us-east-1,gs.us-east1,ncbi.public",Missing: Not applicable,Missing: Not applicable,Missing: Not applicable,Missing: Not applicable,Missing: Not applicable,Missing: Not applicable,TRUE,Missing: Not applicable,Missing: not applicable,Missing: Not applicable,Missing: Not applicable,Missing: not applicable,Missing: Not applicable,Missing: Not applicable,Donor,Missing: Not applicable,Missing: Not applicable,1564,2016-10-14,2016-10-14,2018-11-16,2016-10-14,urban biome,human-associated habitat,feces,human-gut,Missing: Not applicable,ERX1757924,SAMEA4507003,USA,North America,USA:CO,"A11/32, B14/35, C4/8, DR4/7, DQ2/3",human,Homo sapiens,Y3XCJJPE,9606,Missing: Not collected,Missing: Not collected,UCSDMI,University of California San Diego Microbiome Initiative,2016-10-14T17:01:47Z,2016-10-14T01:31:45Z,public,Illumina MiSeq,39.76,10564.Y3XCJJPE,SINGLE,PCR,METAGENOMIC,-104.88,Missing: Not applicable,Missing: Not applicable,human gut metagenome,Missing: Not applicable,Missing: Not applicable,Missing: Not applicable,Missing: Not applicable,Missing: Not applicable,Missing: Not applicable,Missing: Not applicable,Missing: Not applicable,FWD:GTGCCAGCMGCCGCGGTAA; REV:GGACTACHVGGGTWTCTAAT,"University of Colorado, Anschutz",FALSE,Missing: Not applicable,ILLUMINA,GTGCCAGCMGCCGCGGTAA,Missing: Not collected,Missing: Not applicable,2016-10-18T00:00:00Z,Missing: Not applicable,"Daniel Frank Laboratory, University of Colorado, Anschutz",2015,Y3XCJJPE-R1,UC-Anschutz,SAMEA4507003,qiita_sid_10564:10564.Y3XCJJPE,stool,sequencing by synthesis,male,Missing: Not applicable,ERP017899,qiita_sid_10564:10564.Y3XCJJPE,Missing: Not applicable,16S rRNA,V4,Missing: Not applicable,Missing: Not applicable,Missing: Not applicable,2016-10-29T11:29:00Z,2,Missing: not collected,Missing: Not applicable,Missing: Not collected,,,Missing: Not applicable
B+,ERR1688308,Missing: Not collected,years,Missing: Not applicable,Missing: Not applicable,Missing: Not applicable,Missing: Not applicable,OTHER,PRJEB16057,SAMEA4507004,Missing: Not applicable,Missing: Not applicable,Missing: Not collected,UBERON:feces,UBERON:feces,UBERON:feces,34479168,"Daniel Frank Laboratory, University of Colorado, Anschutz",UNIVERSITY OF CALIFORNIA SAN DIEGO MICROBIOME INIT,Stem cell,Missing: Not applicable,negative,Missing: Restricted access,Missing: Not applicable,public,Missing: Not applicable,Missing: Not applicable,"fastq,run.zq,sra","ena,ncbi,s3,gs","ncbi.public,s3.us-east-1,gs.us-east1,ena",Missing: Not applicable,Missing: Not applicable,Missing: Not applicable,Missing: Not applicable,Missing: Not applicable,Missing: Not applicable,TRUE,Missing: Not applicable,Missing: not applicable,Missing: Not applicable,Missing: Not applicable,Missing: not applicable,Missing: Not applicable,Missing: Not applicable,Donor,Missing: Not applicable,Missing: Not applicable,1564,2016-10-14,2016-10-14,2018-11-16,2016-10-14,urban biome,human-associated habitat,feces,human-gut,Missing: Not applicable,ERX1757925,SAMEA4507004,USA,North America,USA:CO,"A2/29, B44/52, C12/16, DR7/8, DQ2/3",human,Homo sapiens,YZL1C941,9606,Missing: Not collected,Missing: Not collected,UCSDMI,University of California San Diego Microbiome Initiative,2016-10-14T17:01:47Z,2016-10-14T01:31:45Z,public,Illumina MiSeq,39.76,10564.YZL1C941,SINGLE,PCR,METAGENOMIC,-104.88,Missing: Not applicable,Missing: Not applicable,human gut metagenome,Missing: Not applicable,Missing: Not applicable,Missing: Not applicable,Missing: Not applicable,Missing: Not applicable,Missing: Not applicable,Missing: Not applicable,Missing: Not applicable,FWD:GTGCCAGCMGCCGCGGTAA; REV:GGACTACHVGGGTWTCTAAT,"University of Colorado, Anschutz",FALSE,Missing: Not applicable,ILLUMINA,GTGCCAGCMGCCGCGGTAA,Missing: Not collected,Missing: Not applicable,2016-10-18T00:00:00Z,Missing: Not applicable,"Daniel Frank Laboratory, University of Colorado, Anschutz",2015,YZL1C941-R1,UC-Anschutz,SAMEA4507004,qiita_sid_10564:10564.YZL1C941,stool,sequencing by synthesis,female,Missing: Not applicable,ERP017899,qiita_sid_10564:10564.YZL1C941,Missing: Not applicable,16S rRNA,V4,Missing: Not applicable,Missing: Not applicable,Missing: Not applicable,2016-10-18T16:46:00Z,1,Missing: not collected,Missing: Not applicable,Missing: Not collected,300,69085589,Missing: Not applicable
A+,ERR1688309,56,years,negative,None documented,no,yes,OTHER,PRJEB16057,SAMEA4507005,A+,Missing: Not applicable,23,UBERON:feces,UBERON:feces,UBERON:feces,82108562,"Daniel Frank Laboratory, University of Colorado, Anschutz",UNIVERSITY OF CALIFORNIA SAN DIEGO MICROBIOME INIT,Stem cell,Bu/Cy,positive,Missing: Restricted access,High intensity,public,no,normal,"run.zq,sra,fastq","ena,gs,s3,ncbi","ncbi.public,s3.us-east-1,gs.us-east1,ena",Missing: Not applicable,23,14,0,AML,remission,TRUE,negative,10/10,female,Missing: Not applicable,Missing: not applicable,Missing: Not applicable,Missing: Not applicable,Patient,marrow,unrelated,1564,2016-10-14,2016-10-14,2018-11-16,2016-10-14,urban biome,human-associated habitat,feces,human-gut,Missing: Not applicable,ERX1757926,SAMEA4507005,USA,North America,USA:CO,"A24/68, B14/57, C6/8, DR13/16, DQ3/5",human,Homo sapiens,ZHH6RGI7,9606,Missing: Not applicable,no,UCSDMI,University of California San Diego Microbiome Initiative,2016-10-14T17:01:47Z,2016-10-14T01:31:45Z,public,Illumina MiSeq,39.76,10564.ZHH6RGI7,SINGLE,PCR,METAGENOMIC,-104.88,yes,no,human gut metagenome,100,96,100,95,100,96,100,95,FWD:GTGCCAGCMGCCGCGGTAA; REV:GGACTACHVGGGTWTCTAAT,"University of Colorado, Anschutz",FALSE,yes,ILLUMINA,GTGCCAGCMGCCGCGGTAA,white,no,2016-10-18T00:00:00Z,100,"Daniel Frank Laboratory, University of Colorado, Anschutz",2015,ZHH6RGI7-R1,UC-Anschutz,SAMEA4507005,qiita_sid_10564:10564.ZHH6RGI7,stool,sequencing by synthesis,female,no,ERP017899,qiita_sid_10564:10564.ZHH6RGI7,yes,16S rRNA,V4,Missing: Not applicable,Missing: Not applicable,Missing: Not applicable,2016-10-18T16:46:00Z,1,"VZV, HSV",CMV viremia,GERD,300,171380276,
