Run,Assay Type,AvgSpotLen,Bases,BioProject,BioSample,BioSampleModel,Bytes,Center Name,Collection_Date,Consent,DATASTORE filetype,DATASTORE provider,DATASTORE region,Experiment,geo_loc_name_country,geo_loc_name_country_continent,geo_loc_name,HOST,Instrument,isolation_source,lat_lon,Library Name,LibraryLayout,LibrarySelection,LibrarySource,Organism,Platform,ReleaseDate,create_date,version,Sample Name,source_material_id,SRA Study
SRR28352819,AMPLICON,597,120022553,PRJNA1088414,SAMN40468649,Metagenome or environmental,84444097,FISABIO,2016,public,"fastq,run.zq,sra","s3,gs,ncbi","s3.us-east-1,gs.us-east1,ncbi.public",SRX23958305,Spain,Europe,Spain: Valencia,Homo sapiens,Illumina MiSeq,feces,39.46 N 0.46 W,59_post_16S,PAIRED,PCR,METAGENOMIC,gut metagenome,ILLUMINA,2024-03-15T00:00:00Z,2024-03-15T09:19:00Z,1,59_post_16S,patient_59_post_transplant,SRP495415
SRR28352820,AMPLICON,598,93222578,PRJNA1088414,SAMN40468648,Metagenome or environmental,56608450,FISABIO,2016,public,"run.zq,sra,fastq","gs,ncbi,s3","gs.us-east1,ncbi.public,s3.us-east-1",SRX23958304,Spain,Europe,Spain: Valencia,Homo sapiens,Illumina MiSeq,feces,39.46 N 0.46 W,58_pre_16S,PAIRED,PCR,METAGENOMIC,gut metagenome,ILLUMINA,2024-03-15T00:00:00Z,2024-03-15T09:20:00Z,1,58_pre_16S,patient_58_pre_transplant,SRP495415
SRR28352821,AMPLICON,597,95842037,PRJNA1088414,SAMN40468567,Metagenome or environmental,61337585,FISABIO,2016,public,"fastq,run.zq,sra","ncbi,s3,gs","s3.us-east-1,gs.us-east1,ncbi.public",SRX23958303,Spain,Europe,Spain: Valencia,Homo sapiens,Illumina MiSeq,feces,39.46 N 0.46 W,104_pre_16S,PAIRED,PCR,METAGENOMIC,gut metagenome,ILLUMINA,2024-03-15T00:00:00Z,2024-03-15T09:20:00Z,1,104_pre_16S,patient_104_pre_transplant,SRP495415
SRR28352822,AMPLICON,598,94265231,PRJNA1088414,SAMN40468647,Metagenome or environmental,57057033,FISABIO,2016,public,"run.zq,sra,fastq","s3,ncbi,gs","s3.us-east-1,gs.us-east1,ncbi.public",SRX23958302,Spain,Europe,Spain: Valencia,Homo sapiens,Illumina MiSeq,feces,39.46 N 0.46 W,58_post_16S,PAIRED,PCR,METAGENOMIC,gut metagenome,ILLUMINA,2024-03-15T00:00:00Z,2024-03-15T09:20:00Z,1,58_post_16S,patient_58_post_transplant,SRP495415
SRR28352823,AMPLICON,598,129416464,PRJNA1088414,SAMN40468646,Metagenome or environmental,91056462,FISABIO,2016,public,"sra,run.zq,fastq","gs,ncbi,s3","ncbi.public,gs.us-east1,s3.us-east-1",SRX23958301,Spain,Europe,Spain: Valencia,Homo sapiens,Illumina MiSeq,feces,39.46 N 0.46 W,57_pre_16S,PAIRED,PCR,METAGENOMIC,gut metagenome,ILLUMINA,2024-03-15T00:00:00Z,2024-03-15T09:20:00Z,1,57_pre_16S,patient_57_pre_transplant,SRP495415
SRR28352824,AMPLICON,597,88406583,PRJNA1088414,SAMN40468645,Metagenome or environmental,54400309,FISABIO,2016,public,"sra,fastq,run.zq","s3,gs,ncbi","gs.us-east1,ncbi.public,s3.us-east-1",SRX23958300,Spain,Europe,Spain: Valencia,Homo sapiens,Illumina MiSeq,feces,39.46 N 0.46 W,56_pre_16S,PAIRED,PCR,METAGENOMIC,gut metagenome,ILLUMINA,2024-03-15T00:00:00Z,2024-03-15T09:20:00Z,1,56_pre_16S,patient_56_pre_transplant,SRP495415
SRR28352825,AMPLICON,598,118372546,PRJNA1088414,SAMN40468644,Metagenome or environmental,83345330,FISABIO,2016,public,"sra,fastq,run.zq","gs,ncbi,s3","gs.us-east1,s3.us-east-1,ncbi.public",SRX23958299,Spain,Europe,Spain: Valencia,Homo sapiens,Illumina MiSeq,feces,39.46 N 0.46 W,56_post_16S,PAIRED,PCR,METAGENOMIC,gut metagenome,ILLUMINA,2024-03-15T00:00:00Z,2024-03-15T09:20:00Z,1,56_post_16S,patient_56_post_transplant,SRP495415
SRR28352826,AMPLICON,598,78365339,PRJNA1088414,SAMN40468643,Metagenome or environmental,49118909,FISABIO,2016,public,"fastq,sra,run.zq","gs,ncbi,s3","ncbi.public,gs.us-east1,s3.us-east-1",SRX23958298,Spain,Europe,Spain: Valencia,Homo sapiens,Illumina MiSeq,feces,39.46 N 0.46 W,55_pre_16S,PAIRED,PCR,METAGENOMIC,gut metagenome,ILLUMINA,2024-03-15T00:00:00Z,2024-03-15T09:20:00Z,1,55_pre_16S,patient_55_pre_transplant,SRP495415
SRR28352827,AMPLICON,598,104438497,PRJNA1088414,SAMN40468642,Metagenome or environmental,72566960,FISABIO,2016,public,"fastq,run.zq,sra","ncbi,gs,s3","s3.us-east-1,gs.us-east1,ncbi.public",SRX23958297,Spain,Europe,Spain: Valencia,Homo sapiens,Illumina MiSeq,feces,39.46 N 0.46 W,55_post_16S,PAIRED,PCR,METAGENOMIC,gut metagenome,ILLUMINA,2024-03-15T00:00:00Z,2024-03-15T09:20:00Z,1,55_post_16S,patient_55_post_transplant,SRP495415
SRR28352828,AMPLICON,597,77421828,PRJNA1088414,SAMN40468641,Metagenome or environmental,48376679,FISABIO,2016,public,"run.zq,sra,fastq","s3,gs,ncbi","gs.us-east1,ncbi.public,s3.us-east-1",SRX23958296,Spain,Europe,Spain: Valencia,Homo sapiens,Illumina MiSeq,feces,39.46 N 0.46 W,54_pre_16S,PAIRED,PCR,METAGENOMIC,gut metagenome,ILLUMINA,2024-03-15T00:00:00Z,2024-03-15T09:20:00Z,1,54_pre_16S,patient_54_pre_transplant,SRP495415
SRR28352829,AMPLICON,597,119609097,PRJNA1088414,SAMN40468640,Metagenome or environmental,83472955,FISABIO,2016,public,"fastq,sra,run.zq","ncbi,gs,s3","gs.us-east1,ncbi.public,s3.us-east-1",SRX23958295,Spain,Europe,Spain: Valencia,Homo sapiens,Illumina MiSeq,feces,39.46 N 0.46 W,53_pre_16S,PAIRED,PCR,METAGENOMIC,gut metagenome,ILLUMINA,2024-03-15T00:00:00Z,2024-03-15T09:20:00Z,1,53_pre_16S,patient_53_pre_transplant,SRP495415
SRR28352830,AMPLICON,598,85465029,PRJNA1088414,SAMN40468639,Metagenome or environmental,60392215,FISABIO,2016,public,"fastq,run.zq,sra","gs,ncbi,s3","ncbi.public,s3.us-east-1,gs.us-east1",SRX23958294,Spain,Europe,Spain: Valencia,Homo sapiens,Illumina MiSeq,feces,39.46 N 0.46 W,53_post_16S,PAIRED,PCR,METAGENOMIC,gut metagenome,ILLUMINA,2024-03-15T00:00:00Z,2024-03-15T09:20:00Z,1,53_post_16S,patient_53_post_transplant,SRP495415
SRR28352831,AMPLICON,597,147921679,PRJNA1088414,SAMN40468638,Metagenome or environmental,101858262,FISABIO,2016,public,"sra,run.zq,fastq","s3,ncbi,gs","gs.us-east1,s3.us-east-1,ncbi.public",SRX23958293,Spain,Europe,Spain: Valencia,Homo sapiens,Illumina MiSeq,feces,39.46 N 0.46 W,52_pre_16S,PAIRED,PCR,METAGENOMIC,gut metagenome,ILLUMINA,2024-03-15T00:00:00Z,2024-03-15T09:20:00Z,1,52_pre_16S,patient_52_pre_transplant,SRP495415
SRR28352832,AMPLICON,598,109256760,PRJNA1088414,SAMN40468566,Metagenome or environmental,71128667,FISABIO,2016,public,"fastq,sra,run.zq","ncbi,s3,gs","ncbi.public,gs.us-east1,s3.us-east-1",SRX23958292,Spain,Europe,Spain: Valencia,Homo sapiens,Illumina MiSeq,feces,39.46 N 0.46 W,103_pre_16S,PAIRED,PCR,METAGENOMIC,gut metagenome,ILLUMINA,2024-03-15T00:00:00Z,2024-03-15T09:20:00Z,1,103_pre_16S,patient_103_pre_transplant,SRP495415
SRR28352833,AMPLICON,598,93849974,PRJNA1088414,SAMN40468637,Metagenome or environmental,57211434,FISABIO,2016,public,"sra,fastq,run.zq","gs,s3,ncbi","ncbi.public,s3.us-east-1,gs.us-east1",SRX23958291,Spain,Europe,Spain: Valencia,Homo sapiens,Illumina MiSeq,feces,39.46 N 0.46 W,51_pre_16S,PAIRED,PCR,METAGENOMIC,gut metagenome,ILLUMINA,2024-03-15T00:00:00Z,2024-03-15T09:20:00Z,1,51_pre_16S,patient_51_pre_transplant,SRP495415
SRR28352834,AMPLICON,598,93412615,PRJNA1088414,SAMN40468636,Metagenome or environmental,60073671,FISABIO,2016,public,"fastq,run.zq,sra","ncbi,s3,gs","s3.us-east-1,ncbi.public,gs.us-east1",SRX23958290,Spain,Europe,Spain: Valencia,Homo sapiens,Illumina MiSeq,feces,39.46 N 0.46 W,50_pre_16S,PAIRED,PCR,METAGENOMIC,gut metagenome,ILLUMINA,2024-03-15T00:00:00Z,2024-03-15T09:20:00Z,1,50_pre_16S,patient_50_pre_transplant,SRP495415
SRR28352835,AMPLICON,597,103669772,PRJNA1088414,SAMN40468635,Metagenome or environmental,72532112,FISABIO,2016,public,"run.zq,fastq,sra","ncbi,s3,gs","ncbi.public,s3.us-east-1,gs.us-east1",SRX23958289,Spain,Europe,Spain: Valencia,Homo sapiens,Illumina MiSeq,feces,39.46 N 0.46 W,50_post_16S,PAIRED,PCR,METAGENOMIC,gut metagenome,ILLUMINA,2024-03-15T00:00:00Z,2024-03-15T09:20:00Z,1,50_post_16S,patient_50_post_transplant,SRP495415
SRR28352836,AMPLICON,598,51917841,PRJNA1088414,SAMN40468634,Metagenome or environmental,30443718,FISABIO,2016,public,"sra,run.zq,fastq","s3,gs,ncbi","gs.us-east1,ncbi.public,s3.us-east-1",SRX23958288,Spain,Europe,Spain: Valencia,Homo sapiens,Illumina MiSeq,feces,39.46 N 0.46 W,5_pre_16S,PAIRED,PCR,METAGENOMIC,gut metagenome,ILLUMINA,2024-03-15T00:00:00Z,2024-03-15T09:20:00Z,1,5_pre_16S,patient_5_pre_transplant,SRP495415
SRR28352837,AMPLICON,598,194248916,PRJNA1088414,SAMN40468633,Metagenome or environmental,114358200,FISABIO,2016,public,"fastq,run.zq,sra","ncbi,gs,s3","s3.us-east-1,ncbi.public,gs.us-east1",SRX23958287,Spain,Europe,Spain: Valencia,Homo sapiens,Illumina MiSeq,feces,39.46 N 0.46 W,5_post_16S,PAIRED,PCR,METAGENOMIC,gut metagenome,ILLUMINA,2024-03-15T00:00:00Z,2024-03-15T09:20:00Z,1,5_post_16S,patient_5_post_transplant,SRP495415
SRR28352838,AMPLICON,598,111316997,PRJNA1088414,SAMN40468632,Metagenome or environmental,71622613,FISABIO,2016,public,"sra,fastq,run.zq","gs,ncbi,s3","ncbi.public,s3.us-east-1,gs.us-east1",SRX23958286,Spain,Europe,Spain: Valencia,Homo sapiens,Illumina MiSeq,feces,39.46 N 0.46 W,49_pre_16S,PAIRED,PCR,METAGENOMIC,gut metagenome,ILLUMINA,2024-03-15T00:00:00Z,2024-03-15T09:20:00Z,1,49_pre_16S,patient_49_pre_transplant,SRP495415
SRR28352839,AMPLICON,596,66142239,PRJNA1088414,SAMN40468631,Metagenome or environmental,47086010,FISABIO,2016,public,"run.zq,fastq,sra","gs,ncbi,s3","ncbi.public,gs.us-east1,s3.us-east-1",SRX23958285,Spain,Europe,Spain: Valencia,Homo sapiens,Illumina MiSeq,feces,39.46 N 0.46 W,49_post_16S,PAIRED,PCR,METAGENOMIC,gut metagenome,ILLUMINA,2024-03-15T00:00:00Z,2024-03-15T09:20:00Z,1,49_post_16S,patient_49_post_transplant,SRP495415
SRR28352840,AMPLICON,597,69660014,PRJNA1088414,SAMN40468630,Metagenome or environmental,50027088,FISABIO,2016,public,"sra,run.zq,fastq","ncbi,s3,gs","s3.us-east-1,gs.us-east1,ncbi.public",SRX23958284,Spain,Europe,Spain: Valencia,Homo sapiens,Illumina MiSeq,feces,39.46 N 0.46 W,48_post_16S,PAIRED,PCR,METAGENOMIC,gut metagenome,ILLUMINA,2024-03-15T00:00:00Z,2024-03-15T09:20:00Z,1,48_post_16S,patient_48_post_transplant,SRP495415
SRR28352841,AMPLICON,597,76812392,PRJNA1088414,SAMN40468629,Metagenome or environmental,47400625,FISABIO,2016,public,"sra,fastq,run.zq","gs,s3,ncbi","gs.us-east1,ncbi.public,s3.us-east-1",SRX23958283,Spain,Europe,Spain: Valencia,Homo sapiens,Illumina MiSeq,feces,39.46 N 0.46 W,47_pre_16S,PAIRED,PCR,METAGENOMIC,gut metagenome,ILLUMINA,2024-03-15T00:00:00Z,2024-03-15T09:20:00Z,1,47_pre_16S,patient_47_pre_transplant,SRP495415
SRR28352842,AMPLICON,599,43798612,PRJNA1088414,SAMN40468628,Metagenome or environmental,31343099,FISABIO,2016,public,"fastq,sra,run.zq","ncbi,gs,s3","gs.us-east1,s3.us-east-1,ncbi.public",SRX23958282,Spain,Europe,Spain: Valencia,Homo sapiens,Illumina MiSeq,feces,39.46 N 0.46 W,46_pre_16S,PAIRED,PCR,METAGENOMIC,gut metagenome,ILLUMINA,2024-03-15T00:00:00Z,2024-03-15T09:20:00Z,1,46_pre_16S,patient_46_pre_transplant,SRP495415
SRR28352843,AMPLICON,597,76669335,PRJNA1088414,SAMN40468565,Metagenome or environmental,49494978,FISABIO,2016,public,"run.zq,sra,fastq","ncbi,gs,s3","ncbi.public,s3.us-east-1,gs.us-east1",SRX23958281,Spain,Europe,Spain: Valencia,Homo sapiens,Illumina MiSeq,feces,39.46 N 0.46 W,102_pre_16S,PAIRED,PCR,METAGENOMIC,gut metagenome,ILLUMINA,2024-03-15T00:00:00Z,2024-03-15T09:20:00Z,1,102_pre_16S,patient_102_pre_transplant,SRP495415
SRR28352844,AMPLICON,599,56413539,PRJNA1088414,SAMN40468627,Metagenome or environmental,40393714,FISABIO,2016,public,"fastq,sra,run.zq","ncbi,gs,s3","ncbi.public,gs.us-east1,s3.us-east-1",SRX23958280,Spain,Europe,Spain: Valencia,Homo sapiens,Illumina MiSeq,feces,39.46 N 0.46 W,46_post_16S,PAIRED,PCR,METAGENOMIC,gut metagenome,ILLUMINA,2024-03-15T00:00:00Z,2024-03-15T09:20:00Z,1,46_post_16S,patient_46_post_transplant,SRP495415
SRR28352845,AMPLICON,598,103676107,PRJNA1088414,SAMN40468626,Metagenome or environmental,64333046,FISABIO,2016,public,"sra,fastq,run.zq","s3,ncbi,gs","s3.us-east-1,ncbi.public,gs.us-east1",SRX23958279,Spain,Europe,Spain: Valencia,Homo sapiens,Illumina MiSeq,feces,39.46 N 0.46 W,45_pre_16S,PAIRED,PCR,METAGENOMIC,gut metagenome,ILLUMINA,2024-03-15T00:00:00Z,2024-03-15T09:20:00Z,1,45_pre_16S,patient_45_pre_transplant,SRP495415
SRR28352846,AMPLICON,598,56949882,PRJNA1088414,SAMN40468625,Metagenome or environmental,40889625,FISABIO,2016,public,"fastq,sra,run.zq","s3,ncbi,gs","s3.us-east-1,ncbi.public,gs.us-east1",SRX23958278,Spain,Europe,Spain: Valencia,Homo sapiens,Illumina MiSeq,feces,39.46 N 0.46 W,45_post_16S,PAIRED,PCR,METAGENOMIC,gut metagenome,ILLUMINA,2024-03-15T00:00:00Z,2024-03-15T09:20:00Z,1,45_post_16S,patient_45_post_transplant,SRP495415
SRR28352847,AMPLICON,598,92257109,PRJNA1088414,SAMN40468624,Metagenome or environmental,57141651,FISABIO,2016,public,"sra,fastq,run.zq","gs,s3,ncbi","s3.us-east-1,ncbi.public,gs.us-east1",SRX23958277,Spain,Europe,Spain: Valencia,Homo sapiens,Illumina MiSeq,feces,39.46 N 0.46 W,44_pre_16S,PAIRED,PCR,METAGENOMIC,gut metagenome,ILLUMINA,2024-03-15T00:00:00Z,2024-03-15T09:20:00Z,1,44_pre_16S,patient_44_pre_transplant,SRP495415
SRR28352848,AMPLICON,593,62430556,PRJNA1088414,SAMN40468623,Metagenome or environmental,45633950,FISABIO,2016,public,"fastq,sra,run.zq","ncbi,gs,s3","s3.us-east-1,gs.us-east1,ncbi.public",SRX23958276,Spain,Europe,Spain: Valencia,Homo sapiens,Illumina MiSeq,feces,39.46 N 0.46 W,44_post_16S,PAIRED,PCR,METAGENOMIC,gut metagenome,ILLUMINA,2024-03-15T00:00:00Z,2024-03-15T09:20:00Z,1,44_post_16S,patient_44_post_transplant,SRP495415
SRR28352849,AMPLICON,598,79724365,PRJNA1088414,SAMN40468622,Metagenome or environmental,49859397,FISABIO,2016,public,"run.zq,sra,fastq","ncbi,s3,gs","ncbi.public,s3.us-east-1,gs.us-east1",SRX23958275,Spain,Europe,Spain: Valencia,Homo sapiens,Illumina MiSeq,feces,39.46 N 0.46 W,43_pre_16S,PAIRED,PCR,METAGENOMIC,gut metagenome,ILLUMINA,2024-03-15T00:00:00Z,2024-03-15T09:20:00Z,1,43_pre_16S,patient_43_pre_transplant,SRP495415
SRR28352850,AMPLICON,597,107501588,PRJNA1088414,SAMN40468621,Metagenome or environmental,75041183,FISABIO,2016,public,"fastq,run.zq,sra","gs,s3,ncbi","gs.us-east1,ncbi.public,s3.us-east-1",SRX23958274,Spain,Europe,Spain: Valencia,Homo sapiens,Illumina MiSeq,feces,39.46 N 0.46 W,42_pre_16S,PAIRED,PCR,METAGENOMIC,gut metagenome,ILLUMINA,2024-03-15T00:00:00Z,2024-03-15T09:21:00Z,1,42_pre_16S,patient_42_pre_transplant,SRP495415
SRR28352851,AMPLICON,597,130883028,PRJNA1088414,SAMN40468657,Metagenome or environmental,91487364,FISABIO,2016,public,"fastq,run.zq,sra","gs,ncbi,s3","gs.us-east1,ncbi.public,s3.us-east-1",SRX23958273,Spain,Europe,Spain: Valencia,Homo sapiens,Illumina MiSeq,feces,39.46 N 0.46 W,62_pre_16S,PAIRED,PCR,METAGENOMIC,gut metagenome,ILLUMINA,2024-03-15T00:00:00Z,2024-03-15T09:20:00Z,1,62_pre_16S,patient_62_pre_transplant,SRP495415
SRR28352852,AMPLICON,598,96689850,PRJNA1088414,SAMN40468656,Metagenome or environmental,67189943,FISABIO,2016,public,"sra,fastq,run.zq","gs,ncbi,s3","gs.us-east1,ncbi.public,s3.us-east-1",SRX23958272,Spain,Europe,Spain: Valencia,Homo sapiens,Illumina MiSeq,feces,39.46 N 0.46 W,62_post_16S,PAIRED,PCR,METAGENOMIC,gut metagenome,ILLUMINA,2024-03-15T00:00:00Z,2024-03-15T09:20:00Z,1,62_post_16S,patient_62_post_transplant,SRP495415
SRR28352853,AMPLICON,598,39660180,PRJNA1088414,SAMN40468655,Metagenome or environmental,24978103,FISABIO,2016,public,"run.zq,fastq,sra","s3,gs,ncbi","gs.us-east1,ncbi.public,s3.us-east-1",SRX23958271,Spain,Europe,Spain: Valencia,Homo sapiens,Illumina MiSeq,feces,39.46 N 0.46 W,61_pre_16S,PAIRED,PCR,METAGENOMIC,gut metagenome,ILLUMINA,2024-03-15T00:00:00Z,2024-03-15T09:20:00Z,1,61_pre_16S,patient_61_pre_transplant,SRP495415
SRR28352854,AMPLICON,598,132052922,PRJNA1088414,SAMN40468654,Metagenome or environmental,93987076,FISABIO,2016,public,"fastq,sra,run.zq","gs,ncbi,s3","gs.us-east1,s3.us-east-1,ncbi.public",SRX23958270,Spain,Europe,Spain: Valencia,Homo sapiens,Illumina MiSeq,feces,39.46 N 0.46 W,61_post_16S,PAIRED,PCR,METAGENOMIC,gut metagenome,ILLUMINA,2024-03-15T00:00:00Z,2024-03-15T09:21:00Z,1,61_post_16S,patient_61_post_transplant,SRP495415
SRR28352855,AMPLICON,597,64257905,PRJNA1088414,SAMN40468653,Metagenome or environmental,38709676,FISABIO,2016,public,"fastq,sra,run.zq","ncbi,s3,gs","s3.us-east-1,ncbi.public,gs.us-east1",SRX23958269,Spain,Europe,Spain: Valencia,Homo sapiens,Illumina MiSeq,feces,39.46 N 0.46 W,60_pre_16S,PAIRED,PCR,METAGENOMIC,gut metagenome,ILLUMINA,2024-03-15T00:00:00Z,2024-03-15T09:20:00Z,1,60_pre_16S,patient_60_pre_transplant,SRP495415
SRR28352856,AMPLICON,598,85118965,PRJNA1088414,SAMN40468652,Metagenome or environmental,59817940,FISABIO,2016,public,"run.zq,sra,fastq","gs,ncbi,s3","gs.us-east1,s3.us-east-1,ncbi.public",SRX23958268,Spain,Europe,Spain: Valencia,Homo sapiens,Illumina MiSeq,feces,39.46 N 0.46 W,60_post_16S,PAIRED,PCR,METAGENOMIC,gut metagenome,ILLUMINA,2024-03-15T00:00:00Z,2024-03-15T09:20:00Z,1,60_post_16S,patient_60_post_transplant,SRP495415
SRR28352857,AMPLICON,597,138875845,PRJNA1088414,SAMN40468651,Metagenome or environmental,103082565,FISABIO,2016,public,"sra,fastq,run.zq","gs,ncbi,s3","s3.us-east-1,gs.us-east1,ncbi.public",SRX23958267,Spain,Europe,Spain: Valencia,Homo sapiens,Illumina MiSeq,feces,39.46 N 0.46 W,6_pre_16S,PAIRED,PCR,METAGENOMIC,gut metagenome,ILLUMINA,2024-03-15T00:00:00Z,2024-03-15T09:20:00Z,1,6_pre_16S,patient_6_pre_transplant,SRP495415
SRR28352858,AMPLICON,597,113064434,PRJNA1088414,SAMN40468650,Metagenome or environmental,80222230,FISABIO,2016,public,"run.zq,fastq,sra","gs,ncbi,s3","gs.us-east1,s3.us-east-1,ncbi.public",SRX23958266,Spain,Europe,Spain: Valencia,Homo sapiens,Illumina MiSeq,feces,39.46 N 0.46 W,59_pre_16S,PAIRED,PCR,METAGENOMIC,gut metagenome,ILLUMINA,2024-03-15T00:00:00Z,2024-03-15T09:20:00Z,1,59_pre_16S,patient_59_pre_transplant,SRP495415
SRR28352859,AMPLICON,593,72127648,PRJNA1088414,SAMN40468591,Metagenome or environmental,41480082,FISABIO,2016,public,"fastq,run.zq,sra","gs,s3,ncbi","ncbi.public,s3.us-east-1,gs.us-east1",SRX23958265,Spain,Europe,Spain: Valencia,Homo sapiens,Illumina MiSeq,feces,39.46 N 0.46 W,24_pre_16S,PAIRED,PCR,METAGENOMIC,gut metagenome,ILLUMINA,2024-03-15T00:00:00Z,2024-03-15T09:20:00Z,1,24_pre_16S,patient_24_pre_transplant,SRP495415
SRR28352860,AMPLICON,597,36560764,PRJNA1088414,SAMN40468590,Metagenome or environmental,24943906,FISABIO,2016,public,"run.zq,sra,fastq","s3,ncbi,gs","ncbi.public,gs.us-east1,s3.us-east-1",SRX23958264,Spain,Europe,Spain: Valencia,Homo sapiens,Illumina MiSeq,feces,39.46 N 0.46 W,24_post_16S,PAIRED,PCR,METAGENOMIC,gut metagenome,ILLUMINA,2024-03-15T00:00:00Z,2024-03-15T09:20:00Z,1,24_post_16S,patient_24_post_transplant,SRP495415
SRR28352861,AMPLICON,598,79484830,PRJNA1088414,SAMN40468589,Metagenome or environmental,45365815,FISABIO,2016,public,"run.zq,fastq,sra","s3,ncbi,gs","ncbi.public,s3.us-east-1,gs.us-east1",SRX23958263,Spain,Europe,Spain: Valencia,Homo sapiens,Illumina MiSeq,feces,39.46 N 0.46 W,23_pre_16S,PAIRED,PCR,METAGENOMIC,gut metagenome,ILLUMINA,2024-03-15T00:00:00Z,2024-03-15T09:20:00Z,1,23_pre_16S,patient_23_pre_transplant,SRP495415
SRR28352862,AMPLICON,598,29193828,PRJNA1088414,SAMN40468588,Metagenome or environmental,17030681,FISABIO,2016,public,"sra,run.zq,fastq","s3,gs,ncbi","s3.us-east-1,ncbi.public,gs.us-east1",SRX23958262,Spain,Europe,Spain: Valencia,Homo sapiens,Illumina MiSeq,feces,39.46 N 0.46 W,22_pre_16S,PAIRED,PCR,METAGENOMIC,gut metagenome,ILLUMINA,2024-03-15T00:00:00Z,2024-03-15T09:20:00Z,1,22_pre_16S,patient_22_pre_transplant,SRP495415
SRR28352863,AMPLICON,598,36826784,PRJNA1088414,SAMN40468561,Metagenome or environmental,23530316,FISABIO,2016,public,"run.zq,sra,fastq","s3,ncbi,gs","ncbi.public,gs.us-east1,s3.us-east-1",SRX23958261,Spain,Europe,Spain: Valencia,Homo sapiens,Illumina MiSeq,feces,39.46 N 0.46 W,100_post_16S,PAIRED,PCR,METAGENOMIC,gut metagenome,ILLUMINA,2024-03-15T00:00:00Z,2024-03-15T09:20:00Z,1,100_post_16S,patient_100_post_transplant,SRP495415
SRR28352864,AMPLICON,598,53258995,PRJNA1088414,SAMN40468587,Metagenome or environmental,29548315,FISABIO,2016,public,"run.zq,sra,fastq","gs,ncbi,s3","gs.us-east1,ncbi.public,s3.us-east-1",SRX23958260,Spain,Europe,Spain: Valencia,Homo sapiens,Illumina MiSeq,feces,39.46 N 0.46 W,22_post_16S,PAIRED,PCR,METAGENOMIC,gut metagenome,ILLUMINA,2024-03-15T00:00:00Z,2024-03-15T09:20:00Z,1,22_post_16S,patient_22_post_transplant,SRP495415
SRR28352865,AMPLICON,598,110542532,PRJNA1088414,SAMN40468586,Metagenome or environmental,75607159,FISABIO,2016,public,"sra,fastq,run.zq","ncbi,gs,s3","gs.us-east1,ncbi.public,s3.us-east-1",SRX23958259,Spain,Europe,Spain: Valencia,Homo sapiens,Illumina MiSeq,feces,39.46 N 0.46 W,21_pre_16S,PAIRED,PCR,METAGENOMIC,gut metagenome,ILLUMINA,2024-03-15T00:00:00Z,2024-03-15T09:20:00Z,1,21_pre_16S,patient_21_pre_transplant,SRP495415
SRR28352866,AMPLICON,598,49693921,PRJNA1088414,SAMN40468585,Metagenome or environmental,27951374,FISABIO,2016,public,"run.zq,sra,fastq","gs,ncbi,s3","s3.us-east-1,ncbi.public,gs.us-east1",SRX23958258,Spain,Europe,Spain: Valencia,Homo sapiens,Illumina MiSeq,feces,39.46 N 0.46 W,20_pre_16S,PAIRED,PCR,METAGENOMIC,gut metagenome,ILLUMINA,2024-03-15T00:00:00Z,2024-03-15T09:20:00Z,1,20_pre_16S,patient_20_pre_transplant,SRP495415
SRR28352867,AMPLICON,597,99655539,PRJNA1088414,SAMN40468584,Metagenome or environmental,74105929,FISABIO,2016,public,"fastq,run.zq,sra","s3,ncbi,gs","gs.us-east1,ncbi.public,s3.us-east-1",SRX23958257,Spain,Europe,Spain: Valencia,Homo sapiens,Illumina MiSeq,feces,39.46 N 0.46 W,2_pre_16S,PAIRED,PCR,METAGENOMIC,gut metagenome,ILLUMINA,2024-03-15T00:00:00Z,2024-03-15T09:21:00Z,1,2_pre_16S,patient_2_pre_transplant,SRP495415
SRR28352868,AMPLICON,595,75311198,PRJNA1088414,SAMN40468583,Metagenome or environmental,57150463,FISABIO,2016,public,"run.zq,sra,fastq","ncbi,s3,gs","gs.us-east1,ncbi.public,s3.us-east-1",SRX23958256,Spain,Europe,Spain: Valencia,Homo sapiens,Illumina MiSeq,feces,39.46 N 0.46 W,2_post_16S,PAIRED,PCR,METAGENOMIC,gut metagenome,ILLUMINA,2024-03-15T00:00:00Z,2024-03-15T09:20:00Z,1,2_post_16S,patient_2_post_transplant,SRP495415
SRR28352869,AMPLICON,598,52086568,PRJNA1088414,SAMN40468582,Metagenome or environmental,32316759,FISABIO,2016,public,"fastq,run.zq,sra","gs,ncbi,s3","gs.us-east1,s3.us-east-1,ncbi.public",SRX23958255,Spain,Europe,Spain: Valencia,Homo sapiens,Illumina MiSeq,feces,39.46 N 0.46 W,19_pre_16S,PAIRED,PCR,METAGENOMIC,gut metagenome,ILLUMINA,2024-03-15T00:00:00Z,2024-03-15T09:20:00Z,1,19_pre_16S,patient_19_pre_transplant,SRP495415
SRR28352870,AMPLICON,597,55139692,PRJNA1088414,SAMN40468581,Metagenome or environmental,32634169,FISABIO,2016,public,"run.zq,fastq,sra","s3,gs,ncbi","gs.us-east1,ncbi.public,s3.us-east-1",SRX23958254,Spain,Europe,Spain: Valencia,Homo sapiens,Illumina MiSeq,feces,39.46 N 0.46 W,18_pre_16S,PAIRED,PCR,METAGENOMIC,gut metagenome,ILLUMINA,2024-03-15T00:00:00Z,2024-03-15T09:20:00Z,1,18_pre_16S,patient_18_pre_transplant,SRP495415
SRR28352871,AMPLICON,596,50076768,PRJNA1088414,SAMN40468580,Metagenome or environmental,29473909,FISABIO,2016,public,"sra,fastq,run.zq","ncbi,s3,gs","s3.us-east-1,gs.us-east1,ncbi.public",SRX23958253,Spain,Europe,Spain: Valencia,Homo sapiens,Illumina MiSeq,feces,39.46 N 0.46 W,18_post_16S,PAIRED,PCR,METAGENOMIC,gut metagenome,ILLUMINA,2024-03-15T00:00:00Z,2024-03-15T09:20:00Z,1,18_post_16S,patient_18_post_transplant,SRP495415
SRR28352872,AMPLICON,598,99714116,PRJNA1088414,SAMN40468579,Metagenome or environmental,60538156,FISABIO,2016,public,"run.zq,fastq,sra","ncbi,s3,gs","ncbi.public,gs.us-east1,s3.us-east-1",SRX23958252,Spain,Europe,Spain: Valencia,Homo sapiens,Illumina MiSeq,feces,39.46 N 0.46 W,17_pre_16S,PAIRED,PCR,METAGENOMIC,gut metagenome,ILLUMINA,2024-03-15T00:00:00Z,2024-03-15T09:20:00Z,1,17_pre_16S,patient_17_pre_transplant,SRP495415
SRR28352873,AMPLICON,597,50901612,PRJNA1088414,SAMN40468578,Metagenome or environmental,30174077,FISABIO,2016,public,"run.zq,sra,fastq","gs,s3,ncbi","s3.us-east-1,ncbi.public,gs.us-east1",SRX23958251,Spain,Europe,Spain: Valencia,Homo sapiens,Illumina MiSeq,feces,39.46 N 0.46 W,17_post_16S,PAIRED,PCR,METAGENOMIC,gut metagenome,ILLUMINA,2024-03-15T00:00:00Z,2024-03-15T09:20:00Z,1,17_post_16S,patient_17_post_transplant,SRP495415
SRR28352874,AMPLICON,598,115301852,PRJNA1088414,SAMN40468560,Metagenome or environmental,65774976,FISABIO,2016,public,"run.zq,sra,fastq","ncbi,s3,gs","ncbi.public,gs.us-east1,s3.us-east-1",SRX23958250,Spain,Europe,Spain: Valencia,Homo sapiens,Illumina MiSeq,feces,39.46 N 0.46 W,10_pre_16S,PAIRED,PCR,METAGENOMIC,gut metagenome,ILLUMINA,2024-03-15T00:00:00Z,2024-03-15T09:20:00Z,1,10_pre_16S,patient_10_pre_transplant,SRP495415
SRR28352875,AMPLICON,597,116866104,PRJNA1088414,SAMN40468577,Metagenome or environmental,80485851,FISABIO,2016,public,"run.zq,fastq,sra","s3,gs,ncbi","gs.us-east1,ncbi.public,s3.us-east-1",SRX23958249,Spain,Europe,Spain: Valencia,Homo sapiens,Illumina MiSeq,feces,39.46 N 0.46 W,16_pre_16S,PAIRED,PCR,METAGENOMIC,gut metagenome,ILLUMINA,2024-03-15T00:00:00Z,2024-03-15T09:20:00Z,1,16_pre_16S,patient_16_pre_transplant,SRP495415
SRR28352876,AMPLICON,597,135237390,PRJNA1088414,SAMN40468576,Metagenome or environmental,91696553,FISABIO,2016,public,"sra,fastq,run.zq","s3,ncbi,gs","gs.us-east1,s3.us-east-1,ncbi.public",SRX23958248,Spain,Europe,Spain: Valencia,Homo sapiens,Illumina MiSeq,feces,39.46 N 0.46 W,15_pre_16S,PAIRED,PCR,METAGENOMIC,gut metagenome,ILLUMINA,2024-03-15T00:00:00Z,2024-03-15T09:20:00Z,1,15_pre_16S,patient_15_pre_transplant,SRP495415
SRR28352877,AMPLICON,596,77534954,PRJNA1088414,SAMN40468729,Metagenome or environmental,49125222,FISABIO,2016,public,"sra,run.zq,fastq","s3,ncbi,gs","ncbi.public,gs.us-east1,s3.us-east-1",SRX23958247,Spain,Europe,Spain: Valencia,Homo sapiens,Illumina MiSeq,feces,39.46 N 0.46 W,99_pre_16S,PAIRED,PCR,METAGENOMIC,gut metagenome,ILLUMINA,2024-03-15T00:00:00Z,2024-03-15T09:20:00Z,1,99_pre_16S,patient_99_pre_transplant,SRP495415
SRR28352878,AMPLICON,597,77574623,PRJNA1088414,SAMN40468728,Metagenome or environmental,50751865,FISABIO,2016,public,"fastq,run.zq,sra","s3,ncbi,gs","ncbi.public,s3.us-east-1,gs.us-east1",SRX23958246,Spain,Europe,Spain: Valencia,Homo sapiens,Illumina MiSeq,feces,39.46 N 0.46 W,99_post_16S,PAIRED,PCR,METAGENOMIC,gut metagenome,ILLUMINA,2024-03-15T00:00:00Z,2024-03-15T09:20:00Z,1,99_post_16S,patient_99_post_transplant,SRP495415
SRR28352879,AMPLICON,598,40326144,PRJNA1088414,SAMN40468575,Metagenome or environmental,25175840,FISABIO,2016,public,"run.zq,fastq,sra","ncbi,gs,s3","s3.us-east-1,gs.us-east1,ncbi.public",SRX23958245,Spain,Europe,Spain: Valencia,Homo sapiens,Illumina MiSeq,feces,39.46 N 0.46 W,15_post_16S,PAIRED,PCR,METAGENOMIC,gut metagenome,ILLUMINA,2024-03-15T00:00:00Z,2024-03-15T09:20:00Z,1,15_post_16S,patient_15_post_transplant,SRP495415
SRR28352880,AMPLICON,598,96862316,PRJNA1088414,SAMN40468727,Metagenome or environmental,62941278,FISABIO,2016,public,"sra,run.zq,fastq","ncbi,s3,gs","gs.us-east1,s3.us-east-1,ncbi.public",SRX23958244,Spain,Europe,Spain: Valencia,Homo sapiens,Illumina MiSeq,feces,39.46 N 0.46 W,98_pre_16S,PAIRED,PCR,METAGENOMIC,gut metagenome,ILLUMINA,2024-03-15T00:00:00Z,2024-03-15T09:21:00Z,1,98_pre_16S,patient_98_pre_transplant,SRP495415
SRR28352881,AMPLICON,597,94625112,PRJNA1088414,SAMN40468726,Metagenome or environmental,59903303,FISABIO,2016,public,"run.zq,fastq,sra","gs,ncbi,s3","ncbi.public,s3.us-east-1,gs.us-east1",SRX23958243,Spain,Europe,Spain: Valencia,Homo sapiens,Illumina MiSeq,feces,39.46 N 0.46 W,98_post_16S,PAIRED,PCR,METAGENOMIC,gut metagenome,ILLUMINA,2024-03-15T00:00:00Z,2024-03-15T09:20:00Z,1,98_post_16S,patient_98_post_transplant,SRP495415
SRR28352882,AMPLICON,597,77681651,PRJNA1088414,SAMN40468725,Metagenome or environmental,51345924,FISABIO,2016,public,"run.zq,fastq,sra","gs,ncbi,s3","gs.us-east1,s3.us-east-1,ncbi.public",SRX23958242,Spain,Europe,Spain: Valencia,Homo sapiens,Illumina MiSeq,feces,39.46 N 0.46 W,97_pre_16S,PAIRED,PCR,METAGENOMIC,gut metagenome,ILLUMINA,2024-03-15T00:00:00Z,2024-03-15T09:20:00Z,1,97_pre_16S,patient_97_pre_transplant,SRP495415
SRR28352883,AMPLICON,597,79678357,PRJNA1088414,SAMN40468724,Metagenome or environmental,52486617,FISABIO,2016,public,"sra,run.zq,fastq","ncbi,s3,gs","gs.us-east1,ncbi.public,s3.us-east-1",SRX23958241,Spain,Europe,Spain: Valencia,Homo sapiens,Illumina MiSeq,feces,39.46 N 0.46 W,96_pre_16S,PAIRED,PCR,METAGENOMIC,gut metagenome,ILLUMINA,2024-03-15T00:00:00Z,2024-03-15T09:20:00Z,1,96_pre_16S,patient_96_pre_transplant,SRP495415
SRR28352884,AMPLICON,597,50172496,PRJNA1088414,SAMN40468723,Metagenome or environmental,32730569,FISABIO,2016,public,"fastq,sra,run.zq","gs,ncbi,s3","s3.us-east-1,gs.us-east1,ncbi.public",SRX23958240,Spain,Europe,Spain: Valencia,Homo sapiens,Illumina MiSeq,feces,39.46 N 0.46 W,96_post_16S,PAIRED,PCR,METAGENOMIC,gut metagenome,ILLUMINA,2024-03-15T00:00:00Z,2024-03-15T09:20:00Z,1,96_post_16S,patient_96_post_transplant,SRP495415
SRR28352885,AMPLICON,597,60172717,PRJNA1088414,SAMN40468722,Metagenome or environmental,39120672,FISABIO,2016,public,"fastq,run.zq,sra","s3,gs,ncbi","gs.us-east1,s3.us-east-1,ncbi.public",SRX23958239,Spain,Europe,Spain: Valencia,Homo sapiens,Illumina MiSeq,feces,39.46 N 0.46 W,95_pre_16S,PAIRED,PCR,METAGENOMIC,gut metagenome,ILLUMINA,2024-03-15T00:00:00Z,2024-03-15T09:20:00Z,1,95_pre_16S,patient_95_pre_transplant,SRP495415
SRR28352886,AMPLICON,598,66175707,PRJNA1088414,SAMN40468721,Metagenome or environmental,43582104,FISABIO,2016,public,"sra,fastq,run.zq","ncbi,gs,s3","s3.us-east-1,gs.us-east1,ncbi.public",SRX23958238,Spain,Europe,Spain: Valencia,Homo sapiens,Illumina MiSeq,feces,39.46 N 0.46 W,95_post_16S,PAIRED,PCR,METAGENOMIC,gut metagenome,ILLUMINA,2024-03-15T00:00:00Z,2024-03-15T09:20:00Z,1,95_post_16S,patient_95_post_transplant,SRP495415
SRR28352887,AMPLICON,598,76797554,PRJNA1088414,SAMN40468720,Metagenome or environmental,50345598,FISABIO,2016,public,"run.zq,sra,fastq","ncbi,gs,s3","gs.us-east1,s3.us-east-1,ncbi.public",SRX23958237,Spain,Europe,Spain: Valencia,Homo sapiens,Illumina MiSeq,feces,39.46 N 0.46 W,94_pre_16S,PAIRED,PCR,METAGENOMIC,gut metagenome,ILLUMINA,2024-03-15T00:00:00Z,2024-03-15T09:20:00Z,1,94_pre_16S,patient_94_pre_transplant,SRP495415
SRR28352888,AMPLICON,598,94541330,PRJNA1088414,SAMN40468719,Metagenome or environmental,62755377,FISABIO,2016,public,"fastq,run.zq,sra","ncbi,gs,s3","s3.us-east-1,ncbi.public,gs.us-east1",SRX23958236,Spain,Europe,Spain: Valencia,Homo sapiens,Illumina MiSeq,feces,39.46 N 0.46 W,94_post_16S,PAIRED,PCR,METAGENOMIC,gut metagenome,ILLUMINA,2024-03-15T00:00:00Z,2024-03-15T09:20:00Z,1,94_post_16S,patient_94_post_transplant,SRP495415
SRR28352889,AMPLICON,598,94570999,PRJNA1088414,SAMN40468718,Metagenome or environmental,61992245,FISABIO,2016,public,"fastq,sra,run.zq","s3,gs,ncbi","gs.us-east1,ncbi.public,s3.us-east-1",SRX23958235,Spain,Europe,Spain: Valencia,Homo sapiens,Illumina MiSeq,feces,39.46 N 0.46 W,93_pre_16S,PAIRED,PCR,METAGENOMIC,gut metagenome,ILLUMINA,2024-03-15T00:00:00Z,2024-03-15T09:20:00Z,1,93_pre_16S,patient_93_pre_transplant,SRP495415
SRR28352890,AMPLICON,597,137525377,PRJNA1088414,SAMN40468574,Metagenome or environmental,94115124,FISABIO,2016,public,"fastq,run.zq,sra","gs,ncbi,s3","gs.us-east1,ncbi.public,s3.us-east-1",SRX23958234,Spain,Europe,Spain: Valencia,Homo sapiens,Illumina MiSeq,feces,39.46 N 0.46 W,14_pre_16S,PAIRED,PCR,METAGENOMIC,gut metagenome,ILLUMINA,2024-03-15T00:00:00Z,2024-03-15T09:20:00Z,1,14_pre_16S,patient_14_pre_transplant,SRP495415
SRR28352891,AMPLICON,597,87782258,PRJNA1088414,SAMN40468620,Metagenome or environmental,62721913,FISABIO,2016,public,"run.zq,sra,fastq","s3,ncbi,gs","gs.us-east1,ncbi.public,s3.us-east-1",SRX23958233,Spain,Europe,Spain: Valencia,Homo sapiens,Illumina MiSeq,feces,39.46 N 0.46 W,42_post_16S,PAIRED,PCR,METAGENOMIC,gut metagenome,ILLUMINA,2024-03-15T00:00:00Z,2024-03-15T09:20:00Z,1,42_post_16S,patient_42_post_transplant,SRP495415
SRR28352892,AMPLICON,598,71298787,PRJNA1088414,SAMN40468619,Metagenome or environmental,43567232,FISABIO,2016,public,"run.zq,sra,fastq","gs,ncbi,s3","ncbi.public,s3.us-east-1,gs.us-east1",SRX23958232,Spain,Europe,Spain: Valencia,Homo sapiens,Illumina MiSeq,feces,39.46 N 0.46 W,41_pre_16S,PAIRED,PCR,METAGENOMIC,gut metagenome,ILLUMINA,2024-03-15T00:00:00Z,2024-03-15T09:20:00Z,1,41_pre_16S,patient_41_pre_transplant,SRP495415
SRR28352893,AMPLICON,598,64498700,PRJNA1088414,SAMN40468618,Metagenome or environmental,45483612,FISABIO,2016,public,"sra,fastq,run.zq","s3,gs,ncbi","ncbi.public,s3.us-east-1,gs.us-east1",SRX23958231,Spain,Europe,Spain: Valencia,Homo sapiens,Illumina MiSeq,feces,39.46 N 0.46 W,40_pre_16S,PAIRED,PCR,METAGENOMIC,gut metagenome,ILLUMINA,2024-03-15T00:00:00Z,2024-03-15T09:20:00Z,1,40_pre_16S,patient_40_pre_transplant,SRP495415
SRR28352894,AMPLICON,598,103352148,PRJNA1088414,SAMN40468564,Metagenome or environmental,68302747,FISABIO,2016,public,"sra,fastq,run.zq","gs,s3,ncbi","gs.us-east1,ncbi.public,s3.us-east-1",SRX23958230,Spain,Europe,Spain: Valencia,Homo sapiens,Illumina MiSeq,feces,39.46 N 0.46 W,101_pre_16S,PAIRED,PCR,METAGENOMIC,gut metagenome,ILLUMINA,2024-03-15T00:00:00Z,2024-03-15T09:20:00Z,1,101_pre_16S,patient_101_pre_transplant,SRP495415
SRR28352895,AMPLICON,597,36193735,PRJNA1088414,SAMN40468617,Metagenome or environmental,24949078,FISABIO,2016,public,"run.zq,fastq,sra","gs,s3,ncbi","gs.us-east1,ncbi.public,s3.us-east-1",SRX23958229,Spain,Europe,Spain: Valencia,Homo sapiens,Illumina MiSeq,feces,39.46 N 0.46 W,40_post_16S,PAIRED,PCR,METAGENOMIC,gut metagenome,ILLUMINA,2024-03-15T00:00:00Z,2024-03-15T09:20:00Z,1,40_post_16S,patient_40_post_transplant,SRP495415
SRR28352896,AMPLICON,596,155265402,PRJNA1088414,SAMN40468616,Metagenome or environmental,115111410,FISABIO,2016,public,"run.zq,fastq,sra","gs,ncbi,s3","gs.us-east1,s3.us-east-1,ncbi.public",SRX23958228,Spain,Europe,Spain: Valencia,Homo sapiens,Illumina MiSeq,feces,39.46 N 0.46 W,4_pre_16S,PAIRED,PCR,METAGENOMIC,gut metagenome,ILLUMINA,2024-03-15T00:00:00Z,2024-03-15T09:20:00Z,1,4_pre_16S,patient_4_pre_transplant,SRP495415
SRR28352897,AMPLICON,597,118024808,PRJNA1088414,SAMN40468615,Metagenome or environmental,82682348,FISABIO,2016,public,"fastq,run.zq,sra","gs,ncbi,s3","s3.us-east-1,gs.us-east1,ncbi.public",SRX23958227,Spain,Europe,Spain: Valencia,Homo sapiens,Illumina MiSeq,feces,39.46 N 0.46 W,39_pre_16S,PAIRED,PCR,METAGENOMIC,gut metagenome,ILLUMINA,2024-03-15T00:00:00Z,2024-03-15T09:21:00Z,1,39_pre_16S,patient_39_pre_transplant,SRP495415
SRR28352898,AMPLICON,597,91703386,PRJNA1088414,SAMN40468614,Metagenome or environmental,63965270,FISABIO,2016,public,"sra,run.zq,fastq","s3,gs,ncbi","s3.us-east-1,ncbi.public,gs.us-east1",SRX23958226,Spain,Europe,Spain: Valencia,Homo sapiens,Illumina MiSeq,feces,39.46 N 0.46 W,39_post_16S,PAIRED,PCR,METAGENOMIC,gut metagenome,ILLUMINA,2024-03-15T00:00:00Z,2024-03-15T09:20:00Z,1,39_post_16S,patient_39_post_transplant,SRP495415
SRR28352899,AMPLICON,597,92499583,PRJNA1088414,SAMN40468613,Metagenome or environmental,63901262,FISABIO,2016,public,"fastq,sra,run.zq","ncbi,gs,s3","s3.us-east-1,ncbi.public,gs.us-east1",SRX23958225,Spain,Europe,Spain: Valencia,Homo sapiens,Illumina MiSeq,feces,39.46 N 0.46 W,38_pre_16S,PAIRED,PCR,METAGENOMIC,gut metagenome,ILLUMINA,2024-03-15T00:00:00Z,2024-03-15T09:20:00Z,1,38_pre_16S,patient_38_pre_transplant,SRP495415
SRR28352900,AMPLICON,597,111333251,PRJNA1088414,SAMN40468612,Metagenome or environmental,77164985,FISABIO,2016,public,"run.zq,fastq,sra","gs,ncbi,s3","gs.us-east1,ncbi.public,s3.us-east-1",SRX23958224,Spain,Europe,Spain: Valencia,Homo sapiens,Illumina MiSeq,feces,39.46 N 0.46 W,37_pre_16S,PAIRED,PCR,METAGENOMIC,gut metagenome,ILLUMINA,2024-03-15T00:00:00Z,2024-03-15T09:20:00Z,1,37_pre_16S,patient_37_pre_transplant,SRP495415
SRR28352901,AMPLICON,597,79673496,PRJNA1088414,SAMN40468611,Metagenome or environmental,49632832,FISABIO,2016,public,"fastq,sra,run.zq","ncbi,s3,gs","s3.us-east-1,gs.us-east1,ncbi.public",SRX23958223,Spain,Europe,Spain: Valencia,Homo sapiens,Illumina MiSeq,feces,39.46 N 0.46 W,36_pre_16S,PAIRED,PCR,METAGENOMIC,gut metagenome,ILLUMINA,2024-03-15T00:00:00Z,2024-03-15T09:20:00Z,1,36_pre_16S,patient_36_pre_transplant,SRP495415
SRR28352902,AMPLICON,598,135038302,PRJNA1088414,SAMN40468610,Metagenome or environmental,94661476,FISABIO,2016,public,"sra,fastq,run.zq","ncbi,gs,s3","s3.us-east-1,gs.us-east1,ncbi.public",SRX23958222,Spain,Europe,Spain: Valencia,Homo sapiens,Illumina MiSeq,feces,39.46 N 0.46 W,36_post_16S,PAIRED,PCR,METAGENOMIC,gut metagenome,ILLUMINA,2024-03-15T00:00:00Z,2024-03-15T09:20:00Z,1,36_post_16S,patient_36_post_transplant,SRP495415
SRR28352903,AMPLICON,598,109719449,PRJNA1088414,SAMN40468609,Metagenome or environmental,68288512,FISABIO,2016,public,"run.zq,sra,fastq","s3,ncbi,gs","ncbi.public,s3.us-east-1,gs.us-east1",SRX23958221,Spain,Europe,Spain: Valencia,Homo sapiens,Illumina MiSeq,feces,39.46 N 0.46 W,35_pre_16S,PAIRED,PCR,METAGENOMIC,gut metagenome,ILLUMINA,2024-03-15T00:00:00Z,2024-03-15T09:20:00Z,1,35_pre_16S,patient_35_pre_transplant,SRP495415
SRR28352904,AMPLICON,597,76090688,PRJNA1088414,SAMN40468608,Metagenome or environmental,46180550,FISABIO,2016,public,"run.zq,fastq,sra","s3,ncbi,gs","ncbi.public,s3.us-east-1,gs.us-east1",SRX23958220,Spain,Europe,Spain: Valencia,Homo sapiens,Illumina MiSeq,feces,39.46 N 0.46 W,34_pre_16S,PAIRED,PCR,METAGENOMIC,gut metagenome,ILLUMINA,2024-03-15T00:00:00Z,2024-03-15T09:21:00Z,1,34_pre_16S,patient_34_pre_transplant,SRP495415
SRR28352905,AMPLICON,598,108956025,PRJNA1088414,SAMN40468563,Metagenome or environmental,70239191,FISABIO,2016,public,"run.zq,fastq,sra","ncbi,gs,s3","gs.us-east1,s3.us-east-1,ncbi.public",SRX23958219,Spain,Europe,Spain: Valencia,Homo sapiens,Illumina MiSeq,feces,39.46 N 0.46 W,101_post_16S,PAIRED,PCR,METAGENOMIC,gut metagenome,ILLUMINA,2024-03-15T00:00:00Z,2024-03-15T09:20:00Z,1,101_post_16S,patient_101_post_transplant,SRP495415
SRR28352906,AMPLICON,598,117573527,PRJNA1088414,SAMN40468607,Metagenome or environmental,83142636,FISABIO,2016,public,"fastq,sra,run.zq","s3,gs,ncbi","gs.us-east1,s3.us-east-1,ncbi.public",SRX23958218,Spain,Europe,Spain: Valencia,Homo sapiens,Illumina MiSeq,feces,39.46 N 0.46 W,34_post_16S,PAIRED,PCR,METAGENOMIC,gut metagenome,ILLUMINA,2024-03-15T00:00:00Z,2024-03-15T09:21:00Z,1,34_post_16S,patient_34_post_transplant,SRP495415
SRR28352907,AMPLICON,597,107384943,PRJNA1088414,SAMN40468606,Metagenome or environmental,75282438,FISABIO,2016,public,"fastq,run.zq,sra","ncbi,s3,gs","s3.us-east-1,ncbi.public,gs.us-east1",SRX23958217,Spain,Europe,Spain: Valencia,Homo sapiens,Illumina MiSeq,feces,39.46 N 0.46 W,33_pre_16S,PAIRED,PCR,METAGENOMIC,gut metagenome,ILLUMINA,2024-03-15T00:00:00Z,2024-03-15T09:20:00Z,1,33_pre_16S,patient_33_pre_transplant,SRP495415
SRR28352908,AMPLICON,598,112962153,PRJNA1088414,SAMN40468605,Metagenome or environmental,78656675,FISABIO,2016,public,"fastq,run.zq,sra","ncbi,gs,s3","gs.us-east1,s3.us-east-1,ncbi.public",SRX23958216,Spain,Europe,Spain: Valencia,Homo sapiens,Illumina MiSeq,feces,39.46 N 0.46 W,32_pre_16S,PAIRED,PCR,METAGENOMIC,gut metagenome,ILLUMINA,2024-03-15T00:00:00Z,2024-03-15T09:20:00Z,1,32_pre_16S,patient_32_pre_transplant,SRP495415
SRR28352909,AMPLICON,598,113000894,PRJNA1088414,SAMN40468604,Metagenome or environmental,78802383,FISABIO,2016,public,"sra,fastq,run.zq","s3,ncbi,gs","ncbi.public,s3.us-east-1,gs.us-east1",SRX23958215,Spain,Europe,Spain: Valencia,Homo sapiens,Illumina MiSeq,feces,39.46 N 0.46 W,32_post_16S,PAIRED,PCR,METAGENOMIC,gut metagenome,ILLUMINA,2024-03-15T00:00:00Z,2024-03-15T09:20:00Z,1,32_post_16S,patient_32_post_transplant,SRP495415
SRR28352910,AMPLICON,598,95785230,PRJNA1088414,SAMN40468603,Metagenome or environmental,58437059,FISABIO,2016,public,"run.zq,sra,fastq","gs,s3,ncbi","gs.us-east1,s3.us-east-1,ncbi.public",SRX23958214,Spain,Europe,Spain: Valencia,Homo sapiens,Illumina MiSeq,feces,39.46 N 0.46 W,31_pre_16S,PAIRED,PCR,METAGENOMIC,gut metagenome,ILLUMINA,2024-03-15T00:00:00Z,2024-03-15T09:20:00Z,1,31_pre_16S,patient_31_pre_transplant,SRP495415
SRR28352911,AMPLICON,597,101070637,PRJNA1088414,SAMN40468602,Metagenome or environmental,70180668,FISABIO,2016,public,"fastq,sra,run.zq","ncbi,s3,gs","gs.us-east1,s3.us-east-1,ncbi.public",SRX23958213,Spain,Europe,Spain: Valencia,Homo sapiens,Illumina MiSeq,feces,39.46 N 0.46 W,31_post_16S,PAIRED,PCR,METAGENOMIC,gut metagenome,ILLUMINA,2024-03-15T00:00:00Z,2024-03-15T09:21:00Z,1,31_post_16S,patient_31_post_transplant,SRP495415
SRR28352912,AMPLICON,597,109780952,PRJNA1088414,SAMN40468601,Metagenome or environmental,68624205,FISABIO,2016,public,"run.zq,sra,fastq","ncbi,gs,s3","ncbi.public,gs.us-east1,s3.us-east-1",SRX23958212,Spain,Europe,Spain: Valencia,Homo sapiens,Illumina MiSeq,feces,39.46 N 0.46 W,30_pre_16S,PAIRED,PCR,METAGENOMIC,gut metagenome,ILLUMINA,2024-03-15T00:00:00Z,2024-03-15T09:21:00Z,1,30_pre_16S,patient_30_pre_transplant,SRP495415
SRR28352913,AMPLICON,597,183785228,PRJNA1088414,SAMN40468600,Metagenome or environmental,136551128,FISABIO,2016,public,"run.zq,sra,fastq","gs,ncbi,s3","gs.us-east1,ncbi.public,s3.us-east-1",SRX23958211,Spain,Europe,Spain: Valencia,Homo sapiens,Illumina MiSeq,feces,39.46 N 0.46 W,3_pre_16S,PAIRED,PCR,METAGENOMIC,gut metagenome,ILLUMINA,2024-03-15T00:00:00Z,2024-03-15T09:20:00Z,1,3_pre_16S,patient_3_pre_transplant,SRP495415
SRR28352914,AMPLICON,597,143995812,PRJNA1088414,SAMN40468599,Metagenome or environmental,108056796,FISABIO,2016,public,"sra,run.zq,fastq","s3,gs,ncbi","s3.us-east-1,ncbi.public,gs.us-east1",SRX23958210,Spain,Europe,Spain: Valencia,Homo sapiens,Illumina MiSeq,feces,39.46 N 0.46 W,3_post_16S,PAIRED,PCR,METAGENOMIC,gut metagenome,ILLUMINA,2024-03-15T00:00:00Z,2024-03-15T09:20:00Z,1,3_post_16S,patient_3_post_transplant,SRP495415
SRR28352915,AMPLICON,597,103334887,PRJNA1088414,SAMN40468598,Metagenome or environmental,62988245,FISABIO,2016,public,"sra,run.zq,fastq","s3,gs,ncbi","ncbi.public,s3.us-east-1,gs.us-east1",SRX23958209,Spain,Europe,Spain: Valencia,Homo sapiens,Illumina MiSeq,feces,39.46 N 0.46 W,29_pre_16S,PAIRED,PCR,METAGENOMIC,gut metagenome,ILLUMINA,2024-03-15T00:00:00Z,2024-03-15T09:20:00Z,1,29_pre_16S,patient_29_pre_transplant,SRP495415
SRR28352916,AMPLICON,597,108317193,PRJNA1088414,SAMN40468562,Metagenome or environmental,70845392,FISABIO,2016,public,"sra,fastq,run.zq","ncbi,s3,gs","s3.us-east-1,gs.us-east1,ncbi.public",SRX23958208,Spain,Europe,Spain: Valencia,Homo sapiens,Illumina MiSeq,feces,39.46 N 0.46 W,100_pre_16S,PAIRED,PCR,METAGENOMIC,gut metagenome,ILLUMINA,2024-03-15T00:00:00Z,2024-03-15T09:20:00Z,1,100_pre_16S,patient_100_pre_transplant,SRP495415
SRR28352917,AMPLICON,597,79960295,PRJNA1088414,SAMN40468597,Metagenome or environmental,49416629,FISABIO,2016,public,"run.zq,fastq,sra","s3,ncbi,gs","gs.us-east1,s3.us-east-1,ncbi.public",SRX23958207,Spain,Europe,Spain: Valencia,Homo sapiens,Illumina MiSeq,feces,39.46 N 0.46 W,28_pre_16S,PAIRED,PCR,METAGENOMIC,gut metagenome,ILLUMINA,2024-03-15T00:00:00Z,2024-03-15T09:20:00Z,1,28_pre_16S,patient_28_pre_transplant,SRP495415
SRR28352918,AMPLICON,597,106701277,PRJNA1088414,SAMN40468596,Metagenome or environmental,75217913,FISABIO,2016,public,"sra,fastq,run.zq","ncbi,gs,s3","s3.us-east-1,ncbi.public,gs.us-east1",SRX23958206,Spain,Europe,Spain: Valencia,Homo sapiens,Illumina MiSeq,feces,39.46 N 0.46 W,27_pre_16S,PAIRED,PCR,METAGENOMIC,gut metagenome,ILLUMINA,2024-03-15T00:00:00Z,2024-03-15T09:20:00Z,1,27_pre_16S,patient_27_pre_transplant,SRP495415
SRR28352919,AMPLICON,598,98182846,PRJNA1088414,SAMN40468595,Metagenome or environmental,69526769,FISABIO,2016,public,"run.zq,sra,fastq","s3,ncbi,gs","ncbi.public,gs.us-east1,s3.us-east-1",SRX23958205,Spain,Europe,Spain: Valencia,Homo sapiens,Illumina MiSeq,feces,39.46 N 0.46 W,27_post_16S,PAIRED,PCR,METAGENOMIC,gut metagenome,ILLUMINA,2024-03-15T00:00:00Z,2024-03-15T09:21:00Z,1,27_post_16S,patient_27_post_transplant,SRP495415
SRR28352920,AMPLICON,597,115265373,PRJNA1088414,SAMN40468594,Metagenome or environmental,81700517,FISABIO,2016,public,"fastq,sra,run.zq","s3,gs,ncbi","s3.us-east-1,ncbi.public,gs.us-east1",SRX23958204,Spain,Europe,Spain: Valencia,Homo sapiens,Illumina MiSeq,feces,39.46 N 0.46 W,26_pre_16S,PAIRED,PCR,METAGENOMIC,gut metagenome,ILLUMINA,2024-03-15T00:00:00Z,2024-03-15T09:20:00Z,1,26_pre_16S,patient_26_pre_transplant,SRP495415
SRR28352921,AMPLICON,598,98397463,PRJNA1088414,SAMN40468593,Metagenome or environmental,69634839,FISABIO,2016,public,"run.zq,sra,fastq","gs,s3,ncbi","s3.us-east-1,ncbi.public,gs.us-east1",SRX23958203,Spain,Europe,Spain: Valencia,Homo sapiens,Illumina MiSeq,feces,39.46 N 0.46 W,26_post_16S,PAIRED,PCR,METAGENOMIC,gut metagenome,ILLUMINA,2024-03-15T00:00:00Z,2024-03-15T09:21:00Z,1,26_post_16S,patient_26_post_transplant,SRP495415
SRR28352922,AMPLICON,598,34878985,PRJNA1088414,SAMN40468592,Metagenome or environmental,19201589,FISABIO,2016,public,"fastq,sra,run.zq","gs,s3,ncbi","gs.us-east1,s3.us-east-1,ncbi.public",SRX23958202,Spain,Europe,Spain: Valencia,Homo sapiens,Illumina MiSeq,feces,39.46 N 0.46 W,25_pre_16S,PAIRED,PCR,METAGENOMIC,gut metagenome,ILLUMINA,2024-03-15T00:00:00Z,2024-03-15T09:20:00Z,1,25_pre_16S,patient_25_pre_transplant,SRP495415
SRR28352923,AMPLICON,597,95227482,PRJNA1088414,SAMN40468717,Metagenome or environmental,62373953,FISABIO,2016,public,"run.zq,fastq,sra","ncbi,s3,gs","s3.us-east-1,ncbi.public,gs.us-east1",SRX23958201,Spain,Europe,Spain: Valencia,Homo sapiens,Illumina MiSeq,feces,39.46 N 0.46 W,93_post_16S,PAIRED,PCR,METAGENOMIC,gut metagenome,ILLUMINA,2024-03-15T00:00:00Z,2024-03-15T09:20:00Z,1,93_post_16S,patient_93_post_transplant,SRP495415
SRR28352924,AMPLICON,598,71940873,PRJNA1088414,SAMN40468716,Metagenome or environmental,46532870,FISABIO,2016,public,"fastq,run.zq,sra","gs,s3,ncbi","gs.us-east1,s3.us-east-1,ncbi.public",SRX23958200,Spain,Europe,Spain: Valencia,Homo sapiens,Illumina MiSeq,feces,39.46 N 0.46 W,92_pre_16S,PAIRED,PCR,METAGENOMIC,gut metagenome,ILLUMINA,2024-03-15T00:00:00Z,2024-03-15T09:20:00Z,1,92_pre_16S,patient_92_pre_transplant,SRP495415
SRR28352925,AMPLICON,598,39306241,PRJNA1088414,SAMN40468715,Metagenome or environmental,25768095,FISABIO,2016,public,"fastq,run.zq,sra","ncbi,gs,s3","s3.us-east-1,ncbi.public,gs.us-east1",SRX23958199,Spain,Europe,Spain: Valencia,Homo sapiens,Illumina MiSeq,feces,39.46 N 0.46 W,92_post_16S,PAIRED,PCR,METAGENOMIC,gut metagenome,ILLUMINA,2024-03-15T00:00:00Z,2024-03-15T09:20:00Z,1,92_post_16S,patient_92_post_transplant,SRP495415
SRR28352926,AMPLICON,597,103717981,PRJNA1088414,SAMN40468714,Metagenome or environmental,67646426,FISABIO,2016,public,"sra,run.zq,fastq","ncbi,gs,s3","s3.us-east-1,ncbi.public,gs.us-east1",SRX23958198,Spain,Europe,Spain: Valencia,Homo sapiens,Illumina MiSeq,feces,39.46 N 0.46 W,91_pre_16S,PAIRED,PCR,METAGENOMIC,gut metagenome,ILLUMINA,2024-03-15T00:00:00Z,2024-03-15T09:20:00Z,1,91_pre_16S,patient_91_pre_transplant,SRP495415
SRR28352927,AMPLICON,598,80737794,PRJNA1088414,SAMN40468713,Metagenome or environmental,53642299,FISABIO,2016,public,"sra,fastq,run.zq","ncbi,gs,s3","s3.us-east-1,ncbi.public,gs.us-east1",SRX23958197,Spain,Europe,Spain: Valencia,Homo sapiens,Illumina MiSeq,feces,39.46 N 0.46 W,91_post_16S,PAIRED,PCR,METAGENOMIC,gut metagenome,ILLUMINA,2024-03-15T00:00:00Z,2024-03-15T09:20:00Z,1,91_post_16S,patient_91_post_transplant,SRP495415
SRR28352928,AMPLICON,597,129635856,PRJNA1088414,SAMN40468712,Metagenome or environmental,83750785,FISABIO,2016,public,"run.zq,sra,fastq","ncbi,s3,gs","gs.us-east1,s3.us-east-1,ncbi.public",SRX23958196,Spain,Europe,Spain: Valencia,Homo sapiens,Illumina MiSeq,feces,39.46 N 0.46 W,90_pre_16S,PAIRED,PCR,METAGENOMIC,gut metagenome,ILLUMINA,2024-03-15T00:00:00Z,2024-03-15T09:20:00Z,1,90_pre_16S,patient_90_pre_transplant,SRP495415
SRR28352929,AMPLICON,596,108658664,PRJNA1088414,SAMN40468711,Metagenome or environmental,69472714,FISABIO,2016,public,"run.zq,fastq,sra","gs,ncbi,s3","s3.us-east-1,gs.us-east1,ncbi.public",SRX23958195,Spain,Europe,Spain: Valencia,Homo sapiens,Illumina MiSeq,feces,39.46 N 0.46 W,90_post_16S,PAIRED,PCR,METAGENOMIC,gut metagenome,ILLUMINA,2024-03-15T00:00:00Z,2024-03-15T09:20:00Z,1,90_post_16S,patient_90_post_transplant,SRP495415
SRR28352930,AMPLICON,598,64191835,PRJNA1088414,SAMN40468710,Metagenome or environmental,38214283,FISABIO,2016,public,"sra,run.zq,fastq","gs,ncbi,s3","s3.us-east-1,gs.us-east1,ncbi.public",SRX23958194,Spain,Europe,Spain: Valencia,Homo sapiens,Illumina MiSeq,feces,39.46 N 0.46 W,9_pre_16S,PAIRED,PCR,METAGENOMIC,gut metagenome,ILLUMINA,2024-03-15T00:00:00Z,2024-03-15T09:20:00Z,1,9_pre_16S,patient_9_pre_transplant,SRP495415
SRR28352931,AMPLICON,597,152940396,PRJNA1088414,SAMN40468709,Metagenome or environmental,113282231,FISABIO,2016,public,"fastq,run.zq,sra","ncbi,gs,s3","ncbi.public,gs.us-east1,s3.us-east-1",SRX23958193,Spain,Europe,Spain: Valencia,Homo sapiens,Illumina MiSeq,feces,39.46 N 0.46 W,9_post_16S,PAIRED,PCR,METAGENOMIC,gut metagenome,ILLUMINA,2024-03-15T00:00:00Z,2024-03-15T09:20:00Z,1,9_post_16S,patient_9_post_transplant,SRP495415
SRR28352932,AMPLICON,597,97990372,PRJNA1088414,SAMN40468708,Metagenome or environmental,63688718,FISABIO,2016,public,"run.zq,sra,fastq","s3,gs,ncbi","s3.us-east-1,gs.us-east1,ncbi.public",SRX23958192,Spain,Europe,Spain: Valencia,Homo sapiens,Illumina MiSeq,feces,39.46 N 0.46 W,89_pre_16S,PAIRED,PCR,METAGENOMIC,gut metagenome,ILLUMINA,2024-03-15T00:00:00Z,2024-03-15T09:20:00Z,1,89_pre_16S,patient_89_pre_transplant,SRP495415
SRR28352933,AMPLICON,598,106131278,PRJNA1088414,SAMN40468573,Metagenome or environmental,73110767,FISABIO,2016,public,"fastq,sra,run.zq","ncbi,gs,s3","s3.us-east-1,gs.us-east1,ncbi.public",SRX23958191,Spain,Europe,Spain: Valencia,Homo sapiens,Illumina MiSeq,feces,39.46 N 0.46 W,13_pre_16S,PAIRED,PCR,METAGENOMIC,gut metagenome,ILLUMINA,2024-03-15T00:00:00Z,2024-03-15T09:21:00Z,1,13_pre_16S,patient_13_pre_transplant,SRP495415
SRR28352934,AMPLICON,598,111806346,PRJNA1088414,SAMN40468707,Metagenome or environmental,73335821,FISABIO,2016,public,"run.zq,fastq,sra","gs,ncbi,s3","ncbi.public,s3.us-east-1,gs.us-east1",SRX23958190,Spain,Europe,Spain: Valencia,Homo sapiens,Illumina MiSeq,feces,39.46 N 0.46 W,88_pre_16S,PAIRED,PCR,METAGENOMIC,gut metagenome,ILLUMINA,2024-03-15T00:00:00Z,2024-03-15T09:20:00Z,1,88_pre_16S,patient_88_pre_transplant,SRP495415
SRR28352935,AMPLICON,598,52600245,PRJNA1088414,SAMN40468706,Metagenome or environmental,33371431,FISABIO,2016,public,"fastq,run.zq,sra","gs,ncbi,s3","gs.us-east1,ncbi.public,s3.us-east-1",SRX23958189,Spain,Europe,Spain: Valencia,Homo sapiens,Illumina MiSeq,feces,39.46 N 0.46 W,88_post_16S,PAIRED,PCR,METAGENOMIC,gut metagenome,ILLUMINA,2024-03-15T00:00:00Z,2024-03-15T09:20:00Z,1,88_post_16S,patient_88_post_transplant,SRP495415
SRR28352936,AMPLICON,598,100203665,PRJNA1088414,SAMN40468705,Metagenome or environmental,65654524,FISABIO,2016,public,"run.zq,fastq,sra","s3,ncbi,gs","gs.us-east1,ncbi.public,s3.us-east-1",SRX23958188,Spain,Europe,Spain: Valencia,Homo sapiens,Illumina MiSeq,feces,39.46 N 0.46 W,87_pre_16S,PAIRED,PCR,METAGENOMIC,gut metagenome,ILLUMINA,2024-03-15T00:00:00Z,2024-03-15T09:21:00Z,1,87_pre_16S,patient_87_pre_transplant,SRP495415
SRR28352937,AMPLICON,596,128388760,PRJNA1088414,SAMN40468704,Metagenome or environmental,81563499,FISABIO,2016,public,"run.zq,fastq,sra","s3,gs,ncbi","gs.us-east1,ncbi.public,s3.us-east-1",SRX23958187,Spain,Europe,Spain: Valencia,Homo sapiens,Illumina MiSeq,feces,39.46 N 0.46 W,86_pre_16S,PAIRED,PCR,METAGENOMIC,gut metagenome,ILLUMINA,2024-03-15T00:00:00Z,2024-03-15T09:20:00Z,1,86_pre_16S,patient_86_pre_transplant,SRP495415
SRR28352938,AMPLICON,597,119560581,PRJNA1088414,SAMN40468703,Metagenome or environmental,77598269,FISABIO,2016,public,"fastq,run.zq,sra","gs,s3,ncbi","s3.us-east-1,ncbi.public,gs.us-east1",SRX23958186,Spain,Europe,Spain: Valencia,Homo sapiens,Illumina MiSeq,feces,39.46 N 0.46 W,86_post_16S,PAIRED,PCR,METAGENOMIC,gut metagenome,ILLUMINA,2024-03-15T00:00:00Z,2024-03-15T09:20:00Z,1,86_post_16S,patient_86_post_transplant,SRP495415
SRR28352939,AMPLICON,597,106809117,PRJNA1088414,SAMN40468702,Metagenome or environmental,69051053,FISABIO,2016,public,"sra,fastq,run.zq","gs,s3,ncbi","gs.us-east1,ncbi.public,s3.us-east-1",SRX23958185,Spain,Europe,Spain: Valencia,Homo sapiens,Illumina MiSeq,feces,39.46 N 0.46 W,85_pre_16S,PAIRED,PCR,METAGENOMIC,gut metagenome,ILLUMINA,2024-03-15T00:00:00Z,2024-03-15T09:20:00Z,1,85_pre_16S,patient_85_pre_transplant,SRP495415
SRR28352940,AMPLICON,598,104953298,PRJNA1088414,SAMN40468701,Metagenome or environmental,68060227,FISABIO,2016,public,"fastq,sra,run.zq","s3,gs,ncbi","gs.us-east1,ncbi.public,s3.us-east-1",SRX23958184,Spain,Europe,Spain: Valencia,Homo sapiens,Illumina MiSeq,feces,39.46 N 0.46 W,84_pre_16S,PAIRED,PCR,METAGENOMIC,gut metagenome,ILLUMINA,2024-03-15T00:00:00Z,2024-03-15T09:20:00Z,1,84_pre_16S,patient_84_pre_transplant,SRP495415
SRR28352941,AMPLICON,598,46911581,PRJNA1088414,SAMN40468700,Metagenome or environmental,30021976,FISABIO,2016,public,"sra,fastq,run.zq","ncbi,gs,s3","s3.us-east-1,ncbi.public,gs.us-east1",SRX23958183,Spain,Europe,Spain: Valencia,Homo sapiens,Illumina MiSeq,feces,39.46 N 0.46 W,84_post_16S,PAIRED,PCR,METAGENOMIC,gut metagenome,ILLUMINA,2024-03-15T00:00:00Z,2024-03-15T09:20:00Z,1,84_post_16S,patient_84_post_transplant,SRP495415
SRR28352942,AMPLICON,598,103002570,PRJNA1088414,SAMN40468699,Metagenome or environmental,66294152,FISABIO,2016,public,"fastq,run.zq,sra","s3,gs,ncbi","ncbi.public,s3.us-east-1,gs.us-east1",SRX23958182,Spain,Europe,Spain: Valencia,Homo sapiens,Illumina MiSeq,feces,39.46 N 0.46 W,83_pre_16S,PAIRED,PCR,METAGENOMIC,gut metagenome,ILLUMINA,2024-03-15T00:00:00Z,2024-03-15T09:21:00Z,1,83_pre_16S,patient_83_pre_transplant,SRP495415
SRR28352943,AMPLICON,598,121813105,PRJNA1088414,SAMN40468698,Metagenome or environmental,79139552,FISABIO,2016,public,"run.zq,fastq,sra","s3,ncbi,gs","ncbi.public,s3.us-east-1,gs.us-east1",SRX23958181,Spain,Europe,Spain: Valencia,Homo sapiens,Illumina MiSeq,feces,39.46 N 0.46 W,83_post_16S,PAIRED,PCR,METAGENOMIC,gut metagenome,ILLUMINA,2024-03-15T00:00:00Z,2024-03-15T09:21:00Z,1,83_post_16S,patient_83_post_transplant,SRP495415
SRR28352944,AMPLICON,598,54736980,PRJNA1088414,SAMN40468572,Metagenome or environmental,33392396,FISABIO,2016,public,"sra,run.zq,fastq","gs,s3,ncbi","gs.us-east1,ncbi.public,s3.us-east-1",SRX23958180,Spain,Europe,Spain: Valencia,Homo sapiens,Illumina MiSeq,feces,39.46 N 0.46 W,12_pre_16S,PAIRED,PCR,METAGENOMIC,gut metagenome,ILLUMINA,2024-03-15T00:00:00Z,2024-03-15T09:21:00Z,1,12_pre_16S,patient_12_pre_transplant,SRP495415
SRR28352945,AMPLICON,596,89986829,PRJNA1088414,SAMN40468697,Metagenome or environmental,57082691,FISABIO,2016,public,"run.zq,sra,fastq","gs,ncbi,s3","s3.us-east-1,gs.us-east1,ncbi.public",SRX23958179,Spain,Europe,Spain: Valencia,Homo sapiens,Illumina MiSeq,feces,39.46 N 0.46 W,82_pre_16S,PAIRED,PCR,METAGENOMIC,gut metagenome,ILLUMINA,2024-03-15T00:00:00Z,2024-03-15T09:20:00Z,1,82_pre_16S,patient_82_pre_transplant,SRP495415
SRR28352946,AMPLICON,598,79205918,PRJNA1088414,SAMN40468696,Metagenome or environmental,51850797,FISABIO,2016,public,"run.zq,fastq,sra","s3,ncbi,gs","s3.us-east-1,ncbi.public,gs.us-east1",SRX23958178,Spain,Europe,Spain: Valencia,Homo sapiens,Illumina MiSeq,feces,39.46 N 0.46 W,82_post_16S,PAIRED,PCR,METAGENOMIC,gut metagenome,ILLUMINA,2024-03-15T00:00:00Z,2024-03-15T09:20:00Z,1,82_post_16S,patient_82_post_transplant,SRP495415
SRR28352947,AMPLICON,597,101550246,PRJNA1088414,SAMN40468695,Metagenome or environmental,65440001,FISABIO,2016,public,"sra,run.zq,fastq","gs,s3,ncbi","s3.us-east-1,gs.us-east1,ncbi.public",SRX23958177,Spain,Europe,Spain: Valencia,Homo sapiens,Illumina MiSeq,feces,39.46 N 0.46 W,81_pre_16S,PAIRED,PCR,METAGENOMIC,gut metagenome,ILLUMINA,2024-03-15T00:00:00Z,2024-03-15T09:20:00Z,1,81_pre_16S,patient_81_pre_transplant,SRP495415
SRR28352948,AMPLICON,598,109461531,PRJNA1088414,SAMN40468694,Metagenome or environmental,73816782,FISABIO,2016,public,"sra,fastq,run.zq","gs,ncbi,s3","s3.us-east-1,ncbi.public,gs.us-east1",SRX23958176,Spain,Europe,Spain: Valencia,Homo sapiens,Illumina MiSeq,feces,39.46 N 0.46 W,81_post_16S,PAIRED,PCR,METAGENOMIC,gut metagenome,ILLUMINA,2024-03-15T00:00:00Z,2024-03-15T09:20:00Z,1,81_post_16S,patient_81_post_transplant,SRP495415
SRR28352949,AMPLICON,597,119235582,PRJNA1088414,SAMN40468693,Metagenome or environmental,77793396,FISABIO,2016,public,"sra,run.zq,fastq","gs,s3,ncbi","gs.us-east1,s3.us-east-1,ncbi.public",SRX23958175,Spain,Europe,Spain: Valencia,Homo sapiens,Illumina MiSeq,feces,39.46 N 0.46 W,80_pre_16S,PAIRED,PCR,METAGENOMIC,gut metagenome,ILLUMINA,2024-03-15T00:00:00Z,2024-03-15T09:21:00Z,1,80_pre_16S,patient_80_pre_transplant,SRP495415
SRR28352950,AMPLICON,597,102714485,PRJNA1088414,SAMN40468692,Metagenome or environmental,66681176,FISABIO,2016,public,"sra,fastq,run.zq","s3,gs,ncbi","ncbi.public,s3.us-east-1,gs.us-east1",SRX23958174,Spain,Europe,Spain: Valencia,Homo sapiens,Illumina MiSeq,feces,39.46 N 0.46 W,80_post_16S,PAIRED,PCR,METAGENOMIC,gut metagenome,ILLUMINA,2024-03-15T00:00:00Z,2024-03-15T09:21:00Z,1,80_post_16S,patient_80_post_transplant,SRP495415
SRR28352951,AMPLICON,598,149680396,PRJNA1088414,SAMN40468691,Metagenome or environmental,104905737,FISABIO,2016,public,"sra,fastq,run.zq","gs,ncbi,s3","s3.us-east-1,gs.us-east1,ncbi.public",SRX23958173,Spain,Europe,Spain: Valencia,Homo sapiens,Illumina MiSeq,feces,39.46 N 0.46 W,8_pre_16S,PAIRED,PCR,METAGENOMIC,gut metagenome,ILLUMINA,2024-03-15T00:00:00Z,2024-03-15T09:20:00Z,1,8_pre_16S,patient_8_pre_transplant,SRP495415
SRR28352952,AMPLICON,598,91248513,PRJNA1088414,SAMN40468690,Metagenome or environmental,58958417,FISABIO,2016,public,"sra,fastq,run.zq","ncbi,gs,s3","gs.us-east1,ncbi.public,s3.us-east-1",SRX23958172,Spain,Europe,Spain: Valencia,Homo sapiens,Illumina MiSeq,feces,39.46 N 0.46 W,79_pre_16S,PAIRED,PCR,METAGENOMIC,gut metagenome,ILLUMINA,2024-03-15T00:00:00Z,2024-03-15T09:21:00Z,1,79_pre_16S,patient_79_pre_transplant,SRP495415
SRR28352953,AMPLICON,598,88863595,PRJNA1088414,SAMN40468689,Metagenome or environmental,55307889,FISABIO,2016,public,"fastq,run.zq,sra","s3,ncbi,gs","gs.us-east1,s3.us-east-1,ncbi.public",SRX23958171,Spain,Europe,Spain: Valencia,Homo sapiens,Illumina MiSeq,feces,39.46 N 0.46 W,79_post_16S,PAIRED,PCR,METAGENOMIC,gut metagenome,ILLUMINA,2024-03-15T00:00:00Z,2024-03-15T09:20:00Z,1,79_post_16S,patient_79_post_transplant,SRP495415
SRR28352954,AMPLICON,598,77518073,PRJNA1088414,SAMN40468688,Metagenome or environmental,48473483,FISABIO,2016,public,"run.zq,fastq,sra","gs,s3,ncbi","ncbi.public,s3.us-east-1,gs.us-east1",SRX23958170,Spain,Europe,Spain: Valencia,Homo sapiens,Illumina MiSeq,feces,39.46 N 0.46 W,78_pre_16S,PAIRED,PCR,METAGENOMIC,gut metagenome,ILLUMINA,2024-03-15T00:00:00Z,2024-03-15T09:20:00Z,1,78_pre_16S,patient_78_pre_transplant,SRP495415
SRR28352955,AMPLICON,598,152738239,PRJNA1088414,SAMN40468571,Metagenome or environmental,114780318,FISABIO,2016,public,"sra,fastq,run.zq","gs,ncbi,s3","gs.us-east1,ncbi.public,s3.us-east-1",SRX23958169,Spain,Europe,Spain: Valencia,Homo sapiens,Illumina MiSeq,feces,39.46 N 0.46 W,12_post_16S,PAIRED,PCR,METAGENOMIC,gut metagenome,ILLUMINA,2024-03-15T00:00:00Z,2024-03-15T09:20:00Z,1,12_post_16S,patient_12_post_transplant,SRP495415
SRR28352956,AMPLICON,598,105842108,PRJNA1088414,SAMN40468687,Metagenome or environmental,68316916,FISABIO,2016,public,"fastq,sra,run.zq","ncbi,gs,s3","ncbi.public,s3.us-east-1,gs.us-east1",SRX23958168,Spain,Europe,Spain: Valencia,Homo sapiens,Illumina MiSeq,feces,39.46 N 0.46 W,78_post_16S,PAIRED,PCR,METAGENOMIC,gut metagenome,ILLUMINA,2024-03-15T00:00:00Z,2024-03-15T09:20:00Z,1,78_post_16S,patient_78_post_transplant,SRP495415
SRR28352957,AMPLICON,596,73318310,PRJNA1088414,SAMN40468686,Metagenome or environmental,43304269,FISABIO,2016,public,"sra,fastq,run.zq","s3,ncbi,gs","ncbi.public,s3.us-east-1,gs.us-east1",SRX23958167,Spain,Europe,Spain: Valencia,Homo sapiens,Illumina MiSeq,feces,39.46 N 0.46 W,77_pre_16S,PAIRED,PCR,METAGENOMIC,gut metagenome,ILLUMINA,2024-03-15T00:00:00Z,2024-03-15T09:21:00Z,1,77_pre_16S,patient_77_pre_transplant,SRP495415
SRR28352958,AMPLICON,598,26998122,PRJNA1088414,SAMN40468685,Metagenome or environmental,16276123,FISABIO,2016,public,"sra,run.zq,fastq","s3,ncbi,gs","s3.us-east-1,gs.us-east1,ncbi.public",SRX23958166,Spain,Europe,Spain: Valencia,Homo sapiens,Illumina MiSeq,feces,39.46 N 0.46 W,77_post_16S,PAIRED,PCR,METAGENOMIC,gut metagenome,ILLUMINA,2024-03-15T00:00:00Z,2024-03-15T09:20:00Z,1,77_post_16S,patient_77_post_transplant,SRP495415
SRR28352959,AMPLICON,579,61944039,PRJNA1088414,SAMN40468684,Metagenome or environmental,38476433,FISABIO,2016,public,"run.zq,sra,fastq","ncbi,s3,gs","gs.us-east1,s3.us-east-1,ncbi.public",SRX23958165,Spain,Europe,Spain: Valencia,Homo sapiens,Illumina MiSeq,feces,39.46 N 0.46 W,76_pre_16S,PAIRED,PCR,METAGENOMIC,gut metagenome,ILLUMINA,2024-03-15T00:00:00Z,2024-03-15T09:20:00Z,1,76_pre_16S,patient_76_pre_transplant,SRP495415
SRR28352960,AMPLICON,589,62021638,PRJNA1088414,SAMN40468683,Metagenome or environmental,38638605,FISABIO,2016,public,"fastq,sra,run.zq","gs,ncbi,s3","ncbi.public,gs.us-east1,s3.us-east-1",SRX23958164,Spain,Europe,Spain: Valencia,Homo sapiens,Illumina MiSeq,feces,39.46 N 0.46 W,76_post_16S,PAIRED,PCR,METAGENOMIC,gut metagenome,ILLUMINA,2024-03-15T00:00:00Z,2024-03-15T09:20:00Z,1,76_post_16S,patient_76_post_transplant,SRP495415
SRR28352961,AMPLICON,597,115672938,PRJNA1088414,SAMN40468682,Metagenome or environmental,72367803,FISABIO,2016,public,"sra,run.zq,fastq","s3,ncbi,gs","s3.us-east-1,gs.us-east1,ncbi.public",SRX23958163,Spain,Europe,Spain: Valencia,Homo sapiens,Illumina MiSeq,feces,39.46 N 0.46 W,75_pre_16S,PAIRED,PCR,METAGENOMIC,gut metagenome,ILLUMINA,2024-03-15T00:00:00Z,2024-03-15T09:20:00Z,1,75_pre_16S,patient_75_pre_transplant,SRP495415
SRR28352962,AMPLICON,598,93594153,PRJNA1088414,SAMN40468681,Metagenome or environmental,59200471,FISABIO,2016,public,"fastq,run.zq,sra","gs,s3,ncbi","s3.us-east-1,gs.us-east1,ncbi.public",SRX23958162,Spain,Europe,Spain: Valencia,Homo sapiens,Illumina MiSeq,feces,39.46 N 0.46 W,74_pre_16S,PAIRED,PCR,METAGENOMIC,gut metagenome,ILLUMINA,2024-03-15T00:00:00Z,2024-03-15T09:21:00Z,1,74_pre_16S,patient_74_pre_transplant,SRP495415
SRR28352963,AMPLICON,598,155755913,PRJNA1088414,SAMN40468680,Metagenome or environmental,112303400,FISABIO,2016,public,"sra,run.zq,fastq","ncbi,gs,s3","s3.us-east-1,ncbi.public,gs.us-east1",SRX23958161,Spain,Europe,Spain: Valencia,Homo sapiens,Illumina MiSeq,feces,39.46 N 0.46 W,74_post_16S,PAIRED,PCR,METAGENOMIC,gut metagenome,ILLUMINA,2024-03-15T00:00:00Z,2024-03-15T09:21:00Z,1,74_post_16S,patient_74_post_transplant,SRP495415
SRR28352964,AMPLICON,596,106771774,PRJNA1088414,SAMN40468679,Metagenome or environmental,64469798,FISABIO,2016,public,"run.zq,fastq,sra","s3,ncbi,gs","gs.us-east1,ncbi.public,s3.us-east-1",SRX23958160,Spain,Europe,Spain: Valencia,Homo sapiens,Illumina MiSeq,feces,39.46 N 0.46 W,73_pre_16S,PAIRED,PCR,METAGENOMIC,gut metagenome,ILLUMINA,2024-03-15T00:00:00Z,2024-03-15T09:20:00Z,1,73_pre_16S,patient_73_pre_transplant,SRP495415
SRR28352965,AMPLICON,598,34422886,PRJNA1088414,SAMN40468678,Metagenome or environmental,21272963,FISABIO,2016,public,"sra,run.zq,fastq","s3,ncbi,gs","ncbi.public,gs.us-east1,s3.us-east-1",SRX23958159,Spain,Europe,Spain: Valencia,Homo sapiens,Illumina MiSeq,feces,39.46 N 0.46 W,72_pre_16S,PAIRED,PCR,METAGENOMIC,gut metagenome,ILLUMINA,2024-03-15T00:00:00Z,2024-03-15T09:20:00Z,1,72_pre_16S,patient_72_pre_transplant,SRP495415
SRR28352966,AMPLICON,598,147412866,PRJNA1088414,SAMN40468570,Metagenome or environmental,109331752,FISABIO,2016,public,"sra,fastq,run.zq","gs,ncbi,s3","s3.us-east-1,ncbi.public,gs.us-east1",SRX23958158,Spain,Europe,Spain: Valencia,Homo sapiens,Illumina MiSeq,feces,39.46 N 0.46 W,11_pre_16S,PAIRED,PCR,METAGENOMIC,gut metagenome,ILLUMINA,2024-03-15T00:00:00Z,2024-03-15T09:21:00Z,1,11_pre_16S,patient_11_pre_transplant,SRP495415
SRR28352967,AMPLICON,598,49983233,PRJNA1088414,SAMN40468677,Metagenome or environmental,31220429,FISABIO,2016,public,"fastq,run.zq,sra","s3,gs,ncbi","ncbi.public,gs.us-east1,s3.us-east-1",SRX23958157,Spain,Europe,Spain: Valencia,Homo sapiens,Illumina MiSeq,feces,39.46 N 0.46 W,72_post_16S,PAIRED,PCR,METAGENOMIC,gut metagenome,ILLUMINA,2024-03-15T00:00:00Z,2024-03-15T09:20:00Z,1,72_post_16S,patient_72_post_transplant,SRP495415
SRR28352968,AMPLICON,598,92110254,PRJNA1088414,SAMN40468676,Metagenome or environmental,58065185,FISABIO,2016,public,"sra,fastq,run.zq","s3,ncbi,gs","gs.us-east1,s3.us-east-1,ncbi.public",SRX23958156,Spain,Europe,Spain: Valencia,Homo sapiens,Illumina MiSeq,feces,39.46 N 0.46 W,71_pre_16S,PAIRED,PCR,METAGENOMIC,gut metagenome,ILLUMINA,2024-03-15T00:00:00Z,2024-03-15T09:20:00Z,1,71_pre_16S,patient_71_pre_transplant,SRP495415
SRR28352969,AMPLICON,598,122269458,PRJNA1088414,SAMN40468675,Metagenome or environmental,85364247,FISABIO,2016,public,"fastq,sra,run.zq","s3,ncbi,gs","ncbi.public,s3.us-east-1,gs.us-east1",SRX23958155,Spain,Europe,Spain: Valencia,Homo sapiens,Illumina MiSeq,feces,39.46 N 0.46 W,71_post_16S,PAIRED,PCR,METAGENOMIC,gut metagenome,ILLUMINA,2024-03-15T00:00:00Z,2024-03-15T09:21:00Z,1,71_post_16S,patient_71_post_transplant,SRP495415
SRR28352970,AMPLICON,598,93515798,PRJNA1088414,SAMN40468674,Metagenome or environmental,59884089,FISABIO,2016,public,"sra,fastq,run.zq","s3,gs,ncbi","ncbi.public,s3.us-east-1,gs.us-east1",SRX23958154,Spain,Europe,Spain: Valencia,Homo sapiens,Illumina MiSeq,feces,39.46 N 0.46 W,70_pre_16S,PAIRED,PCR,METAGENOMIC,gut metagenome,ILLUMINA,2024-03-15T00:00:00Z,2024-03-15T09:21:00Z,1,70_pre_16S,patient_70_pre_transplant,SRP495415
SRR28352971,AMPLICON,599,60016350,PRJNA1088414,SAMN40468673,Metagenome or environmental,41396996,FISABIO,2016,public,"run.zq,sra,fastq","gs,ncbi,s3","s3.us-east-1,gs.us-east1,ncbi.public",SRX23958153,Spain,Europe,Spain: Valencia,Homo sapiens,Illumina MiSeq,feces,39.46 N 0.46 W,70_post_16S,PAIRED,PCR,METAGENOMIC,gut metagenome,ILLUMINA,2024-03-15T00:00:00Z,2024-03-15T09:20:00Z,1,70_post_16S,patient_70_post_transplant,SRP495415
SRR28352972,AMPLICON,597,129592892,PRJNA1088414,SAMN40468672,Metagenome or environmental,96821575,FISABIO,2016,public,"run.zq,fastq,sra","ncbi,s3,gs","s3.us-east-1,gs.us-east1,ncbi.public",SRX23958152,Spain,Europe,Spain: Valencia,Homo sapiens,Illumina MiSeq,feces,39.46 N 0.46 W,7_pre_16S,PAIRED,PCR,METAGENOMIC,gut metagenome,ILLUMINA,2024-03-15T00:00:00Z,2024-03-15T09:21:00Z,1,7_pre_16S,patient_7_pre_transplant,SRP495415
SRR28352973,AMPLICON,596,92880078,PRJNA1088414,SAMN40468671,Metagenome or environmental,69179463,FISABIO,2016,public,"sra,fastq,run.zq","ncbi,s3,gs","ncbi.public,gs.us-east1,s3.us-east-1",SRX23958151,Spain,Europe,Spain: Valencia,Homo sapiens,Illumina MiSeq,feces,39.46 N 0.46 W,7_post_16S,PAIRED,PCR,METAGENOMIC,gut metagenome,ILLUMINA,2024-03-15T00:00:00Z,2024-03-15T09:20:00Z,1,7_post_16S,patient_7_post_transplant,SRP495415
SRR28352974,AMPLICON,598,55810658,PRJNA1088414,SAMN40468670,Metagenome or environmental,35168863,FISABIO,2016,public,"fastq,run.zq,sra","ncbi,s3,gs","s3.us-east-1,gs.us-east1,ncbi.public",SRX23958150,Spain,Europe,Spain: Valencia,Homo sapiens,Illumina MiSeq,feces,39.46 N 0.46 W,69_pre_16S,PAIRED,PCR,METAGENOMIC,gut metagenome,ILLUMINA,2024-03-15T00:00:00Z,2024-03-15T09:21:00Z,1,69_pre_16S,patient_69_pre_transplant,SRP495415
SRR28352975,AMPLICON,598,92412835,PRJNA1088414,SAMN40468669,Metagenome or environmental,64381751,FISABIO,2016,public,"fastq,sra,run.zq","ncbi,gs,s3","s3.us-east-1,gs.us-east1,ncbi.public",SRX23958149,Spain,Europe,Spain: Valencia,Homo sapiens,Illumina MiSeq,feces,39.46 N 0.46 W,69_post_16S,PAIRED,PCR,METAGENOMIC,gut metagenome,ILLUMINA,2024-03-15T00:00:00Z,2024-03-15T09:21:00Z,1,69_post_16S,patient_69_post_transplant,SRP495415
SRR28352976,AMPLICON,597,64990761,PRJNA1088414,SAMN40468668,Metagenome or environmental,41184426,FISABIO,2016,public,"sra,run.zq,fastq","ncbi,s3,gs","s3.us-east-1,gs.us-east1,ncbi.public",SRX23958148,Spain,Europe,Spain: Valencia,Homo sapiens,Illumina MiSeq,feces,39.46 N 0.46 W,68_pre_16S,PAIRED,PCR,METAGENOMIC,gut metagenome,ILLUMINA,2024-03-15T00:00:00Z,2024-03-15T09:20:00Z,1,68_pre_16S,patient_68_pre_transplant,SRP495415
SRR28352977,AMPLICON,598,71855019,PRJNA1088414,SAMN40468569,Metagenome or environmental,39580317,FISABIO,2016,public,"fastq,sra,run.zq","ncbi,s3,gs","gs.us-east1,ncbi.public,s3.us-east-1",SRX23958147,Spain,Europe,Spain: Valencia,Homo sapiens,Illumina MiSeq,feces,39.46 N 0.46 W,11_post_16S,PAIRED,PCR,METAGENOMIC,gut metagenome,ILLUMINA,2024-03-15T00:00:00Z,2024-03-15T09:20:00Z,1,11_post_16S,patient_11_post_transplant,SRP495415
SRR28352978,AMPLICON,596,134196875,PRJNA1088414,SAMN40468667,Metagenome or environmental,94020744,FISABIO,2016,public,"run.zq,fastq,sra","ncbi,s3,gs","s3.us-east-1,ncbi.public,gs.us-east1",SRX23958146,Spain,Europe,Spain: Valencia,Homo sapiens,Illumina MiSeq,feces,39.46 N 0.46 W,68_post_16S,PAIRED,PCR,METAGENOMIC,gut metagenome,ILLUMINA,2024-03-15T00:00:00Z,2024-03-15T09:21:00Z,1,68_post_16S,patient_68_post_transplant,SRP495415
SRR28352979,AMPLICON,598,37547395,PRJNA1088414,SAMN40468666,Metagenome or environmental,23867864,FISABIO,2016,public,"sra,run.zq,fastq","gs,s3,ncbi","gs.us-east1,s3.us-east-1,ncbi.public",SRX23958145,Spain,Europe,Spain: Valencia,Homo sapiens,Illumina MiSeq,feces,39.46 N 0.46 W,67_pre_16S,PAIRED,PCR,METAGENOMIC,gut metagenome,ILLUMINA,2024-03-15T00:00:00Z,2024-03-15T09:20:00Z,1,67_pre_16S,patient_67_pre_transplant,SRP495415
SRR28352980,AMPLICON,599,128289305,PRJNA1088414,SAMN40468665,Metagenome or environmental,89843976,FISABIO,2016,public,"run.zq,sra,fastq","s3,gs,ncbi","ncbi.public,s3.us-east-1,gs.us-east1",SRX23958144,Spain,Europe,Spain: Valencia,Homo sapiens,Illumina MiSeq,feces,39.46 N 0.46 W,67_post_16S,PAIRED,PCR,METAGENOMIC,gut metagenome,ILLUMINA,2024-03-15T00:00:00Z,2024-03-15T09:21:00Z,1,67_post_16S,patient_67_post_transplant,SRP495415
SRR28352981,AMPLICON,597,58613251,PRJNA1088414,SAMN40468664,Metagenome or environmental,36112388,FISABIO,2016,public,"run.zq,fastq,sra","ncbi,gs,s3","gs.us-east1,s3.us-east-1,ncbi.public",SRX23958143,Spain,Europe,Spain: Valencia,Homo sapiens,Illumina MiSeq,feces,39.46 N 0.46 W,66_pre_16S,PAIRED,PCR,METAGENOMIC,gut metagenome,ILLUMINA,2024-03-15T00:00:00Z,2024-03-15T09:20:00Z,1,66_pre_16S,patient_66_pre_transplant,SRP495415
SRR28352982,AMPLICON,596,92344405,PRJNA1088414,SAMN40468663,Metagenome or environmental,70082932,FISABIO,2016,public,"fastq,sra,run.zq","s3,gs,ncbi","s3.us-east-1,gs.us-east1,ncbi.public",SRX23958142,Spain,Europe,Spain: Valencia,Homo sapiens,Illumina MiSeq,feces,39.46 N 0.46 W,66_post_16S,PAIRED,PCR,METAGENOMIC,gut metagenome,ILLUMINA,2024-03-15T00:00:00Z,2024-03-15T09:21:00Z,1,66_post_16S,patient_66_post_transplant,SRP495415
SRR28352983,AMPLICON,598,49659092,PRJNA1088414,SAMN40468662,Metagenome or environmental,32614164,FISABIO,2016,public,"fastq,run.zq,sra","ncbi,s3,gs","ncbi.public,gs.us-east1,s3.us-east-1",SRX23958141,Spain,Europe,Spain: Valencia,Homo sapiens,Illumina MiSeq,feces,39.46 N 0.46 W,65_pre_16S,PAIRED,PCR,METAGENOMIC,gut metagenome,ILLUMINA,2024-03-15T00:00:00Z,2024-03-15T09:21:00Z,1,65_pre_16S,patient_65_pre_transplant,SRP495415
SRR28352984,AMPLICON,598,117596739,PRJNA1088414,SAMN40468661,Metagenome or environmental,84368701,FISABIO,2016,public,"fastq,sra,run.zq","s3,ncbi,gs","gs.us-east1,ncbi.public,s3.us-east-1",SRX23958140,Spain,Europe,Spain: Valencia,Homo sapiens,Illumina MiSeq,feces,39.46 N 0.46 W,65_post_16S,PAIRED,PCR,METAGENOMIC,gut metagenome,ILLUMINA,2024-03-15T00:00:00Z,2024-03-15T09:21:00Z,1,65_post_16S,patient_65_post_transplant,SRP495415
SRR28352985,AMPLICON,598,87160270,PRJNA1088414,SAMN40468660,Metagenome or environmental,55060937,FISABIO,2016,public,"run.zq,sra,fastq","gs,ncbi,s3","gs.us-east1,s3.us-east-1,ncbi.public",SRX23958139,Spain,Europe,Spain: Valencia,Homo sapiens,Illumina MiSeq,feces,39.46 N 0.46 W,64_pre_16S,PAIRED,PCR,METAGENOMIC,gut metagenome,ILLUMINA,2024-03-15T00:00:00Z,2024-03-15T09:20:00Z,1,64_pre_16S,patient_64_pre_transplant,SRP495415
SRR28352986,AMPLICON,597,59511427,PRJNA1088414,SAMN40468659,Metagenome or environmental,42117359,FISABIO,2016,public,"sra,run.zq,fastq","ncbi,gs,s3","s3.us-east-1,gs.us-east1,ncbi.public",SRX23958138,Spain,Europe,Spain: Valencia,Homo sapiens,Illumina MiSeq,feces,39.46 N 0.46 W,64_post_16S,PAIRED,PCR,METAGENOMIC,gut metagenome,ILLUMINA,2024-03-15T00:00:00Z,2024-03-15T09:21:00Z,1,64_post_16S,patient_64_post_transplant,SRP495415
SRR28352987,AMPLICON,598,105596129,PRJNA1088414,SAMN40468658,Metagenome or environmental,74803399,FISABIO,2016,public,"fastq,run.zq,sra","gs,s3,ncbi","s3.us-east-1,gs.us-east1,ncbi.public",SRX23958137,Spain,Europe,Spain: Valencia,Homo sapiens,Illumina MiSeq,feces,39.46 N 0.46 W,63_pre_16S,PAIRED,PCR,METAGENOMIC,gut metagenome,ILLUMINA,2024-03-15T00:00:00Z,2024-03-15T09:21:00Z,1,63_pre_16S,patient_63_pre_transplant,SRP495415
SRR28352988,AMPLICON,598,90387538,PRJNA1088414,SAMN40468568,Metagenome or environmental,58478824,FISABIO,2016,public,"fastq,run.zq,sra","gs,ncbi,s3","ncbi.public,gs.us-east1,s3.us-east-1",SRX23958136,Spain,Europe,Spain: Valencia,Homo sapiens,Illumina MiSeq,feces,39.46 N 0.46 W,105_pre_16S,PAIRED,PCR,METAGENOMIC,gut metagenome,ILLUMINA,2024-03-15T00:00:00Z,2024-03-15T09:20:00Z,1,105_pre_16S,patient_105_pre_transplant,SRP495415
SRR28352989,AMPLICON,597,82099805,PRJNA1088414,SAMN40468559,Metagenome or environmental,62445662,FISABIO,2016,public,"fastq,sra,run.zq","gs,ncbi,s3","gs.us-east1,s3.us-east-1,ncbi.public",SRX23958135,Spain,Europe,Spain: Valencia,Homo sapiens,Illumina MiSeq,feces,39.46 N 0.46 W,1_pre_16S,PAIRED,PCR,METAGENOMIC,gut metagenome,ILLUMINA,2024-03-15T00:00:00Z,2024-03-15T09:21:00Z,1,1_pre_16S,patient_1_pre_transplant,SRP495415
SRR28352990,AMPLICON,598,71564284,PRJNA1088414,SAMN40468558,Metagenome or environmental,55016599,FISABIO,2016,public,"sra,fastq,run.zq","gs,s3,ncbi","gs.us-east1,s3.us-east-1,ncbi.public",SRX23958134,Spain,Europe,Spain: Valencia,Homo sapiens,Illumina MiSeq,feces,39.46 N 0.46 W,1_post_16S,PAIRED,PCR,METAGENOMIC,gut metagenome,ILLUMINA,2024-03-15T00:00:00Z,2024-03-15T09:21:00Z,1,1_post_16S,patient_1_post_transplant,SRP495415
SRR28415962,WGS,273,6732484832,PRJNA1088414,SAMN40573634,Metagenome or environmental,3064626038,FISABIO,2016,public,"fastq,run.zq,sra","s3,gs,ncbi","ncbi.public,gs.us-east1,s3.us-east-1",SRX24020439,Spain,Europe,Spain: Valencia,Homo sapiens,NextSeq 550,feces,39.46 N 0.46 W,65_pre_shotgun,PAIRED,unspecified,METAGENOMIC,gut metagenome,ILLUMINA,2024-03-22T00:00:00Z,2024-03-22T08:18:00Z,1,65_pre_shotgun,patient_65_pre_transplant,SRP495415
SRR28415963,WGS,249,1559108090,PRJNA1088414,SAMN40573633,Metagenome or environmental,698961672,FISABIO,2016,public,"sra,fastq,run.zq","gs,s3,ncbi","s3.us-east-1,gs.us-east1,ncbi.public",SRX24020438,Spain,Europe,Spain: Valencia,Homo sapiens,NextSeq 550,feces,39.46 N 0.46 W,32_pre_shotgun,PAIRED,unspecified,METAGENOMIC,gut metagenome,ILLUMINA,2024-03-22T00:00:00Z,2024-03-22T08:17:00Z,1,32_pre_shotgun,patient_32_pre_transplant,SRP495415
SRR28415964,WGS,273,682863688,PRJNA1088414,SAMN40573632,Metagenome or environmental,308309819,FISABIO,2016,public,"run.zq,fastq,sra","s3,gs,ncbi","gs.us-east1,ncbi.public,s3.us-east-1",SRX24020437,Spain,Europe,Spain: Valencia,Homo sapiens,NextSeq 550,feces,39.46 N 0.46 W,88_post_shotgun,PAIRED,unspecified,METAGENOMIC,gut metagenome,ILLUMINA,2024-03-22T00:00:00Z,2024-03-22T08:16:00Z,1,88_post_shotgun,patient_88_post_transplant,SRP495415
SRR28415965,WGS,295,2605453849,PRJNA1088414,SAMN40573631,Metagenome or environmental,1195598054,FISABIO,2016,public,"run.zq,fastq,sra","s3,ncbi,gs","s3.us-east-1,ncbi.public,gs.us-east1",SRX24020436,Spain,Europe,Spain: Valencia,Homo sapiens,NextSeq 550,feces,39.46 N 0.46 W,68_post_shotgun,PAIRED,unspecified,METAGENOMIC,gut metagenome,ILLUMINA,2024-03-22T00:00:00Z,2024-03-22T08:18:00Z,1,68_post_shotgun,patient_68_post_transplant,SRP495415
SRR28415966,WGS,297,606875652,PRJNA1088414,SAMN40573630,Metagenome or environmental,280388907,FISABIO,2016,public,"sra,run.zq,fastq","s3,gs,ncbi","ncbi.public,s3.us-east-1,gs.us-east1",SRX24020435,Spain,Europe,Spain: Valencia,Homo sapiens,NextSeq 550,feces,39.46 N 0.46 W,44_post_shotgun,PAIRED,unspecified,METAGENOMIC,gut metagenome,ILLUMINA,2024-03-22T00:00:00Z,2024-03-22T08:16:00Z,1,44_post_shotgun,patient_44_post_transplant,SRP495415
SRR28415967,WGS,293,628643268,PRJNA1088414,SAMN40573629,Metagenome or environmental,290118340,FISABIO,2016,public,"sra,fastq,run.zq","s3,ncbi,gs","ncbi.public,s3.us-east-1,gs.us-east1",SRX24020434,Spain,Europe,Spain: Valencia,Homo sapiens,NextSeq 550,feces,39.46 N 0.46 W,53_post_shotgun,PAIRED,unspecified,METAGENOMIC,gut metagenome,ILLUMINA,2024-03-22T00:00:00Z,2024-03-22T08:16:00Z,1,53_post_shotgun,patient_53_post_transplant,SRP495415
SRR28415968,WGS,298,2889583235,PRJNA1088414,SAMN40573628,Metagenome or environmental,1320762021,FISABIO,2016,public,"sra,fastq,run.zq","s3,gs,ncbi","gs.us-east1,ncbi.public,s3.us-east-1",SRX24020433,Spain,Europe,Spain: Valencia,Homo sapiens,NextSeq 550,feces,39.46 N 0.46 W,98_post_shotgun,PAIRED,unspecified,METAGENOMIC,gut metagenome,ILLUMINA,2024-03-22T00:00:00Z,2024-03-22T08:16:00Z,1,98_post_shotgun,patient_98_post_transplant,SRP495415
SRR28415969,WGS,295,1270401090,PRJNA1088414,SAMN40573627,Metagenome or environmental,581959454,FISABIO,2016,public,"sra,run.zq,fastq","ncbi,s3,gs","gs.us-east1,s3.us-east-1,ncbi.public",SRX24020432,Spain,Europe,Spain: Valencia,Homo sapiens,NextSeq 550,feces,39.46 N 0.46 W,98_pre_shotgun,PAIRED,unspecified,METAGENOMIC,gut metagenome,ILLUMINA,2024-03-22T00:00:00Z,2024-03-22T08:16:00Z,1,98_pre_shotgun,patient_98_pre_transplant,SRP495415
SRR28415970,WGS,293,2360866606,PRJNA1088414,SAMN40573546,Metagenome or environmental,1077661148,FISABIO,2016,public,"sra,run.zq,fastq","s3,gs,ncbi","gs.us-east1,s3.us-east-1,ncbi.public",SRX24020431,Spain,Europe,Spain: Valencia,Homo sapiens,NextSeq 550,feces,39.46 N 0.46 W,39_pre_shotgun,PAIRED,unspecified,METAGENOMIC,gut metagenome,ILLUMINA,2024-03-22T00:00:00Z,2024-03-22T08:18:00Z,1,39_pre_shotgun,patient_39_pre_transplant,SRP495415
SRR28415971,WGS,263,3690308463,PRJNA1088414,SAMN40573626,Metagenome or environmental,1676361130,FISABIO,2016,public,"run.zq,sra,fastq","s3,ncbi,gs","s3.us-east-1,ncbi.public,gs.us-east1",SRX24020430,Spain,Europe,Spain: Valencia,Homo sapiens,NextSeq 550,feces,39.46 N 0.46 W,44_pre_shotgun,PAIRED,unspecified,METAGENOMIC,gut metagenome,ILLUMINA,2024-03-22T00:00:00Z,2024-03-22T08:17:00Z,1,44_pre_shotgun,patient_44_pre_transplant,SRP495415
SRR28415972,WGS,294,1068108772,PRJNA1088414,SAMN40573625,Metagenome or environmental,485240704,FISABIO,2016,public,"sra,fastq,run.zq","ncbi,gs,s3","ncbi.public,s3.us-east-1,gs.us-east1",SRX24020429,Spain,Europe,Spain: Valencia,Homo sapiens,NextSeq 550,feces,39.46 N 0.46 W,88_pre_shotgun,PAIRED,unspecified,METAGENOMIC,gut metagenome,ILLUMINA,2024-03-22T00:00:00Z,2024-03-22T08:15:00Z,1,88_pre_shotgun,patient_88_pre_transplant,SRP495415
SRR28415973,WGS,290,1744921636,PRJNA1088414,SAMN40573624,Metagenome or environmental,794756938,FISABIO,2016,public,"run.zq,fastq,sra","gs,ncbi,s3","ncbi.public,s3.us-east-1,gs.us-east1",SRX24020428,Spain,Europe,Spain: Valencia,Homo sapiens,NextSeq 550,feces,39.46 N 0.46 W,53_pre_shotgun,PAIRED,unspecified,METAGENOMIC,gut metagenome,ILLUMINA,2024-03-22T00:00:00Z,2024-03-22T08:17:00Z,1,53_pre_shotgun,patient_53_pre_transplant,SRP495415
SRR28415974,WGS,275,3695236656,PRJNA1088414,SAMN40573623,Metagenome or environmental,1684375356,FISABIO,2016,public,"sra,fastq,run.zq","ncbi,gs,s3","ncbi.public,s3.us-east-1,gs.us-east1",SRX24020427,Spain,Europe,Spain: Valencia,Homo sapiens,NextSeq 550,feces,39.46 N 0.46 W,68_pre_shotgun,PAIRED,unspecified,METAGENOMIC,gut metagenome,ILLUMINA,2024-03-22T00:00:00Z,2024-03-22T08:18:00Z,1,68_pre_shotgun,patient_68_pre_transplant,SRP495415
SRR28415975,WGS,292,762331989,PRJNA1088414,SAMN40573622,Metagenome or environmental,350081840,FISABIO,2016,public,"fastq,run.zq,sra","ncbi,s3,gs","ncbi.public,gs.us-east1,s3.us-east-1",SRX24020426,Spain,Europe,Spain: Valencia,Homo sapiens,NextSeq 550,feces,39.46 N 0.46 W,84_post_shotgun,PAIRED,unspecified,METAGENOMIC,gut metagenome,ILLUMINA,2024-03-22T00:00:00Z,2024-03-22T08:16:00Z,1,84_post_shotgun,patient_84_post_transplant,SRP495415
SRR28415976,WGS,291,1799193663,PRJNA1088414,SAMN40573621,Metagenome or environmental,820293881,FISABIO,2016,public,"sra,fastq,run.zq","s3,ncbi,gs","ncbi.public,s3.us-east-1,gs.us-east1",SRX24020425,Spain,Europe,Spain: Valencia,Homo sapiens,NextSeq 550,feces,39.46 N 0.46 W,48_post_shotgun,PAIRED,unspecified,METAGENOMIC,gut metagenome,ILLUMINA,2024-03-22T00:00:00Z,2024-03-22T08:16:00Z,1,48_post_shotgun,patient_48_post_transplant,SRP495415
SRR28415977,WGS,283,3614094017,PRJNA1088414,SAMN40573620,Metagenome or environmental,1649184050,FISABIO,2016,public,"fastq,run.zq,sra","s3,ncbi,gs","ncbi.public,s3.us-east-1,gs.us-east1",SRX24020424,Spain,Europe,Spain: Valencia,Homo sapiens,NextSeq 550,feces,39.46 N 0.46 W,56_post_shotgun,PAIRED,unspecified,METAGENOMIC,gut metagenome,ILLUMINA,2024-03-22T00:00:00Z,2024-03-22T08:19:00Z,1,56_post_shotgun,patient_56_post_transplant,SRP495415
SRR28415978,WGS,293,365986725,PRJNA1088414,SAMN40573619,Metagenome or environmental,167369156,FISABIO,2016,public,"sra,fastq,run.zq","ncbi,gs,s3","gs.us-east1,ncbi.public,s3.us-east-1",SRX24020423,Spain,Europe,Spain: Valencia,Homo sapiens,NextSeq 550,feces,39.46 N 0.46 W,74_post_shotgun,PAIRED,unspecified,METAGENOMIC,gut metagenome,ILLUMINA,2024-03-22T00:00:00Z,2024-03-22T08:16:00Z,1,74_post_shotgun,patient_74_post_transplant,SRP495415
SRR28415979,WGS,297,1767787790,PRJNA1088414,SAMN40573618,Metagenome or environmental,810745412,FISABIO,2016,public,"run.zq,sra,fastq","ncbi,gs,s3","s3.us-east-1,ncbi.public,gs.us-east1",SRX24020422,Spain,Europe,Spain: Valencia,Homo sapiens,NextSeq 550,feces,39.46 N 0.46 W,26_post_shotgun,PAIRED,unspecified,METAGENOMIC,gut metagenome,ILLUMINA,2024-03-22T00:00:00Z,2024-03-22T08:17:00Z,1,26_post_shotgun,patient_26_post_transplant,SRP495415
SRR28415980,WGS,290,747133631,PRJNA1088414,SAMN40573617,Metagenome or environmental,339064756,FISABIO,2016,public,"run.zq,fastq,sra","ncbi,s3,gs","ncbi.public,gs.us-east1,s3.us-east-1",SRX24020421,Spain,Europe,Spain: Valencia,Homo sapiens,NextSeq 550,feces,39.46 N 0.46 W,72_post_shotgun,PAIRED,unspecified,METAGENOMIC,gut metagenome,ILLUMINA,2024-03-22T00:00:00Z,2024-03-22T08:15:00Z,1,72_post_shotgun,patient_72_post_transplant,SRP495415
SRR28415981,WGS,295,987018157,PRJNA1088414,SAMN40573545,Metagenome or environmental,454411972,FISABIO,2016,public,"sra,fastq,run.zq","s3,gs,ncbi","ncbi.public,s3.us-east-1,gs.us-east1",SRX24020420,Spain,Europe,Spain: Valencia,Homo sapiens,NextSeq 550,feces,39.46 N 0.46 W,78_pre_shotgun,PAIRED,unspecified,METAGENOMIC,gut metagenome,ILLUMINA,2024-03-22T00:00:00Z,2024-03-22T08:16:00Z,1,78_pre_shotgun,patient_78_pre_transplant,SRP495415
SRR28415982,WGS,291,3260432874,PRJNA1088414,SAMN40573616,Metagenome or environmental,1483635045,FISABIO,2016,public,"run.zq,sra,fastq","gs,s3,ncbi","s3.us-east-1,ncbi.public,gs.us-east1",SRX24020419,Spain,Europe,Spain: Valencia,Homo sapiens,NextSeq 550,feces,39.46 N 0.46 W,76_post_shotgun,PAIRED,unspecified,METAGENOMIC,gut metagenome,ILLUMINA,2024-03-22T00:00:00Z,2024-03-22T08:17:00Z,1,76_post_shotgun,patient_76_post_transplant,SRP495415
SRR28415983,WGS,280,2104174346,PRJNA1088414,SAMN40573615,Metagenome or environmental,959841228,FISABIO,2016,public,"run.zq,sra,fastq","ncbi,gs,s3","ncbi.public,s3.us-east-1,gs.us-east1",SRX24020418,Spain,Europe,Spain: Valencia,Homo sapiens,NextSeq 550,feces,39.46 N 0.46 W,91_post_shotgun,PAIRED,unspecified,METAGENOMIC,gut metagenome,ILLUMINA,2024-03-22T00:00:00Z,2024-03-22T08:18:00Z,1,91_post_shotgun,patient_91_post_transplant,SRP495415
SRR28415984,WGS,265,3404111723,PRJNA1088414,SAMN40573614,Metagenome or environmental,1533781264,FISABIO,2016,public,"sra,fastq,run.zq","s3,gs,ncbi","ncbi.public,gs.us-east1,s3.us-east-1",SRX24020417,Spain,Europe,Spain: Valencia,Homo sapiens,NextSeq 550,feces,39.46 N 0.46 W,60_post_shotgun,PAIRED,unspecified,METAGENOMIC,gut metagenome,ILLUMINA,2024-03-22T00:00:00Z,2024-03-22T08:17:00Z,1,60_post_shotgun,patient_60_post_transplant,SRP495415
SRR28415985,WGS,251,1120621991,PRJNA1088414,SAMN40573613,Metagenome or environmental,502629808,FISABIO,2016,public,"sra,run.zq,fastq","ncbi,s3,gs","gs.us-east1,ncbi.public,s3.us-east-1",SRX24020416,Spain,Europe,Spain: Valencia,Homo sapiens,NextSeq 550,feces,39.46 N 0.46 W,101_post_shotgun,PAIRED,unspecified,METAGENOMIC,gut metagenome,ILLUMINA,2024-03-22T00:00:00Z,2024-03-22T08:16:00Z,1,101_post_shotgun,patient_101_post_transplant,SRP495415
SRR28415986,WGS,292,1097185971,PRJNA1088414,SAMN40573612,Metagenome or environmental,499022302,FISABIO,2016,public,"fastq,sra,run.zq","s3,ncbi,gs","s3.us-east-1,ncbi.public,gs.us-east1",SRX24020415,Spain,Europe,Spain: Valencia,Homo sapiens,NextSeq 550,feces,39.46 N 0.46 W,77_post_shotgun,PAIRED,unspecified,METAGENOMIC,gut metagenome,ILLUMINA,2024-03-22T00:00:00Z,2024-03-22T08:16:00Z,1,77_post_shotgun,patient_77_post_transplant,SRP495415
SRR28415987,WGS,276,2039651930,PRJNA1088414,SAMN40573611,Metagenome or environmental,917174136,FISABIO,2016,public,"sra,run.zq,fastq","gs,s3,ncbi","gs.us-east1,s3.us-east-1,ncbi.public",SRX24020414,Spain,Europe,Spain: Valencia,Homo sapiens,NextSeq 550,feces,39.46 N 0.46 W,96_post_shotgun,PAIRED,unspecified,METAGENOMIC,gut metagenome,ILLUMINA,2024-03-22T00:00:00Z,2024-03-22T08:16:00Z,1,96_post_shotgun,patient_96_post_transplant,SRP495415
SRR28415988,WGS,288,1419765905,PRJNA1088414,SAMN40573610,Metagenome or environmental,645567597,FISABIO,2016,public,"run.zq,fastq,sra","gs,s3,ncbi","ncbi.public,gs.us-east1,s3.us-east-1",SRX24020413,Spain,Europe,Spain: Valencia,Homo sapiens,NextSeq 550,feces,39.46 N 0.46 W,50_post_shotgun,PAIRED,unspecified,METAGENOMIC,gut metagenome,ILLUMINA,2024-03-22T00:00:00Z,2024-03-22T08:16:00Z,1,50_post_shotgun,patient_50_post_transplant,SRP495415
SRR28415989,WGS,285,2446932183,PRJNA1088414,SAMN40573609,Metagenome or environmental,1105087107,FISABIO,2016,public,"run.zq,fastq,sra","ncbi,gs,s3","s3.us-east-1,gs.us-east1,ncbi.public",SRX24020412,Spain,Europe,Spain: Valencia,Homo sapiens,NextSeq 550,feces,39.46 N 0.46 W,26_pre_shotgun,PAIRED,unspecified,METAGENOMIC,gut metagenome,ILLUMINA,2024-03-22T00:00:00Z,2024-03-22T08:17:00Z,1,26_pre_shotgun,patient_26_pre_transplant,SRP495415
SRR28415990,WGS,295,556614194,PRJNA1088414,SAMN40573608,Metagenome or environmental,261130218,FISABIO,2016,public,"fastq,sra,run.zq","gs,s3,ncbi","s3.us-east-1,ncbi.public,gs.us-east1",SRX24020411,Spain,Europe,Spain: Valencia,Homo sapiens,NextSeq 550,feces,39.46 N 0.46 W,91_pre_shotgun,PAIRED,unspecified,METAGENOMIC,gut metagenome,ILLUMINA,2024-03-22T00:00:00Z,2024-03-22T08:16:00Z,1,91_pre_shotgun,patient_91_pre_transplant,SRP495415
SRR28415991,WGS,277,1074799639,PRJNA1088414,SAMN40573607,Metagenome or environmental,486062215,FISABIO,2016,public,"fastq,run.zq,sra","gs,s3,ncbi","gs.us-east1,ncbi.public,s3.us-east-1",SRX24020410,Spain,Europe,Spain: Valencia,Homo sapiens,NextSeq 550,feces,39.46 N 0.46 W,101_pre_shotgun,PAIRED,unspecified,METAGENOMIC,gut metagenome,ILLUMINA,2024-03-22T00:00:00Z,2024-03-22T08:17:00Z,1,101_pre_shotgun,patient_101_pre_transplant,SRP495415
SRR28415992,WGS,286,1354937195,PRJNA1088414,SAMN40573544,Metagenome or environmental,614403260,FISABIO,2016,public,"fastq,run.zq,sra","ncbi,gs,s3","ncbi.public,s3.us-east-1,gs.us-east1",SRX24020409,Spain,Europe,Spain: Valencia,Homo sapiens,NextSeq 550,feces,39.46 N 0.46 W,93_pre_shotgun,PAIRED,unspecified,METAGENOMIC,gut metagenome,ILLUMINA,2024-03-22T00:00:00Z,2024-03-22T08:17:00Z,1,93_pre_shotgun,patient_93_pre_transplant,SRP495415
SRR28415993,WGS,296,1109981492,PRJNA1088414,SAMN40573606,Metagenome or environmental,511151353,FISABIO,2016,public,"fastq,run.zq,sra","gs,s3,ncbi","s3.us-east-1,ncbi.public,gs.us-east1",SRX24020408,Spain,Europe,Spain: Valencia,Homo sapiens,NextSeq 550,feces,39.46 N 0.46 W,74_pre_shotgun,PAIRED,unspecified,METAGENOMIC,gut metagenome,ILLUMINA,2024-03-22T00:00:00Z,2024-03-22T08:16:00Z,1,74_pre_shotgun,patient_74_pre_transplant,SRP495415
SRR28415994,WGS,292,1023396239,PRJNA1088414,SAMN40573636,Metagenome or environmental,464920575,FISABIO,2016,public,"sra,run.zq,fastq","s3,gs,ncbi","ncbi.public,gs.us-east1,s3.us-east-1",SRX24020407,Spain,Europe,Spain: Valencia,Homo sapiens,NextSeq 550,feces,39.46 N 0.46 W,32_post_shotgun,PAIRED,unspecified,METAGENOMIC,gut metagenome,ILLUMINA,2024-03-22T00:00:00Z,2024-03-22T08:17:00Z,1,32_post_shotgun,patient_32_post_transplant,SRP495415
SRR28415995,WGS,287,1552076040,PRJNA1088414,SAMN40573635,Metagenome or environmental,705374872,FISABIO,2016,public,"sra,fastq,run.zq","ncbi,gs,s3","s3.us-east-1,gs.us-east1,ncbi.public",SRX24020406,Spain,Europe,Spain: Valencia,Homo sapiens,NextSeq 550,feces,39.46 N 0.46 W,95_pre_shotgun,PAIRED,unspecified,METAGENOMIC,gut metagenome,ILLUMINA,2024-03-22T00:00:00Z,2024-03-22T08:16:00Z,1,95_pre_shotgun,patient_95_pre_transplant,SRP495415
SRR28415996,WGS,265,8359015252,PRJNA1088414,SAMN40573605,Metagenome or environmental,3792074987,FISABIO,2016,public,"run.zq,sra,fastq","ncbi,gs,s3","ncbi.public,gs.us-east1,s3.us-east-1",SRX24020405,Spain,Europe,Spain: Valencia,Homo sapiens,NextSeq 550,feces,39.46 N 0.46 W,60_pre_shotgun,PAIRED,unspecified,METAGENOMIC,gut metagenome,ILLUMINA,2024-03-22T00:00:00Z,2024-03-22T08:20:00Z,1,60_pre_shotgun,patient_60_pre_transplant,SRP495415
SRR28415997,WGS,288,1096743795,PRJNA1088414,SAMN40573604,Metagenome or environmental,501164941,FISABIO,2016,public,"fastq,sra,run.zq","ncbi,s3,gs","ncbi.public,s3.us-east-1,gs.us-east1",SRX24020404,Spain,Europe,Spain: Valencia,Homo sapiens,NextSeq 550,feces,39.46 N 0.46 W,50_pre_shotgun,PAIRED,unspecified,METAGENOMIC,gut metagenome,ILLUMINA,2024-03-22T00:00:00Z,2024-03-22T08:16:00Z,1,50_pre_shotgun,patient_50_pre_transplant,SRP495415
SRR28415998,WGS,286,1380794733,PRJNA1088414,SAMN40573603,Metagenome or environmental,631515643,FISABIO,2016,public,"run.zq,fastq,sra","gs,ncbi,s3","gs.us-east1,ncbi.public,s3.us-east-1",SRX24020403,Spain,Europe,Spain: Valencia,Homo sapiens,NextSeq 550,feces,39.46 N 0.46 W,76_pre_shotgun,PAIRED,unspecified,METAGENOMIC,gut metagenome,ILLUMINA,2024-03-22T00:00:00Z,2024-03-22T08:18:00Z,1,76_pre_shotgun,patient_76_pre_transplant,SRP495415
SRR28415999,WGS,284,4172617913,PRJNA1088414,SAMN40573602,Metagenome or environmental,1892213098,FISABIO,2016,public,"run.zq,fastq,sra","gs,s3,ncbi","ncbi.public,gs.us-east1,s3.us-east-1",SRX24020402,Spain,Europe,Spain: Valencia,Homo sapiens,NextSeq 550,feces,39.46 N 0.46 W,56_pre_shotgun,PAIRED,unspecified,METAGENOMIC,gut metagenome,ILLUMINA,2024-03-22T00:00:00Z,2024-03-22T08:20:00Z,1,56_pre_shotgun,patient_56_pre_transplant,SRP495415
SRR28416000,WGS,296,3042124805,PRJNA1088414,SAMN40573601,Metagenome or environmental,1393255247,FISABIO,2016,public,"run.zq,sra,fastq","s3,ncbi,gs","gs.us-east1,s3.us-east-1,ncbi.public",SRX24020401,Spain,Europe,Spain: Valencia,Homo sapiens,NextSeq 550,feces,39.46 N 0.46 W,96_pre_shotgun,PAIRED,unspecified,METAGENOMIC,gut metagenome,ILLUMINA,2024-03-22T00:00:00Z,2024-03-22T08:17:00Z,1,96_pre_shotgun,patient_96_pre_transplant,SRP495415
SRR28416001,WGS,294,2657661438,PRJNA1088414,SAMN40573600,Metagenome or environmental,1218180663,FISABIO,2016,public,"fastq,sra,run.zq","s3,gs,ncbi","s3.us-east-1,gs.us-east1,ncbi.public",SRX24020400,Spain,Europe,Spain: Valencia,Homo sapiens,NextSeq 550,feces,39.46 N 0.46 W,72_pre_shotgun,PAIRED,unspecified,METAGENOMIC,gut metagenome,ILLUMINA,2024-03-22T00:00:00Z,2024-03-22T08:17:00Z,1,72_pre_shotgun,patient_72_pre_transplant,SRP495415
SRR28416002,WGS,272,940914548,PRJNA1088414,SAMN40573599,Metagenome or environmental,427793965,FISABIO,2016,public,"sra,run.zq,fastq","ncbi,s3,gs","gs.us-east1,s3.us-east-1,ncbi.public",SRX24020399,Spain,Europe,Spain: Valencia,Homo sapiens,NextSeq 550,feces,39.46 N 0.46 W,84_pre_shotgun,PAIRED,unspecified,METAGENOMIC,gut metagenome,ILLUMINA,2024-03-22T00:00:00Z,2024-03-22T08:16:00Z,1,84_pre_shotgun,patient_84_pre_transplant,SRP495415
SRR28416003,WGS,264,4394683513,PRJNA1088414,SAMN40573598,Metagenome or environmental,1985275257,FISABIO,2016,public,"fastq,sra,run.zq","gs,ncbi,s3","ncbi.public,s3.us-east-1,gs.us-east1",SRX24020398,Spain,Europe,Spain: Valencia,Homo sapiens,NextSeq 550,feces,39.46 N 0.46 W,77_pre_shotgun,PAIRED,unspecified,METAGENOMIC,gut metagenome,ILLUMINA,2024-03-22T00:00:00Z,2024-03-22T08:20:00Z,1,77_pre_shotgun,patient_77_pre_transplant,SRP495415
SRR28416004,WGS,285,1542592588,PRJNA1088414,SAMN40573597,Metagenome or environmental,698718475,FISABIO,2016,public,"sra,fastq,run.zq","ncbi,gs,s3","s3.us-east-1,gs.us-east1,ncbi.public",SRX24020397,Spain,Europe,Spain: Valencia,Homo sapiens,NextSeq 550,feces,39.46 N 0.46 W,48_pre_shotgun,PAIRED,unspecified,METAGENOMIC,gut metagenome,ILLUMINA,2024-03-22T00:00:00Z,2024-03-22T08:18:00Z,1,48_pre_shotgun,patient_48_pre_transplant,SRP495415
SRR28416005,WGS,294,2552202763,PRJNA1088414,SAMN40573543,Metagenome or environmental,1162895756,FISABIO,2016,public,"sra,fastq,run.zq","ncbi,gs,s3","s3.us-east-1,gs.us-east1,ncbi.public",SRX24020396,Spain,Europe,Spain: Valencia,Homo sapiens,NextSeq 550,feces,39.46 N 0.46 W,69_pre_shotgun,PAIRED,unspecified,METAGENOMIC,gut metagenome,ILLUMINA,2024-03-22T00:00:00Z,2024-03-22T08:19:00Z,1,69_pre_shotgun,patient_69_pre_transplant,SRP495415
SRR28416006,WGS,297,909143604,PRJNA1088414,SAMN40573596,Metagenome or environmental,420321810,FISABIO,2016,public,"sra,fastq,run.zq","s3,ncbi,gs","ncbi.public,gs.us-east1,s3.us-east-1",SRX24020395,Spain,Europe,Spain: Valencia,Homo sapiens,NextSeq 550,feces,39.46 N 0.46 W,46_post_shotgun,PAIRED,unspecified,METAGENOMIC,gut metagenome,ILLUMINA,2024-03-22T00:00:00Z,2024-03-22T08:16:00Z,1,46_post_shotgun,patient_46_post_transplant,SRP495415
SRR28416007,WGS,286,2697184013,PRJNA1088414,SAMN40573595,Metagenome or environmental,1222864591,FISABIO,2016,public,"run.zq,sra,fastq","ncbi,s3,gs","ncbi.public,s3.us-east-1,gs.us-east1",SRX24020394,Spain,Europe,Spain: Valencia,Homo sapiens,NextSeq 550,feces,39.46 N 0.46 W,99_post_shotgun,PAIRED,unspecified,METAGENOMIC,gut metagenome,ILLUMINA,2024-03-22T00:00:00Z,2024-03-22T08:19:00Z,1,99_post_shotgun,patient_99_post_transplant,SRP495415
SRR28416008,WGS,292,1716251020,PRJNA1088414,SAMN40573594,Metagenome or environmental,784012229,FISABIO,2016,public,"sra,run.zq,fastq","ncbi,gs,s3","s3.us-east-1,gs.us-east1,ncbi.public",SRX24020393,Spain,Europe,Spain: Valencia,Homo sapiens,NextSeq 550,feces,39.46 N 0.46 W,54_post_shotgun,PAIRED,unspecified,METAGENOMIC,gut metagenome,ILLUMINA,2024-03-22T00:00:00Z,2024-03-22T08:18:00Z,1,54_post_shotgun,patient_54_post_transplant,SRP495415
SRR28416009,WGS,294,2467467666,PRJNA1088414,SAMN40573593,Metagenome or environmental,1125830596,FISABIO,2016,public,"sra,run.zq,fastq","s3,ncbi,gs","gs.us-east1,ncbi.public,s3.us-east-1",SRX24020392,Spain,Europe,Spain: Valencia,Homo sapiens,NextSeq 550,feces,39.46 N 0.46 W,42_post_shotgun,PAIRED,unspecified,METAGENOMIC,gut metagenome,ILLUMINA,2024-03-22T00:00:00Z,2024-03-22T08:17:00Z,1,42_post_shotgun,patient_42_post_transplant,SRP495415
SRR28416010,WGS,297,2056627365,PRJNA1088414,SAMN40573592,Metagenome or environmental,948558797,FISABIO,2016,public,"run.zq,fastq,sra","s3,gs,ncbi","ncbi.public,s3.us-east-1,gs.us-east1",SRX24020391,Spain,Europe,Spain: Valencia,Homo sapiens,NextSeq 550,feces,39.46 N 0.46 W,46_pre_shotgun,PAIRED,unspecified,METAGENOMIC,gut metagenome,ILLUMINA,2024-03-22T00:00:00Z,2024-03-22T08:17:00Z,1,46_pre_shotgun,patient_46_pre_transplant,SRP495415
SRR28416011,WGS,290,1754890541,PRJNA1088414,SAMN40573591,Metagenome or environmental,793553785,FISABIO,2016,public,"fastq,sra,run.zq","ncbi,gs,s3","s3.us-east-1,ncbi.public,gs.us-east1",SRX24020390,Spain,Europe,Spain: Valencia,Homo sapiens,NextSeq 550,feces,39.46 N 0.46 W,99_pre_shotgun,PAIRED,unspecified,METAGENOMIC,gut metagenome,ILLUMINA,2024-03-22T00:00:00Z,2024-03-22T08:17:00Z,1,99_pre_shotgun,patient_99_pre_transplant,SRP495415
SRR28416012,WGS,293,1245482733,PRJNA1088414,SAMN40573590,Metagenome or environmental,570200930,FISABIO,2016,public,"run.zq,fastq,sra","s3,ncbi,gs","s3.us-east-1,ncbi.public,gs.us-east1",SRX24020389,Spain,Europe,Spain: Valencia,Homo sapiens,NextSeq 550,feces,39.46 N 0.46 W,42_pre_shotgun,PAIRED,unspecified,METAGENOMIC,gut metagenome,ILLUMINA,2024-03-22T00:00:00Z,2024-03-22T08:18:00Z,1,42_pre_shotgun,patient_42_pre_transplant,SRP495415
SRR28416013,WGS,291,1241186412,PRJNA1088414,SAMN40573589,Metagenome or environmental,566975586,FISABIO,2016,public,"sra,fastq,run.zq","ncbi,gs,s3","gs.us-east1,s3.us-east-1,ncbi.public",SRX24020388,Spain,Europe,Spain: Valencia,Homo sapiens,NextSeq 550,feces,39.46 N 0.46 W,54_pre_shotgun,PAIRED,unspecified,METAGENOMIC,gut metagenome,ILLUMINA,2024-03-22T00:00:00Z,2024-03-22T08:18:00Z,1,54_pre_shotgun,patient_54_pre_transplant,SRP495415
SRR28416014,WGS,286,1121861739,PRJNA1088414,SAMN40573588,Metagenome or environmental,512783331,FISABIO,2016,public,"run.zq,sra,fastq","s3,ncbi,gs","ncbi.public,gs.us-east1,s3.us-east-1",SRX24020387,Spain,Europe,Spain: Valencia,Homo sapiens,NextSeq 550,feces,39.46 N 0.46 W,81_pre_shotgun,PAIRED,unspecified,METAGENOMIC,gut metagenome,ILLUMINA,2024-03-22T00:00:00Z,2024-03-22T08:16:00Z,1,81_pre_shotgun,patient_81_pre_transplant,SRP495415
SRR28416015,WGS,287,1997624541,PRJNA1088414,SAMN40573587,Metagenome or environmental,916550527,FISABIO,2016,public,"sra,fastq,run.zq","s3,gs,ncbi","ncbi.public,s3.us-east-1,gs.us-east1",SRX24020386,Spain,Europe,Spain: Valencia,Homo sapiens,NextSeq 550,feces,39.46 N 0.46 W,80_post_shotgun,PAIRED,unspecified,METAGENOMIC,gut metagenome,ILLUMINA,2024-03-22T00:00:00Z,2024-03-22T08:18:00Z,1,80_post_shotgun,patient_80_post_transplant,SRP495415
SRR28416016,WGS,296,885614321,PRJNA1088414,SAMN40573542,Metagenome or environmental,405763282,FISABIO,2016,public,"fastq,run.zq,sra","ncbi,s3,gs","s3.us-east-1,gs.us-east1,ncbi.public",SRX24020385,Spain,Europe,Spain: Valencia,Homo sapiens,NextSeq 550,feces,39.46 N 0.46 W,61_pre_shotgun,PAIRED,unspecified,METAGENOMIC,gut metagenome,ILLUMINA,2024-03-22T00:00:00Z,2024-03-22T08:16:00Z,1,61_pre_shotgun,patient_61_pre_transplant,SRP495415
SRR28416017,WGS,293,1390943697,PRJNA1088414,SAMN40573586,Metagenome or environmental,634185143,FISABIO,2016,public,"run.zq,fastq,sra","s3,gs,ncbi","gs.us-east1,s3.us-east-1,ncbi.public",SRX24020384,Spain,Europe,Spain: Valencia,Homo sapiens,NextSeq 550,feces,39.46 N 0.46 W,83_pre_shotgun,PAIRED,unspecified,METAGENOMIC,gut metagenome,ILLUMINA,2024-03-22T00:00:00Z,2024-03-22T08:17:00Z,1,83_pre_shotgun,patient_83_pre_transplant,SRP495415
SRR28416018,WGS,295,776302863,PRJNA1088414,SAMN40573585,Metagenome or environmental,355880802,FISABIO,2016,public,"fastq,sra,run.zq","ncbi,s3,gs","ncbi.public,s3.us-east-1,gs.us-east1",SRX24020383,Spain,Europe,Spain: Valencia,Homo sapiens,NextSeq 550,feces,39.46 N 0.46 W,81_post_shotgun,PAIRED,unspecified,METAGENOMIC,gut metagenome,ILLUMINA,2024-03-22T00:00:00Z,2024-03-22T08:16:00Z,1,81_post_shotgun,patient_81_post_transplant,SRP495415
SRR28416019,WGS,288,1139269877,PRJNA1088414,SAMN40573584,Metagenome or environmental,517755270,FISABIO,2016,public,"run.zq,sra,fastq","s3,gs,ncbi","ncbi.public,gs.us-east1,s3.us-east-1",SRX24020382,Spain,Europe,Spain: Valencia,Homo sapiens,NextSeq 550,feces,39.46 N 0.46 W,86_post_shotgun,PAIRED,unspecified,METAGENOMIC,gut metagenome,ILLUMINA,2024-03-22T00:00:00Z,2024-03-22T08:16:00Z,1,86_post_shotgun,patient_86_post_transplant,SRP495415
SRR28416020,WGS,296,2754335861,PRJNA1088414,SAMN40573583,Metagenome or environmental,1264496166,FISABIO,2016,public,"sra,fastq,run.zq","gs,s3,ncbi","s3.us-east-1,gs.us-east1,ncbi.public",SRX24020381,Spain,Europe,Spain: Valencia,Homo sapiens,NextSeq 550,feces,39.46 N 0.46 W,66_post_shotgun,PAIRED,unspecified,METAGENOMIC,gut metagenome,ILLUMINA,2024-03-22T00:00:00Z,2024-03-22T08:20:00Z,1,66_post_shotgun,patient_66_post_transplant,SRP495415
SRR28416021,WGS,292,935405885,PRJNA1088414,SAMN40573582,Metagenome or environmental,426784285,FISABIO,2016,public,"run.zq,sra,fastq","ncbi,s3,gs","gs.us-east1,ncbi.public,s3.us-east-1",SRX24020380,Spain,Europe,Spain: Valencia,Homo sapiens,NextSeq 550,feces,39.46 N 0.46 W,36_post_shotgun,PAIRED,unspecified,METAGENOMIC,gut metagenome,ILLUMINA,2024-03-22T00:00:00Z,2024-03-22T08:16:00Z,1,36_post_shotgun,patient_36_post_transplant,SRP495415
SRR28416022,WGS,298,936662869,PRJNA1088414,SAMN40573581,Metagenome or environmental,426710901,FISABIO,2016,public,"sra,run.zq,fastq","gs,s3,ncbi","ncbi.public,gs.us-east1,s3.us-east-1",SRX24020379,Spain,Europe,Spain: Valencia,Homo sapiens,NextSeq 550,feces,39.46 N 0.46 W,57_post_shotgun,PAIRED,unspecified,METAGENOMIC,gut metagenome,ILLUMINA,2024-03-22T00:00:00Z,2024-03-22T08:17:00Z,1,57_post_shotgun,patient_57_post_transplant,SRP495415
SRR28416023,WGS,295,892187373,PRJNA1088414,SAMN40573580,Metagenome or environmental,405497506,FISABIO,2016,public,"fastq,sra,run.zq","ncbi,s3,gs","ncbi.public,s3.us-east-1,gs.us-east1",SRX24020378,Spain,Europe,Spain: Valencia,Homo sapiens,NextSeq 550,feces,39.46 N 0.46 W,79_post_shotgun,PAIRED,unspecified,METAGENOMIC,gut metagenome,ILLUMINA,2024-03-22T00:00:00Z,2024-03-22T08:17:00Z,1,79_post_shotgun,patient_79_post_transplant,SRP495415
SRR28416024,WGS,255,144679032,PRJNA1088414,SAMN40573579,Metagenome or environmental,66403144,FISABIO,2016,public,"sra,fastq,run.zq","gs,s3,ncbi","gs.us-east1,s3.us-east-1,ncbi.public",SRX24020377,Spain,Europe,Spain: Valencia,Homo sapiens,NextSeq 550,feces,39.46 N 0.46 W,93_post_shotgun,PAIRED,unspecified,METAGENOMIC,gut metagenome,ILLUMINA,2024-03-22T00:00:00Z,2024-03-22T08:16:00Z,1,93_post_shotgun,patient_93_post_transplant,SRP495415
SRR28416025,WGS,295,462043447,PRJNA1088414,SAMN40573578,Metagenome or environmental,212908842,FISABIO,2016,public,"fastq,sra,run.zq","s3,ncbi,gs","ncbi.public,gs.us-east1,s3.us-east-1",SRX24020376,Spain,Europe,Spain: Valencia,Homo sapiens,NextSeq 550,feces,39.46 N 0.46 W,27_post_shotgun,PAIRED,unspecified,METAGENOMIC,gut metagenome,ILLUMINA,2024-03-22T00:00:00Z,2024-03-22T08:17:00Z,1,27_post_shotgun,patient_27_post_transplant,SRP495415
SRR28416026,WGS,278,770006935,PRJNA1088414,SAMN40573577,Metagenome or environmental,348347096,FISABIO,2016,public,"run.zq,fastq,sra","s3,gs,ncbi","s3.us-east-1,ncbi.public,gs.us-east1",SRX24020375,Spain,Europe,Spain: Valencia,Homo sapiens,NextSeq 550,feces,39.46 N 0.46 W,71_post_shotgun,PAIRED,unspecified,METAGENOMIC,gut metagenome,ILLUMINA,2024-03-22T00:00:00Z,2024-03-22T08:17:00Z,1,71_post_shotgun,patient_71_post_transplant,SRP495415
SRR28416027,WGS,271,6628994331,PRJNA1088414,SAMN40573541,Metagenome or environmental,3037112382,FISABIO,2016,public,"run.zq,fastq,sra","s3,ncbi,gs","ncbi.public,gs.us-east1,s3.us-east-1",SRX24020374,Spain,Europe,Spain: Valencia,Homo sapiens,NextSeq 550,feces,39.46 N 0.46 W,49_pre_shotgun,PAIRED,unspecified,METAGENOMIC,gut metagenome,ILLUMINA,2024-03-22T00:00:00Z,2024-03-22T08:20:00Z,1,49_pre_shotgun,patient_49_pre_transplant,SRP495415
SRR28416028,WGS,293,4086440427,PRJNA1088414,SAMN40573576,Metagenome or environmental,1874163120,FISABIO,2016,public,"fastq,run.zq,sra","s3,ncbi,gs","s3.us-east-1,gs.us-east1,ncbi.public",SRX24020373,Spain,Europe,Spain: Valencia,Homo sapiens,NextSeq 550,feces,39.46 N 0.46 W,55_post_shotgun,PAIRED,unspecified,METAGENOMIC,gut metagenome,ILLUMINA,2024-03-22T00:00:00Z,2024-03-22T08:18:00Z,1,55_post_shotgun,patient_55_post_transplant,SRP495415
SRR28416029,WGS,295,3633482110,PRJNA1088414,SAMN40573575,Metagenome or environmental,1666943997,FISABIO,2016,public,"fastq,sra,run.zq","ncbi,gs,s3","gs.us-east1,s3.us-east-1,ncbi.public",SRX24020372,Spain,Europe,Spain: Valencia,Homo sapiens,NextSeq 550,feces,39.46 N 0.46 W,69_post_shotgun,PAIRED,unspecified,METAGENOMIC,gut metagenome,ILLUMINA,2024-03-22T00:00:00Z,2024-03-22T08:20:00Z,1,69_post_shotgun,patient_69_post_transplant,SRP495415
SRR28416030,WGS,284,2537985213,PRJNA1088414,SAMN40573574,Metagenome or environmental,1146008389,FISABIO,2016,public,"fastq,sra,run.zq","gs,ncbi,s3","gs.us-east1,s3.us-east-1,ncbi.public",SRX24020371,Spain,Europe,Spain: Valencia,Homo sapiens,NextSeq 550,feces,39.46 N 0.46 W,62_post_shotgun,PAIRED,unspecified,METAGENOMIC,gut metagenome,ILLUMINA,2024-03-22T00:00:00Z,2024-03-22T08:18:00Z,1,62_post_shotgun,patient_62_post_transplant,SRP495415
SRR28416031,WGS,249,1583678810,PRJNA1088414,SAMN40573573,Metagenome or environmental,708086432,FISABIO,2016,public,"run.zq,sra,fastq","ncbi,s3,gs","gs.us-east1,ncbi.public,s3.us-east-1",SRX24020370,Spain,Europe,Spain: Valencia,Homo sapiens,NextSeq 550,feces,39.46 N 0.46 W,67_post_shotgun,PAIRED,unspecified,METAGENOMIC,gut metagenome,ILLUMINA,2024-03-22T00:00:00Z,2024-03-22T08:18:00Z,1,67_post_shotgun,patient_67_post_transplant,SRP495415
SRR28416032,WGS,288,2136576715,PRJNA1088414,SAMN40573572,Metagenome or environmental,970589282,FISABIO,2016,public,"sra,run.zq,fastq","ncbi,gs,s3","gs.us-east1,ncbi.public,s3.us-east-1",SRX24020369,Spain,Europe,Spain: Valencia,Homo sapiens,NextSeq 550,feces,39.46 N 0.46 W,59_post_shotgun,PAIRED,unspecified,METAGENOMIC,gut metagenome,ILLUMINA,2024-03-22T00:00:00Z,2024-03-22T08:19:00Z,1,59_post_shotgun,patient_59_post_transplant,SRP495415
SRR28416033,WGS,286,1254656577,PRJNA1088414,SAMN40573571,Metagenome or environmental,564926280,FISABIO,2016,public,"sra,run.zq,fastq","s3,gs,ncbi","gs.us-east1,s3.us-east-1,ncbi.public",SRX24020368,Spain,Europe,Spain: Valencia,Homo sapiens,NextSeq 550,feces,39.46 N 0.46 W,83_post_shotgun,PAIRED,unspecified,METAGENOMIC,gut metagenome,ILLUMINA,2024-03-22T00:00:00Z,2024-03-22T08:17:00Z,1,83_post_shotgun,patient_83_post_transplant,SRP495415
SRR28416034,WGS,295,1422730331,PRJNA1088414,SAMN40573570,Metagenome or environmental,642167294,FISABIO,2016,public,"fastq,sra,run.zq","ncbi,gs,s3","ncbi.public,gs.us-east1,s3.us-east-1",SRX24020367,Spain,Europe,Spain: Valencia,Homo sapiens,NextSeq 550,feces,39.46 N 0.46 W,31_post_shotgun,PAIRED,unspecified,METAGENOMIC,gut metagenome,ILLUMINA,2024-03-22T00:00:00Z,2024-03-22T08:17:00Z,1,31_post_shotgun,patient_31_post_transplant,SRP495415
SRR28416035,WGS,295,657525993,PRJNA1088414,SAMN40573569,Metagenome or environmental,302015412,FISABIO,2016,public,"fastq,sra,run.zq","s3,gs,ncbi","gs.us-east1,s3.us-east-1,ncbi.public",SRX24020366,Spain,Europe,Spain: Valencia,Homo sapiens,NextSeq 550,feces,39.46 N 0.46 W,45_post_shotgun,PAIRED,unspecified,METAGENOMIC,gut metagenome,ILLUMINA,2024-03-22T00:00:00Z,2024-03-22T08:16:00Z,1,45_post_shotgun,patient_45_post_transplant,SRP495415
SRR28416036,WGS,294,2537670120,PRJNA1088414,SAMN40573568,Metagenome or environmental,1158387909,FISABIO,2016,public,"fastq,sra,run.zq","gs,s3,ncbi","s3.us-east-1,gs.us-east1,ncbi.public",SRX24020365,Spain,Europe,Spain: Valencia,Homo sapiens,NextSeq 550,feces,39.46 N 0.46 W,78_post_shotgun,PAIRED,unspecified,METAGENOMIC,gut metagenome,ILLUMINA,2024-03-22T00:00:00Z,2024-03-22T08:19:00Z,1,78_post_shotgun,patient_78_post_transplant,SRP495415
SRR28416037,WGS,225,3689246560,PRJNA1088414,SAMN40573567,Metagenome or environmental,1676427061,FISABIO,2016,public,"sra,run.zq,fastq","gs,s3,ncbi","ncbi.public,gs.us-east1,s3.us-east-1",SRX24020364,Spain,Europe,Spain: Valencia,Homo sapiens,NextSeq 550,feces,39.46 N 0.46 W,58_post_shotgun,PAIRED,unspecified,METAGENOMIC,gut metagenome,ILLUMINA,2024-03-22T00:00:00Z,2024-03-22T08:18:00Z,1,58_post_shotgun,patient_58_post_transplant,SRP495415
SRR28416038,WGS,294,849409865,PRJNA1088414,SAMN40573540,Metagenome or environmental,389257545,FISABIO,2016,public,"fastq,sra,run.zq","ncbi,gs,s3","ncbi.public,gs.us-east1,s3.us-east-1",SRX24020363,Spain,Europe,Spain: Valencia,Homo sapiens,NextSeq 550,feces,39.46 N 0.46 W,64_pre_shotgun,PAIRED,unspecified,METAGENOMIC,gut metagenome,ILLUMINA,2024-03-22T00:00:00Z,2024-03-22T08:17:00Z,1,64_pre_shotgun,patient_64_pre_transplant,SRP495415
SRR28416039,WGS,275,4393946664,PRJNA1088414,SAMN40573566,Metagenome or environmental,1985594455,FISABIO,2016,public,"sra,fastq,run.zq","gs,ncbi,s3","gs.us-east1,ncbi.public,s3.us-east-1",SRX24020362,Spain,Europe,Spain: Valencia,Homo sapiens,NextSeq 550,feces,39.46 N 0.46 W,34_post_shotgun,PAIRED,unspecified,METAGENOMIC,gut metagenome,ILLUMINA,2024-03-22T00:00:00Z,2024-03-22T08:21:00Z,1,34_post_shotgun,patient_34_post_transplant,SRP495415
SRR28416040,WGS,295,3202835761,PRJNA1088414,SAMN40573565,Metagenome or environmental,1463641197,FISABIO,2016,public,"sra,fastq,run.zq","gs,s3,ncbi","gs.us-east1,s3.us-east-1,ncbi.public",SRX24020361,Spain,Europe,Spain: Valencia,Homo sapiens,NextSeq 550,feces,39.46 N 0.46 W,39_post_shotgun,PAIRED,unspecified,METAGENOMIC,gut metagenome,ILLUMINA,2024-03-22T00:00:00Z,2024-03-22T08:19:00Z,1,39_post_shotgun,patient_39_post_transplant,SRP495415
SRR28416041,WGS,230,996401779,PRJNA1088414,SAMN40573564,Metagenome or environmental,446686274,FISABIO,2016,public,"run.zq,fastq,sra","gs,ncbi,s3","s3.us-east-1,gs.us-east1,ncbi.public",SRX24020360,Spain,Europe,Spain: Valencia,Homo sapiens,NextSeq 550,feces,39.46 N 0.46 W,31_pre_shotgun,PAIRED,unspecified,METAGENOMIC,gut metagenome,ILLUMINA,2024-03-22T00:00:00Z,2024-03-22T08:17:00Z,1,31_pre_shotgun,patient_31_pre_transplant,SRP495415
SRR28416042,WGS,286,3246545183,PRJNA1088414,SAMN40573563,Metagenome or environmental,1478451602,FISABIO,2016,public,"sra,run.zq,fastq","ncbi,s3,gs","gs.us-east1,ncbi.public,s3.us-east-1",SRX24020359,Spain,Europe,Spain: Valencia,Homo sapiens,NextSeq 550,feces,39.46 N 0.46 W,86_pre_shotgun,PAIRED,unspecified,METAGENOMIC,gut metagenome,ILLUMINA,2024-03-22T00:00:00Z,2024-03-22T08:19:00Z,1,86_pre_shotgun,patient_86_pre_transplant,SRP495415
SRR28416043,WGS,291,1320637852,PRJNA1088414,SAMN40573562,Metagenome or environmental,601841300,FISABIO,2016,public,"fastq,sra,run.zq","s3,gs,ncbi","ncbi.public,s3.us-east-1,gs.us-east1",SRX24020358,Spain,Europe,Spain: Valencia,Homo sapiens,NextSeq 550,feces,39.46 N 0.46 W,59_pre_shotgun,PAIRED,unspecified,METAGENOMIC,gut metagenome,ILLUMINA,2024-03-22T00:00:00Z,2024-03-22T08:17:00Z,1,59_pre_shotgun,patient_59_pre_transplant,SRP495415
SRR28416044,WGS,262,4782761416,PRJNA1088414,SAMN40573561,Metagenome or environmental,2153487815,FISABIO,2016,public,"sra,fastq,run.zq","gs,ncbi,s3","s3.us-east-1,gs.us-east1,ncbi.public",SRX24020357,Spain,Europe,Spain: Valencia,Homo sapiens,NextSeq 550,feces,39.46 N 0.46 W,34_pre_shotgun,PAIRED,unspecified,METAGENOMIC,gut metagenome,ILLUMINA,2024-03-22T00:00:00Z,2024-03-22T08:18:00Z,1,34_pre_shotgun,patient_34_pre_transplant,SRP495415
SRR28416045,WGS,284,4422989279,PRJNA1088414,SAMN40573560,Metagenome or environmental,2023159516,FISABIO,2016,public,"fastq,run.zq,sra","gs,s3,ncbi","s3.us-east-1,ncbi.public,gs.us-east1",SRX24020356,Spain,Europe,Spain: Valencia,Homo sapiens,NextSeq 550,feces,39.46 N 0.46 W,45_pre_shotgun,PAIRED,unspecified,METAGENOMIC,gut metagenome,ILLUMINA,2024-03-22T00:00:00Z,2024-03-22T08:20:00Z,1,45_pre_shotgun,patient_45_pre_transplant,SRP495415
SRR28416046,WGS,295,1069382804,PRJNA1088414,SAMN40573559,Metagenome or environmental,490229650,FISABIO,2016,public,"fastq,run.zq,sra","ncbi,gs,s3","ncbi.public,gs.us-east1,s3.us-east-1",SRX24020355,Spain,Europe,Spain: Valencia,Homo sapiens,NextSeq 550,feces,39.46 N 0.46 W,70_pre_shotgun,PAIRED,unspecified,METAGENOMIC,gut metagenome,ILLUMINA,2024-03-22T00:00:00Z,2024-03-22T08:17:00Z,1,70_pre_shotgun,patient_70_pre_transplant,SRP495415
SRR28416047,WGS,267,24870470739,PRJNA1088414,SAMN40573558,Metagenome or environmental,11142990880,FISABIO,2016,public,"sra,fastq,run.zq","ncbi,gs,s3","gs.us-east1,ncbi.public,s3.us-east-1",SRX24020354,Spain,Europe,Spain: Valencia,Homo sapiens,NextSeq 550,feces,39.46 N 0.46 W,36_pre_shotgun,PAIRED,unspecified,METAGENOMIC,gut metagenome,ILLUMINA,2024-03-22T00:00:00Z,2024-03-22T08:37:00Z,1,36_pre_shotgun,patient_36_pre_transplant,SRP495415
SRR28416048,WGS,276,9767249261,PRJNA1088414,SAMN40573557,Metagenome or environmental,4386587267,FISABIO,2016,public,"fastq,run.zq,sra","s3,ncbi,gs","s3.us-east-1,gs.us-east1,ncbi.public",SRX24020353,Spain,Europe,Spain: Valencia,Homo sapiens,NextSeq 550,feces,39.46 N 0.46 W,67_pre_shotgun,PAIRED,unspecified,METAGENOMIC,gut metagenome,ILLUMINA,2024-03-22T00:00:00Z,2024-03-22T08:28:00Z,1,67_pre_shotgun,patient_67_pre_transplant,SRP495415
SRR28416049,WGS,274,690970032,PRJNA1088414,SAMN40573539,Metagenome or environmental,312499305,FISABIO,2016,public,"run.zq,fastq,sra","gs,ncbi,s3","s3.us-east-1,ncbi.public,gs.us-east1",SRX24020352,Spain,Europe,Spain: Valencia,Homo sapiens,NextSeq 550,feces,39.46 N 0.46 W,94_post_shotgun,PAIRED,unspecified,METAGENOMIC,gut metagenome,ILLUMINA,2024-03-22T00:00:00Z,2024-03-22T08:16:00Z,1,94_post_shotgun,patient_94_post_transplant,SRP495415
SRR28416050,WGS,272,4031840156,PRJNA1088414,SAMN40573556,Metagenome or environmental,1835256164,FISABIO,2016,public,"run.zq,sra,fastq","gs,s3,ncbi","gs.us-east1,ncbi.public,s3.us-east-1",SRX24020351,Spain,Europe,Spain: Valencia,Homo sapiens,NextSeq 550,feces,39.46 N 0.46 W,27_pre_shotgun,PAIRED,unspecified,METAGENOMIC,gut metagenome,ILLUMINA,2024-03-22T00:00:00Z,2024-03-22T08:19:00Z,1,27_pre_shotgun,patient_27_pre_transplant,SRP495415
SRR28416051,WGS,283,1287304779,PRJNA1088414,SAMN40573555,Metagenome or environmental,580518320,FISABIO,2016,public,"run.zq,fastq,sra","ncbi,s3,gs","s3.us-east-1,ncbi.public,gs.us-east1",SRX24020350,Spain,Europe,Spain: Valencia,Homo sapiens,NextSeq 550,feces,39.46 N 0.46 W,66_pre_shotgun,PAIRED,unspecified,METAGENOMIC,gut metagenome,ILLUMINA,2024-03-22T00:00:00Z,2024-03-22T08:17:00Z,1,66_pre_shotgun,patient_66_pre_transplant,SRP495415
SRR28416052,WGS,296,1335041787,PRJNA1088414,SAMN40573554,Metagenome or environmental,610349022,FISABIO,2016,public,"sra,run.zq,fastq","ncbi,gs,s3","gs.us-east1,s3.us-east-1,ncbi.public",SRX24020349,Spain,Europe,Spain: Valencia,Homo sapiens,NextSeq 550,feces,39.46 N 0.46 W,62_pre_shotgun,PAIRED,unspecified,METAGENOMIC,gut metagenome,ILLUMINA,2024-03-22T00:00:00Z,2024-03-22T08:18:00Z,1,62_pre_shotgun,patient_62_pre_transplant,SRP495415
SRR28416053,WGS,291,1119403819,PRJNA1088414,SAMN40573553,Metagenome or environmental,513000622,FISABIO,2016,public,"fastq,sra,run.zq","gs,s3,ncbi","s3.us-east-1,ncbi.public,gs.us-east1",SRX24020348,Spain,Europe,Spain: Valencia,Homo sapiens,NextSeq 550,feces,39.46 N 0.46 W,80_pre_shotgun,PAIRED,unspecified,METAGENOMIC,gut metagenome,ILLUMINA,2024-03-22T00:00:00Z,2024-03-22T08:17:00Z,1,80_pre_shotgun,patient_80_pre_transplant,SRP495415
SRR28416054,WGS,291,1267162728,PRJNA1088414,SAMN40573552,Metagenome or environmental,581872299,FISABIO,2016,public,"run.zq,sra,fastq","s3,gs,ncbi","gs.us-east1,ncbi.public,s3.us-east-1",SRX24020347,Spain,Europe,Spain: Valencia,Homo sapiens,NextSeq 550,feces,39.46 N 0.46 W,79_pre_shotgun,PAIRED,unspecified,METAGENOMIC,gut metagenome,ILLUMINA,2024-03-22T00:00:00Z,2024-03-22T08:17:00Z,1,79_pre_shotgun,patient_79_pre_transplant,SRP495415
SRR28416055,WGS,294,1417570356,PRJNA1088414,SAMN40573551,Metagenome or environmental,647295088,FISABIO,2016,public,"run.zq,fastq,sra","gs,ncbi,s3","s3.us-east-1,gs.us-east1,ncbi.public",SRX24020346,Spain,Europe,Spain: Valencia,Homo sapiens,NextSeq 550,feces,39.46 N 0.46 W,71_pre_shotgun,PAIRED,unspecified,METAGENOMIC,gut metagenome,ILLUMINA,2024-03-22T00:00:00Z,2024-03-22T08:17:00Z,1,71_pre_shotgun,patient_71_pre_transplant,SRP495415
SRR28416056,WGS,263,2531004376,PRJNA1088414,SAMN40573550,Metagenome or environmental,1136441947,FISABIO,2016,public,"run.zq,sra,fastq","gs,ncbi,s3","ncbi.public,s3.us-east-1,gs.us-east1",SRX24020345,Spain,Europe,Spain: Valencia,Homo sapiens,NextSeq 550,feces,39.46 N 0.46 W,58_pre_shotgun,PAIRED,unspecified,METAGENOMIC,gut metagenome,ILLUMINA,2024-03-22T00:00:00Z,2024-03-22T08:19:00Z,1,58_pre_shotgun,patient_58_pre_transplant,SRP495415
SRR28416057,WGS,285,1965418143,PRJNA1088414,SAMN40573549,Metagenome or environmental,890671227,FISABIO,2016,public,"fastq,run.zq,sra","s3,gs,ncbi","ncbi.public,gs.us-east1,s3.us-east-1",SRX24020344,Spain,Europe,Spain: Valencia,Homo sapiens,NextSeq 550,feces,39.46 N 0.46 W,55_pre_shotgun,PAIRED,unspecified,METAGENOMIC,gut metagenome,ILLUMINA,2024-03-22T00:00:00Z,2024-03-22T08:18:00Z,1,55_pre_shotgun,patient_55_pre_transplant,SRP495415
SRR28416058,WGS,294,2572309938,PRJNA1088414,SAMN40573548,Metagenome or environmental,1181009524,FISABIO,2016,public,"fastq,sra,run.zq","ncbi,s3,gs","ncbi.public,s3.us-east-1,gs.us-east1",SRX24020343,Spain,Europe,Spain: Valencia,Homo sapiens,NextSeq 550,feces,39.46 N 0.46 W,57_pre_shotgun,PAIRED,unspecified,METAGENOMIC,gut metagenome,ILLUMINA,2024-03-22T00:00:00Z,2024-03-22T08:19:00Z,1,57_pre_shotgun,patient_57_pre_transplant,SRP495415
SRR28416059,WGS,297,1034072325,PRJNA1088414,SAMN40573638,Metagenome or environmental,473736288,FISABIO,2016,public,"fastq,run.zq,sra","s3,ncbi,gs","s3.us-east-1,ncbi.public,gs.us-east1",SRX24020342,Spain,Europe,Spain: Valencia,Homo sapiens,NextSeq 550,feces,39.46 N 0.46 W,90_post_shotgun,PAIRED,unspecified,METAGENOMIC,gut metagenome,ILLUMINA,2024-03-22T00:00:00Z,2024-03-22T08:17:00Z,1,90_post_shotgun,patient_90_post_transplant,SRP495415
SRR28416060,WGS,293,3887416599,PRJNA1088414,SAMN40573637,Metagenome or environmental,1770413991,FISABIO,2016,public,"sra,fastq,run.zq","s3,ncbi,gs","gs.us-east1,s3.us-east-1,ncbi.public",SRX24020341,Spain,Europe,Spain: Valencia,Homo sapiens,NextSeq 550,feces,39.46 N 0.46 W,65_post_shotgun,PAIRED,unspecified,METAGENOMIC,gut metagenome,ILLUMINA,2024-03-22T00:00:00Z,2024-03-22T08:20:00Z,1,65_post_shotgun,patient_65_post_transplant,SRP495415
SRR28416061,WGS,263,3651986071,PRJNA1088414,SAMN40573547,Metagenome or environmental,1668701570,FISABIO,2016,public,"fastq,run.zq,sra","s3,gs,ncbi","ncbi.public,gs.us-east1,s3.us-east-1",SRX24020340,Spain,Europe,Spain: Valencia,Homo sapiens,NextSeq 550,feces,39.46 N 0.46 W,40_pre_shotgun,PAIRED,unspecified,METAGENOMIC,gut metagenome,ILLUMINA,2024-03-22T00:00:00Z,2024-03-22T08:19:00Z,1,40_pre_shotgun,patient_40_pre_transplant,SRP495415
SRR28416062,WGS,289,171869386,PRJNA1088414,SAMN40573538,Metagenome or environmental,78500522,FISABIO,2016,public,"sra,fastq,run.zq","ncbi,s3,gs","s3.us-east-1,ncbi.public,gs.us-east1",SRX24020339,Spain,Europe,Spain: Valencia,Homo sapiens,NextSeq 550,feces,39.46 N 0.46 W,82_post_shotgun,PAIRED,unspecified,METAGENOMIC,gut metagenome,ILLUMINA,2024-03-22T00:00:00Z,2024-03-22T08:19:00Z,1,82_post_shotgun,patient_82_post_transplant,SRP495415
SRR28416063,WGS,297,1816444475,PRJNA1088414,SAMN40573537,Metagenome or environmental,837684414,FISABIO,2016,public,"sra,run.zq,fastq","gs,ncbi,s3","ncbi.public,gs.us-east1,s3.us-east-1",SRX24020338,Spain,Europe,Spain: Valencia,Homo sapiens,NextSeq 550,feces,39.46 N 0.46 W,100_post_shotgun,PAIRED,unspecified,METAGENOMIC,gut metagenome,ILLUMINA,2024-03-22T00:00:00Z,2024-03-22T08:21:00Z,1,100_post_shotgun,patient_100_post_transplant,SRP495415
